ENCODED_MCT,MCT_BSE_AR,MCT_NM,MCT_BRD_NUM,MCT_SIGUNGU_NM,HPSN_MCT_ZCD_NM,HPSN_MCT_BZN_CD_NM,ARE_D,MCT_ME_D,latitude,longitude,geocoding_status,district,TRDAR_SE_C,TRDAR_SE_1,TRDAR_CD,TRDAR_CD_N,XCNTS_VALU,YDNTS_VALU,SIGNGU_CD,SIGNGU_CD_,ADSTRD_CD,ADSTRD_CD_,RELM_AR
D333ECD384,서울 성동구 장터길 49,은하*,,서울 성동구,룸살롱/단란주점,금남시장,20050913,,37.5483899,127.0213868,success,성동구,R,전통시장,"3130064",금남시장,201970,449892,"11200",성동구,"11200615",금호2·3가동,11274
AC70EA0FCD,서울  성동구  금호산2길,중화*,,서울 성동구,중식당,금남시장,20150619,,37.5487644,127.022658,success,성동구,R,전통시장,"3130064",금남시장,201970,449892,"11200",성동구,"11200615",금호2·3가동,11274
278EA7FDDE,서울 성동구 장터5길 4-1.,중화*****,,서울 성동구,중식당,금남시장,20130910,,37.5486926,127.0213945,success,성동구,R,전통시장,"3130064",금남시장,201970,449892,"11200",성동구,"11200615",금호2·3가동,11274
92D902E4D5,서울 성동구 금호산2길 30.,금호**,,서울 성동구,축산물,금남시장,20140911,,37.5488042,127.0227381,success,성동구,R,전통시장,"3130064",금남시장,201970,449892,"11200",성동구,"11200615",금호2·3가동,11274
33E9701118,서울 성동구 금호산2길 30-1,희*,,서울 성동구,한식-단품요리일반,금남시장,20101006,,37.5487537,127.0227633,success,성동구,R,전통시장,"3130064",금남시장,201970,449892,"11200",성동구,"11200615",금호2·3가동,11274
68EF8A24E8,서울 성동구 독서당로 303-6,왕칼**,,서울 성동구,한식-국수/만두,금남시장,20100423,,37.5484492,127.0228636,success,성동구,R,전통시장,"3130064",금남시장,201970,449892,"11200",성동구,"11200615",금호2·3가동,11274
B7BB25BF59,서울 성동구 독서당로 307-1,지연****,,서울 성동구,룸살롱/단란주점,금남시장,20030113,,37.5483616,127.0230464,success,성동구,R,전통시장,"3130064",금남시장,201970,449892,"11200",성동구,"11200615",금호2·3가동,11274
4E94D459E2,서울 성동구 금호산2길 20-1.,원조***,,서울 성동구,한식-국수/만두,금남시장,20080507,,37.5487853,127.0218362,success,성동구,R,전통시장,"3130064",금남시장,201970,449892,"11200",성동구,"11200615",금호2·3가동,11274
D1BD109F16,서울 성동구 금호산2길 22-1.,맛있***,,서울 성동구,요리주점,금남시장,20141202,,37.5487983,127.0220938,success,성동구,R,전통시장,"3130064",금남시장,201970,449892,"11200",성동구,"11200615",금호2·3가동,11274
CC9BA90614,서울 성동구 금호산2길 22-6.,수랏*,,서울 성동구,식료품,금남시장,20161109,,37.5487251,127.0218341,success,성동구,R,전통시장,"3130064",금남시장,201970,449892,"11200",성동구,"11200615",금호2·3가동,11274
90224EC511,서울 성동구 금호산2길 26-1.,뽀빠***,,서울 성동구,치킨,금남시장,20131113,,37.5488502,127.0223886,success,성동구,R,전통시장,"3130064",금남시장,201970,449892,"11200",성동구,"11200615",금호2·3가동,11274
644FD8375A,서울 성동구 독서당로 295-7.,골목**,,서울 성동구,한식-냉면,금남시장,20121128,,37.548556,127.0219894,success,성동구,R,전통시장,"3130064",금남시장,201970,449892,"11200",성동구,"11200615",금호2·3가동,11274
A1EFA7F3A4,서울 성동구 독서당로 297-1.,신세***,,서울 성동구,반찬,금남시장,20140613,,37.548359,127.0221712,success,성동구,R,전통시장,"3130064",금남시장,201970,449892,"11200",성동구,"11200615",금호2·3가동,11274
E0A583DB58,서울 성동구 독서당로 297-3.,카페***,,서울 성동구,카페,금남시장,20220405,,37.5483776,127.0221173,success,성동구,R,전통시장,"3130064",금남시장,201970,449892,"11200",성동구,"11200615",금호2·3가동,11274
A1FFD25FC7,서울 성동구 독서당로 301-5.,이가***,,서울 성동구,한식-육류/고기,금남시장,20020513,,37.5484374,127.0225877,success,성동구,R,전통시장,"3130064",금남시장,201970,449892,"11200",성동구,"11200615",금호2·3가동,11274
C81BDB335C,서울 성동구 독서당로 301-93,고향**,,서울 성동구,한식-냉면,금남시장,20010521,,37.5487936,127.0223626,success,성동구,R,전통시장,"3130064",금남시장,201970,449892,"11200",성동구,"11200615",금호2·3가동,11274
78A451E785,서울 성동구 독서당로 303-16,도담***,,서울 성동구,한식-육류/고기,금남시장,20070426,,37.5486148,127.0229206,success,성동구,R,전통시장,"3130064",금남시장,201970,449892,"11200",성동구,"11200615",금호2·3가동,11274
438D6C2A0C,서울 성동구 독서당로 303-17,미우*,,서울 성동구,한식-단품요리일반,금남시장,20110331,,37.5487082,127.0227388,success,성동구,R,전통시장,"3130064",금남시장,201970,449892,"11200",성동구,"11200615",금호2·3가동,11274
65E5572C9F,서울 성동구 독서당로 303-3.,장군*******,,서울 성동구,한식-해물/생선,금남시장,20161129,,37.5483816,127.0227083,success,성동구,R,전통시장,"3130064",금남시장,201970,449892,"11200",성동구,"11200615",금호2·3가동,11274
ED9B54E9A4,서울 성동구 독서당로 303-4.,금호***,,서울 성동구,건강원,금남시장,20211102,,37.5484001,127.0228618,success,성동구,R,전통시장,"3130064",금남시장,201970,449892,"11200",성동구,"11200615",금호2·3가동,11274
8D2F0E9170,서울 성동구 독서당로 303-9.,희동**,,서울 성동구,한식-단품요리일반,금남시장,20150615,,37.5485048,127.0227261,success,성동구,R,전통시장,"3130064",금남시장,201970,449892,"11200",성동구,"11200615",금호2·3가동,11274
CDFDDEE207,서울특별시 성동구 장터5길 4,이모****,,서울 성동구,한식-단품요리일반,금남시장,20221221,,37.5486196,127.0214022,success,성동구,R,전통시장,"3130064",금남시장,201970,449892,"11200",성동구,"11200615",금호2·3가동,11274
96694B7FF6,서울특별시 성동구 장터길 51,킨토*,,서울 성동구,일식당,금남시장,20240514,,37.5484412,127.0216765,success,성동구,R,전통시장,"3130064",금남시장,201970,449892,"11200",성동구,"11200615",금호2·3가동,11274
A9C97F11F5,서울특별시 성동구 장터길 51,수철*,,서울 성동구,한식-단품요리일반,금남시장,20240912,,37.5484412,127.0216765,success,성동구,R,전통시장,"3130064",금남시장,201970,449892,"11200",성동구,"11200615",금호2·3가동,11274
502658D9C9,서울 성동구 금호산2길 22-10.,금호**,,서울 성동구,카페,금남시장,20180430,,37.5486542,127.0218369,success,성동구,R,전통시장,"3130064",금남시장,201970,449892,"11200",성동구,"11200615",금호2·3가동,11274
B7970DDBAC,서울 성동구 독서당로 301-59.,알뜰**,,서울 성동구,건어물,금남시장,20150203,,37.5486728,127.0223919,success,성동구,R,전통시장,"3130064",금남시장,201970,449892,"11200",성동구,"11200615",금호2·3가동,11274
521E3795E3,서울 성동구 독서당로 303-10.,해밀**,,서울 성동구,백반/가정식,금남시장,20090907,,37.5485024,127.0229088,success,성동구,R,전통시장,"3130064",금남시장,201970,449892,"11200",성동구,"11200615",금호2·3가동,11274
46AC67DA98,서울특별시 성동구 금호산2길 18,금남*,,서울 성동구,요리주점,금남시장,20200603,,37.5487819,127.0215225,success,성동구,R,전통시장,"3130064",금남시장,201970,449892,"11200",성동구,"11200615",금호2·3가동,11274
2DAF105D58,서울특별시 성동구 금호산2길 20,쾌걸***,,서울 성동구,한식-해물/생선,금남시장,20211130,,37.5487774,127.0216717,success,성동구,R,전통시장,"3130064",금남시장,201970,449892,"11200",성동구,"11200615",금호2·3가동,11274
A0615EE5D9,서울특별시 성동구 금호산2길 24,제이*****,,서울 성동구,한식-단품요리일반,금남시장,20231005,,37.5488038,127.022193,success,성동구,R,전통시장,"3130064",금남시장,201970,449892,"11200",성동구,"11200615",금호2·3가동,11274
AB86B46958,서울특별시 성동구 금호산2길 26,호남**,,서울 성동구,축산물,금남시장,20230628,,37.5488557,127.0223553,success,성동구,R,전통시장,"3130064",금남시장,201970,449892,"11200",성동구,"11200615",금호2·3가동,11274
4067FB5604,서울특별시 성동구 장터5길 2-15,립서**,,서울 성동구,백반/가정식,금남시장,20221011,,37.5485358,127.0216876,success,성동구,R,전통시장,"3130064",금남시장,201970,449892,"11200",성동구,"11200615",금호2·3가동,11274
BA69E3CDB0,서울특별시 성동구 금호산2길 18-1,화락***********,,서울 성동구,치킨,금남시장,20240326,,37.5487815,127.0216003,success,성동구,R,전통시장,"3130064",금남시장,201970,449892,"11200",성동구,"11200615",금호2·3가동,11274
B03818B768,서울특별시 성동구 금호산2길 26-3,스시**,,서울 성동구,일식당,금남시장,20210308,,37.5488694,127.0224839,success,성동구,R,전통시장,"3130064",금남시장,201970,449892,"11200",성동구,"11200615",금호2·3가동,11274
6F534D5C41,서울특별시 성동구 금호산2길 28-2,콩나******,,서울 성동구,백반/가정식,금남시장,20180115,,37.5488444,127.022657,success,성동구,R,전통시장,"3130064",금남시장,201970,449892,"11200",성동구,"11200615",금호2·3가동,11274
F1A467E06E,서울특별시 성동구 독서당로 293-8,한마*******,,서울 성동구,한식-육류/고기,금남시장,20241202,,37.5485579,127.0218408,success,성동구,R,전통시장,"3130064",금남시장,201970,449892,"11200",성동구,"11200615",금호2·3가동,11274
A8934A6565,서울특별시 성동구 독서당로 295-1,얌*,분식14,서울 성동구,분식,금남시장,20221006,,37.5483874,127.0219663,success,성동구,R,전통시장,"3130064",금남시장,201970,449892,"11200",성동구,"11200615",금호2·3가동,11274
F72B20D757,서울특별시 성동구 독서당로 295-1,타탄*****************,,서울 성동구,한식-단품요리일반,금남시장,20230525,,37.5483874,127.0219663,success,성동구,R,전통시장,"3130064",금남시장,201970,449892,"11200",성동구,"11200615",금호2·3가동,11274
1B13E9E623,서울특별시 성동구 독서당로 295-5,무수*,,서울 성동구,양식,금남시장,20240513,,37.5484662,127.0219069,success,성동구,R,전통시장,"3130064",금남시장,201970,449892,"11200",성동구,"11200615",금호2·3가동,11274
"078E739D39",서울특별시 성동구 독서당로 295-5,골목**,,서울 성동구,포장마차,금남시장,20231010,,37.5484662,127.0219069,success,성동구,R,전통시장,"3130064",금남시장,201970,449892,"11200",성동구,"11200615",금호2·3가동,11274
C9FF8B2E0B,서울특별시 성동구 독서당로 295-5,엄마*****,,서울 성동구,한식-찌개/전골,금남시장,20231025,,37.5484662,127.0219069,success,성동구,R,전통시장,"3130064",금남시장,201970,449892,"11200",성동구,"11200615",금호2·3가동,11274
EFB11372BE,서울특별시 성동구 독서당로 297-2,호호***,,서울 성동구,분식,금남시장,20240829,,37.5483728,127.0223019,success,성동구,R,전통시장,"3130064",금남시장,201970,449892,"11200",성동구,"11200615",금호2·3가동,11274
F0879D5E1E,서울특별시 성동구 독서당로 297-2,금대***,,서울 성동구,축산물,금남시장,20201202,,37.5483728,127.0223019,success,성동구,R,전통시장,"3130064",금남시장,201970,449892,"11200",성동구,"11200615",금호2·3가동,11274
CA81C3788D,서울특별시 성동구 독서당로 297-3,반도***,,서울 성동구,농산물,금남시장,20190129,,37.5483776,127.0221173,success,성동구,R,전통시장,"3130064",금남시장,201970,449892,"11200",성동구,"11200615",금호2·3가동,11274
7D0EEB730E,서울특별시 성동구 독서당로 297-3,돈가********,,서울 성동구,한식-단품요리일반,금남시장,20201204,,37.5483776,127.0221173,success,성동구,R,전통시장,"3130064",금남시장,201970,449892,"11200",성동구,"11200615",금호2·3가동,11274
46B7CF90B2,서울특별시 성동구 독서당로 297-8,홍가*****,,서울 성동구,한식-단품요리일반,금남시장,20231024,,37.5485169,127.0222898,success,성동구,R,전통시장,"3130064",금남시장,201970,449892,"11200",성동구,"11200615",금호2·3가동,11274
50FB1F6C45,서울특별시 성동구 독서당로 297-9,정광**,,서울 성동구,농산물,금남시장,20171201,,37.548553,127.0221461,success,성동구,R,전통시장,"3130064",금남시장,201970,449892,"11200",성동구,"11200615",금호2·3가동,11274
E7BA575772,서울특별시 성동구 독서당로 299-5,은성**,,서울 성동구,한식-육류/고기,금남시장,20180904,,37.5484489,127.0223163,success,성동구,R,전통시장,"3130064",금남시장,201970,449892,"11200",성동구,"11200615",금호2·3가동,11274
B6660D3A83,서울특별시 성동구 독서당로 299-6,매우*,,서울 성동구,한식-육류/고기,금남시장,20200713,,37.548424,127.0224527,success,성동구,R,전통시장,"3130064",금남시장,201970,449892,"11200",성동구,"11200615",금호2·3가동,11274
"78331023E2",서울특별시 성동구 독서당로 301-1,청주*****,,서울 성동구,도너츠,금남시장,20210701,,37.5483559,127.0225788,success,성동구,R,전통시장,"3130064",금남시장,201970,449892,"11200",성동구,"11200615",금호2·3가동,11274
B9FFD4B49A,서울특별시 성동구 독서당로 303-2,풍천**,한식-해물/생선6,서울 성동구,한식-해물/생선,금남시장,20220620,,37.5483433,127.0228457,success,성동구,R,전통시장,"3130064",금남시장,201970,449892,"11200",성동구,"11200615",금호2·3가동,11274
72AC62D037,서울특별시 성동구 독서당로 303-5,금호**,,서울 성동구,식료품,금남시장,20230524,,37.5484198,127.0227142,success,성동구,R,전통시장,"3130064",금남시장,201970,449892,"11200",성동구,"11200615",금호2·3가동,11274
B683D261A6,서울특별시 성동구 독서당로 303-7,금남************,,서울 성동구,치킨,금남시장,20221107,,37.5484487,127.0227171,success,성동구,R,전통시장,"3130064",금남시장,201970,449892,"11200",성동구,"11200615",금호2·3가동,11274
DFE96F9825,서울특별시 성동구 독서당로 297-12,제일**,,서울 성동구,식품 제조,금남시장,20200420,,37.5486008,127.0222947,success,성동구,R,전통시장,"3130064",금남시장,201970,449892,"11200",성동구,"11200615",금호2·3가동,11274
97583174C1,서울특별시 성동구 독서당로 297-20,사랑******,,서울 성동구,포장마차,금남시장,20210930,,37.5487281,127.0223784,success,성동구,R,전통시장,"3130064",금남시장,201970,449892,"11200",성동구,"11200615",금호2·3가동,11274
CC2F434D9D,서울특별시 성동구 독서당로 301-61,양씨*,,서울 성동구,농산물,금남시장,20201027,,37.5487021,127.0224694,success,성동구,R,전통시장,"3130064",금남시장,201970,449892,"11200",성동구,"11200615",금호2·3가동,11274
6B92298A76,서울특별시 성동구 독서당로 303-10,두찜*****,한식-육류/고기7,서울 성동구,한식-육류/고기,금남시장,20190731,,37.5485024,127.0229088,success,성동구,R,전통시장,"3130064",금남시장,201970,449892,"11200",성동구,"11200615",금호2·3가동,11274
CB2533B6A3,서울특별시 성동구 독서당로 303-12,아구***********,,서울 성동구,한식-해물/생선,금남시장,20240507,,37.5485267,127.0229137,success,성동구,R,전통시장,"3130064",금남시장,201970,449892,"11200",성동구,"11200615",금호2·3가동,11274
8710E5DDEE,서울특별시 성동구 독서당로 303-19,목포***,,서울 성동구,포장마차,금남시장,20220706,,37.5487317,127.0227503,success,성동구,R,전통시장,"3130064",금남시장,201970,449892,"11200",성동구,"11200615",금호2·3가동,11274
9A56B5D116,서울특별시 성동구 독서당로 301-101,미*,,서울 성동구,백반/가정식,금남시장,20240709,,37.5486728,127.0223919,success,성동구,R,전통시장,"3130064",금남시장,201970,449892,"11200",성동구,"11200615",금호2·3가동,11274
F1823DF685,서울 성동구 금호로 151,포마***,분식19,서울 성동구,분식,신금호,20100624,,37.554299,127.0201194,success,성동구,R,전통시장,"3130063",신금호역 골목형상점가,201778,450475,"11200",성동구,"11200615",금호2·3가동,15024
13920AE06B,서울 성동구 금호산길 62,해마******,,서울 성동구,한식-육류/고기,신금호,20040901,,37.5536808,127.0195918,success,성동구,R,전통시장,"3130063",신금호역 골목형상점가,201778,450475,"11200",성동구,"11200615",금호2·3가동,15024
6D023B142B,서울 성동구 무수막길 94,착한******,,서울 성동구,축산물,신금호,20150612,,37.5540778,127.0201496,success,성동구,R,전통시장,"3130063",신금호역 골목형상점가,201778,450475,"11200",성동구,"11200615",금호2·3가동,15024
6402B38CAE,서울 성동구 무수막길 95,우리**,,서울 성동구,축산물,신금호,20070420,,37.5542265,127.0198268,success,성동구,R,전통시장,"3130063",신금호역 골목형상점가,201778,450475,"11200",성동구,"11200615",금호2·3가동,15024
F6F4BCEF5D,서울 성동구 금호산길 56.,코끼******,,서울 성동구,한식-냉면,신금호,20140327,,37.5531218,127.0195163,success,성동구,R,전통시장,"3130063",신금호역 골목형상점가,201778,450475,"11200",성동구,"11200615",금호2·3가동,15024
F2A06B9694,서울 성동구 금호산길 64.,이디*************,커피전문점6,서울 성동구,커피전문점,신금호,20140603,,37.5538933,127.0196284,success,성동구,R,전통시장,"3130063",신금호역 골목형상점가,201778,450475,"11200",성동구,"11200615",금호2·3가동,15024
4FF64DE415,서울 성동구 무수막길 89.,신금********,,서울 성동구,한식-육류/고기,신금호,20100609,20250710,37.5536537,127.0201045,success,성동구,R,전통시장,"3130063",신금호역 골목형상점가,201778,450475,"11200",성동구,"11200615",금호2·3가동,15024
"0D76004886",서울 성동구 무수막길 90.,멋진*,,서울 성동구,치킨,신금호,20021203,,37.5538251,127.0202419,success,성동구,R,전통시장,"3130063",신금호역 골목형상점가,201778,450475,"11200",성동구,"11200615",금호2·3가동,15024
5779AEFA66,서울 성동구 무수막길 92.,미소**,,서울 성동구,분식,신금호,20151104,,37.5539496,127.0201568,success,성동구,R,전통시장,"3130063",신금호역 골목형상점가,201778,450475,"11200",성동구,"11200615",금호2·3가동,15024
A6EDA7FB67,서울 성동구 무수막길 94.,든든****,,서울 성동구,떡/한과 제조,신금호,20161017,,37.5540778,127.0201496,success,성동구,R,전통시장,"3130063",신금호역 골목형상점가,201778,450475,"11200",성동구,"11200615",금호2·3가동,15024
F3C5C230B0,서울 성동구 무수막길 89-2,페리****,치킨37,서울 성동구,치킨,신금호,20020416,,37.5537895,127.0200335,success,성동구,R,전통시장,"3130063",신금호역 골목형상점가,201778,450475,"11200",성동구,"11200615",금호2·3가동,15024
EE23179B26,서울  성동구  금호산길  58,노*,,서울 성동구,일식당,신금호,20120904,,37.553343,127.0195508,success,성동구,R,전통시장,"3130063",신금호역 골목형상점가,201778,450475,"11200",성동구,"11200615",금호2·3가동,15024
893D79E6DA,서울특별시 성동구 금호로 143,마라***,,서울 성동구,중식당,신금호,20241022,,37.5538952,127.0206562,success,성동구,R,전통시장,"3130063",신금호역 골목형상점가,201778,450475,"11200",성동구,"11200615",금호2·3가동,15024
EC05B1ACA4,서울특별시 성동구 금호로 145,피자**,피자8,서울 성동구,피자,신금호,20171129,,37.5539613,127.020505,success,성동구,R,전통시장,"3130063",신금호역 골목형상점가,201778,450475,"11200",성동구,"11200615",금호2·3가동,15024
2CC6C6DCC3,서울특별시 성동구 금호로 145,침착*****,,서울 성동구,베이커리,신금호,20180402,,37.5539613,127.020505,success,성동구,R,전통시장,"3130063",신금호역 골목형상점가,201778,450475,"11200",성동구,"11200615",금호2·3가동,15024
B5DDFE115A,서울특별시 성동구 금호로 151,슈퍼********,,서울 성동구,식료품,신금호,20231117,20250731,37.554299,127.0201194,success,성동구,R,전통시장,"3130063",신금호역 골목형상점가,201778,450475,"11200",성동구,"11200615",금호2·3가동,15024
"9639788E45",서울특별시 성동구 금호로 151,홍짜*******,중식당8,서울 성동구,중식당,신금호,20170526,,37.554299,127.0201194,success,성동구,R,전통시장,"3130063",신금호역 골목형상점가,201778,450475,"11200",성동구,"11200615",금호2·3가동,15024
BEFEB9CFAD,서울  성동구  무수막길  89-38,금호****,,서울 성동구,한식-국밥/설렁탕,신금호,20120511,,37.5538054,127.0195852,success,성동구,R,전통시장,"3130063",신금호역 골목형상점가,201778,450475,"11200",성동구,"11200615",금호2·3가동,15024
"098CE4D65F",서울특별시 성동구 무수막길 84,사랑******,,서울 성동구,포장마차,신금호,20241015,,37.553432,127.0205996,success,성동구,R,전통시장,"3130063",신금호역 골목형상점가,201778,450475,"11200",성동구,"11200615",금호2·3가동,15024
C87A5EFBD3,서울특별시 성동구 무수막길 84,할머***,,서울 성동구,한식-냉면,신금호,20180403,,37.553432,127.0205996,success,성동구,R,전통시장,"3130063",신금호역 골목형상점가,201778,450475,"11200",성동구,"11200615",금호2·3가동,15024
3D7A63FFA7,서울특별시 성동구 무수막길 85,토핑**,,서울 성동구,양식,신금호,20200212,,37.5534471,127.0203035,success,성동구,R,전통시장,"3130063",신금호역 골목형상점가,201778,450475,"11200",성동구,"11200615",금호2·3가동,15024
1A95814825,서울특별시 성동구 무수막길 85,모모**,,서울 성동구,일식당,신금호,20240716,,37.5534471,127.0203035,success,성동구,R,전통시장,"3130063",신금호역 골목형상점가,201778,450475,"11200",성동구,"11200615",금호2·3가동,15024
500A36AF3C,서울특별시 성동구 무수막길 85,5학***************,,서울 성동구,한식-육류/고기,신금호,20171027,,37.5534471,127.0203035,success,성동구,R,전통시장,"3130063",신금호역 골목형상점가,201778,450475,"11200",성동구,"11200615",금호2·3가동,15024
C21D7968F4,서울특별시 성동구 무수막길 89,신한********,,서울 성동구,치킨,신금호,20240216,,37.5536537,127.0201045,success,성동구,R,전통시장,"3130063",신금호역 골목형상점가,201778,450475,"11200",성동구,"11200615",금호2·3가동,15024
ABD760AB85,서울특별시 성동구 무수막길 89,전잔*,,서울 성동구,한식-단품요리일반,신금호,20231229,,37.5536537,127.0201045,success,성동구,R,전통시장,"3130063",신금호역 골목형상점가,201778,450475,"11200",성동구,"11200615",금호2·3가동,15024
D709A19B89,서울특별시 성동구 무수막길 91,수제********,,서울 성동구,한식-육류/고기,신금호,20200731,,37.5538653,127.019994,success,성동구,R,전통시장,"3130063",신금호역 골목형상점가,201778,450475,"11200",성동구,"11200615",금호2·3가동,15024
25B296A614,서울특별시 성동구 무수막길 93,골드**,,서울 성동구,축산물,신금호,20240701,,37.5540892,127.0198707,success,성동구,R,전통시장,"3130063",신금호역 골목형상점가,201778,450475,"11200",성동구,"11200615",금호2·3가동,15024
45E84CAA54,서울특별시 성동구 무수막길 94,오봉******,,서울 성동구,한식-단품요리일반,신금호,20240730,,37.5540778,127.0201496,success,성동구,R,전통시장,"3130063",신금호역 골목형상점가,201778,450475,"11200",성동구,"11200615",금호2·3가동,15024
A787679642,서울특별시 성동구 금호로 141-1,오픈********,,서울 성동구,카페,신금호,20201103,,37.5536701,127.0210014,success,성동구,R,전통시장,"3130063",신금호역 골목형상점가,201778,450475,"11200",성동구,"11200615",금호2·3가동,15024
C5CAC5BC9E,서울특별시 성동구 금호로 141-2,설내*,,서울 성동구,식료품,신금호,20231117,,37.5537713,127.020817,success,성동구,R,전통시장,"3130063",신금호역 골목형상점가,201778,450475,"11200",성동구,"11200615",금호2·3가동,15024
CE23799B3A,서울특별시 성동구 금호로 141-2,설내****,,서울 성동구,한식-국밥/설렁탕,신금호,20221208,,37.5537713,127.020817,success,성동구,R,전통시장,"3130063",신금호역 골목형상점가,201778,450475,"11200",성동구,"11200615",금호2·3가동,15024
6B99F5A278,서울특별시 성동구 금호산길 56-1,아지***,,서울 성동구,카페,신금호,20230309,,37.5532299,127.0195238,success,성동구,R,전통시장,"3130063",신금호역 골목형상점가,201778,450475,"11200",성동구,"11200615",금호2·3가동,15024
B53E9730C4,서울특별시 성동구 금호산길 56-1,명가*********,,서울 성동구,아이스크림/빙수,신금호,20200519,,37.5532299,127.0195238,success,성동구,R,전통시장,"3130063",신금호역 골목형상점가,201778,450475,"11200",성동구,"11200615",금호2·3가동,15024
6F8840FB72,서울특별시 성동구 금호산길 66-1,본죽*******,한식-죽1,서울 성동구,한식-죽,신금호,20180820,,37.5540539,127.019674,success,성동구,R,전통시장,"3130063",신금호역 골목형상점가,201778,450475,"11200",성동구,"11200615",금호2·3가동,15024
13BB3CF1BB,서울특별시 성동구 금호산길 66-1,메이***********,,서울 성동구,백반/가정식,신금호,20210106,,37.5540539,127.019674,success,성동구,R,전통시장,"3130063",신금호역 골목형상점가,201778,450475,"11200",성동구,"11200615",금호2·3가동,15024
2A9CD599EF,서울특별시 성동구 금호산길 66-1,덕구**,,서울 성동구,한식-단품요리일반,신금호,20210517,,37.5540539,127.019674,success,성동구,R,전통시장,"3130063",신금호역 골목형상점가,201778,450475,"11200",성동구,"11200615",금호2·3가동,15024
8F6BDD4F8F,서울특별시 성동구 무수막길 88-1,금이*,,서울 성동구,호프/맥주,신금호,20220620,,37.5537494,127.0203309,success,성동구,R,전통시장,"3130063",신금호역 골목형상점가,201778,450475,"11200",성동구,"11200615",금호2·3가동,15024
775E4B34A4,서울특별시 성동구 무수막길 89-2,신금*****,,서울 성동구,분식,신금호,20210916,,37.5537895,127.0200335,success,성동구,R,전통시장,"3130063",신금호역 골목형상점가,201778,450475,"11200",성동구,"11200615",금호2·3가동,15024
9ABB023176,서울특별시 성동구 무수막길 89-5,멘부******,,서울 성동구,일식당,신금호,20220712,,37.5536588,127.0199827,success,성동구,R,전통시장,"3130063",신금호역 골목형상점가,201778,450475,"11200",성동구,"11200615",금호2·3가동,15024
636DB3B918,서울특별시 성동구 무수막길 91-1,나영**,,서울 성동구,백반/가정식,신금호,20191025,,37.553963,127.0199374,success,성동구,R,전통시장,"3130063",신금호역 골목형상점가,201778,450475,"11200",성동구,"11200615",금호2·3가동,15024
CFC3884DF7,서울특별시 성동구 무수막길 91-1,영자***,한식-육류/고기18,서울 성동구,한식-육류/고기,신금호,20240904,,37.553963,127.0199374,success,성동구,R,전통시장,"3130063",신금호역 골목형상점가,201778,450475,"11200",성동구,"11200615",금호2·3가동,15024
B3FEDC6A1C,서울특별시 성동구 무수막길 91-1,국물*******,,서울 성동구,한식-육류/고기,신금호,20241104,20250730,37.553963,127.0199374,success,성동구,R,전통시장,"3130063",신금호역 골목형상점가,201778,450475,"11200",성동구,"11200615",금호2·3가동,15024
158A1920D0,서울특별시 성동구 무수막길 89-31,레몬*,,서울 성동구,카페,신금호,20190429,,37.5536875,127.0197518,success,성동구,R,전통시장,"3130063",신금호역 골목형상점가,201778,450475,"11200",성동구,"11200615",금호2·3가동,15024
832EC92421,서울특별시 성동구 무수막길 89-38,비비***********,치킨2,서울 성동구,치킨,신금호,20230405,,37.5538054,127.0195852,success,성동구,R,전통시장,"3130063",신금호역 골목형상점가,201778,450475,"11200",성동구,"11200615",금호2·3가동,15024
78E08EABED,서울특별시 성동구 금호산길 60-1,삼형*******,,서울 성동구,분식,신금호,20230327,,37.5535873,127.0195907,success,성동구,R,전통시장,"3130063",신금호역 골목형상점가,201778,450475,"11200",성동구,"11200615",금호2·3가동,15024
BEFB51F3ED,서울 성동구 장터3길 8,뚱이***,,서울 성동구,한식-감자탕,금남시장,20150407,,37.5485101,127.020469,success,성동구,D,발달상권,"3120048",금호역,201735,449865,"11200",성동구,"11200620",금호4가동,61031
4349A8302A,서울 성동구 장터길 23,롯데******,햄버거1,서울 성동구,햄버거,금남시장,20150812,20250818,37.5484193,127.0185334,success,성동구,D,발달상권,"3120048",금호역,201735,449865,"11200",성동구,"11200620",금호4가동,61031
9AE54FE931,서울 성동구 장터길 25,두레******,베이커리2,서울 성동구,베이커리,금남시장,20080325,,37.5484184,127.0187062,success,성동구,D,발달상권,"3120048",금호역,201735,449865,"11200",성동구,"11200620",금호4가동,61031
4EE6AA4F0F,서울 성동구 장터길 30,먹거****,,서울 성동구,한식-육류/고기,금남시장,20110303,,37.5481907,127.019149,success,성동구,D,발달상권,"3120048",금호역,201735,449865,"11200",성동구,"11200620",금호4가동,61031
"0D30BE35C0",서울 성동구 장터길 37,온달***,,서울 성동구,한식-육류/고기,금남시장,20150811,,37.54842,127.0200997,success,성동구,D,발달상권,"3120048",금호역,201735,449865,"11200",성동구,"11200620",금호4가동,61031
99A8865F14,서울 성동구 장터길 47,백미*,,서울 성동구,떡/한과 제조,금남시장,20011229,,37.5484896,127.0212323,success,성동구,D,발달상권,"3120048",금호역,201735,449865,"11200",성동구,"11200620",금호4가동,61031
D0ECE18966,서울 성동구 장터길 47,진미**,,서울 성동구,한식-육류/고기,금남시장,20070214,,37.5484896,127.0212323,success,성동구,D,발달상권,"3120048",금호역,201735,449865,"11200",성동구,"11200620",금호4가동,61031
D10F02182E,서울 성동구 장터길 37.,과일**,,서울 성동구,청과물,금남시장,20240118,,37.54842,127.0200997,success,성동구,D,발달상권,"3120048",금호역,201735,449865,"11200",성동구,"11200620",금호4가동,61031
B3301EF2AC,서울 성동구 장터길 39.,부원**,,서울 성동구,한식-냉면,금남시장,20070822,,37.5484181,127.0202372,success,성동구,D,발달상권,"3120048",금호역,201735,449865,"11200",성동구,"11200620",금호4가동,61031
747B2FF05E,서울 성동구 장터길 46.,장군**,,서울 성동구,백반/가정식,금남시장,20090511,,37.5481519,127.0209994,success,성동구,D,발달상권,"3120048",금호역,201735,449865,"11200",성동구,"11200620",금호4가동,61031
DA72A54F82,서울 성동구 장터길 25-1,명가****,,서울 성동구,분식,금남시장,20130212,,37.5484194,127.0187953,success,성동구,D,발달상권,"3120048",금호역,201735,449865,"11200",성동구,"11200620",금호4가동,61031
A61BA685E8,서울 성동구 장터길 38-1,박재*****,,서울 성동구,한식-해물/생선,금남시장,20050708,,37.5480598,127.0201927,success,성동구,D,발달상권,"3120048",금호역,201735,449865,"11200",성동구,"11200620",금호4가동,61031
8985D82F2F,서울 성동구 장터길 39-1,경북**,,서울 성동구,미곡상,금남시장,19990806,,37.5484153,127.0203077,success,성동구,D,발달상권,"3120048",금호역,201735,449865,"11200",성동구,"11200620",금호4가동,61031
E12C68864A,서울 성동구 장터길 43-3,짱구*****,,서울 성동구,한식-국밥/설렁탕,금남시장,20100618,,37.5483909,127.0209239,success,성동구,D,발달상권,"3120048",금호역,201735,449865,"11200",성동구,"11200620",금호4가동,61031
"0B4FFAC06D",서울  성동구  장터5길  1,금호**,,서울 성동구,한식-육류/고기,금남시장,20120531,,37.5485451,127.0212011,success,성동구,D,발달상권,"3120048",금호역,201735,449865,"11200",성동구,"11200620",금호4가동,61031
E47826B7B5,서울 성동구 독서당로 287,페리****,치킨37,서울 성동구,치킨,금남시장,20080124,,37.5479895,127.0209573,success,성동구,D,발달상권,"3120048",금호역,201735,449865,"11200",성동구,"11200620",금호4가동,61031
"0C5EE2823A",서울 성동구 장터1가길 51,옥수****,,서울 성동구,농산물,금남시장,20191218,,37.548601,127.0194467,success,성동구,D,발달상권,"3120048",금호역,201735,449865,"11200",성동구,"11200620",금호4가동,61031
35F921EEEC,서울 성동구 장터5길 3-1.,초가*,,서울 성동구,한식-단품요리일반,금남시장,20130619,,37.5486739,127.0212066,success,성동구,D,발달상권,"3120048",금호역,201735,449865,"11200",성동구,"11200620",금호4가동,61031
63DAE9B5FE,서울 성동구 장터길 13-1.,만리**,,서울 성동구,중식당,,20070207,,37.5484499,127.0173951,success,성동구,D,발달상권,"3120048",금호역,201735,449865,"11200",성동구,"11200620",금호4가동,61031
9C94746856,서울 성동구 장터길 22-1.,맛닭******,치킨18,서울 성동구,치킨,금남시장,20160518,,37.548212,127.0183525,success,성동구,D,발달상권,"3120048",금호역,201735,449865,"11200",성동구,"11200620",금호4가동,61031
6B2F3998CD,서울 성동구 장터길 38-1.,사또**,,서울 성동구,백반/가정식,금남시장,20110622,,37.5480598,127.0201927,success,성동구,D,발달상권,"3120048",금호역,201735,449865,"11200",성동구,"11200620",금호4가동,61031
ACDE665CFC,서울 성동구 장터길 40-4.,지오****,,서울 성동구,치킨,동대문역사문화공원역,20220111,,37.5482228,127.0204492,success,성동구,D,발달상권,"3120048",금호역,201735,449865,"11200",성동구,"11200620",금호4가동,61031
2AB52AC101,서울 성동구 장터길 44-1.,수구*,,서울 성동구,한식-육류/고기,금남시장,20121105,,37.5481466,127.020701,success,성동구,D,발달상권,"3120048",금호역,201735,449865,"11200",성동구,"11200620",금호4가동,61031
1E0C8CD39A,서울 성동구 독서당로 285.,술찾*,,서울 성동구,한식-단품요리일반,금남시장,20130326,,37.5478631,127.0207359,success,성동구,D,발달상권,"3120048",금호역,201735,449865,"11200",성동구,"11200620",금호4가동,61031
18185E33A8,서울 성동구 독서당로 287.,미스**,,서울 성동구,건강식품,압구정로데오,20220715,,37.5479895,127.0209573,success,성동구,D,발달상권,"3120048",금호역,201735,449865,"11200",성동구,"11200620",금호4가동,61031
18822DD6FB,서울 성동구 독서당로 302.,정희*******,,서울 성동구,건강식품,금남시장,20110623,,37.5478097,127.0225637,success,성동구,D,발달상권,"3120048",금호역,201735,449865,"11200",성동구,"11200620",금호4가동,61031
"0DABCC3BB8",서울  성동구  장터길  22-1,엄마**,,서울 성동구,백반/가정식,금남시장,20090311,,37.548212,127.0183525,success,성동구,D,발달상권,"3120048",금호역,201735,449865,"11200",성동구,"11200620",금호4가동,61031
"018DD7E495",서울 성동구 독서당로 296-8,동원*,,서울 성동구,중식당,금남시장,20150608,,37.5479275,127.0217237,success,성동구,D,발달상권,"3120048",금호역,201735,449865,"11200",성동구,"11200620",금호4가동,61031
E2718B6445,서울특별시 성동구 장터길 9,로이*,,서울 성동구,양식,,20171011,,37.5485497,127.0168791,success,성동구,D,발달상권,"3120048",금호역,201735,449865,"11200",성동구,"11200620",금호4가동,61031
A6BE3DEBC5,서울 성동구 독서당로 285-1.,어가***,,서울 성동구,일식당,금남시장,20040329,,37.5479594,127.0207946,success,성동구,D,발달상권,"3120048",금호역,201735,449865,"11200",성동구,"11200620",금호4가동,61031
"01B82F195A",서울 성동구 독서당로 296-1.,스몰**,,서울 성동구,호프/맥주,금남시장,20140516,,37.5479616,127.0218673,success,성동구,D,발달상권,"3120048",금호역,201735,449865,"11200",성동구,"11200620",금호4가동,61031
7AFB53D14D,서울 성동구 독서당로 298-8.,금호***,,서울 성동구,한식-해물/생선,금남시장,20071213,,37.5479277,127.0219445,success,성동구,D,발달상권,"3120048",금호역,201735,449865,"11200",성동구,"11200620",금호4가동,61031
9F35038F41,서울특별시 성동구 장터3길 1,금호**,,서울 성동구,일식-샤브샤브,금남시장,20240729,,37.5485174,127.0198629,success,성동구,D,발달상권,"3120048",금호역,201735,449865,"11200",성동구,"11200620",금호4가동,61031
376525721B,서울특별시 성동구 장터5길 5,쏘쏘**,,서울 성동구,포장마차,금남시장,20240806,,37.5487912,127.0212062,success,성동구,D,발달상권,"3120048",금호역,201735,449865,"11200",성동구,"11200620",금호4가동,61031
4D789D747A,서울특별시 성동구 장터5길 5,명품****,,서울 성동구,한식-육류/고기,금남시장,20170411,,37.5487912,127.0212062,success,성동구,D,발달상권,"3120048",금호역,201735,449865,"11200",성동구,"11200620",금호4가동,61031
87F32C98C1,서울특별시 성동구 장터길 15,단과*,,서울 성동구,청과물,,20220804,,37.5484452,127.0175265,success,성동구,D,발달상권,"3120048",금호역,201735,449865,"11200",성동구,"11200620",금호4가동,61031
81502BD7CA,서울특별시 성동구 장터길 19,카페********,,서울 성동구,아이스크림/빙수,,20240417,,37.54848,127.0180371,success,성동구,D,발달상권,"3120048",금호역,201735,449865,"11200",성동구,"11200620",금호4가동,61031
933122CC60,서울특별시 성동구 장터길 20,신전***,분식12,서울 성동구,분식,,20210817,,37.5482129,127.0181641,success,성동구,D,발달상권,"3120048",금호역,201735,449865,"11200",성동구,"11200620",금호4가동,61031
BE0A7DD7AB,서울특별시 성동구 장터길 24,더벤*,커피전문점1,서울 성동구,커피전문점,금남시장,20230627,,37.548212,127.0185812,success,성동구,D,발달상권,"3120048",금호역,201735,449865,"11200",성동구,"11200620",금호4가동,61031
F907A9A2FF,서울특별시 성동구 장터길 26,테라***,,서울 성동구,호프/맥주,금남시장,20191111,,37.5481676,127.0187136,success,성동구,D,발달상권,"3120048",금호역,201735,449865,"11200",성동구,"11200620",금호4가동,61031
969C25043A,서울특별시 성동구 장터길 29,빵(****,,서울 성동구,베이커리,금남시장,20170825,,37.5484185,127.0191545,success,성동구,D,발달상권,"3120048",금호역,201735,449865,"11200",성동구,"11200620",금호4가동,61031
C6363F8E19,서울특별시 성동구 장터길 30,메가*********,커피전문점2,서울 성동구,커피전문점,금남시장,20200204,,37.5481907,127.019149,success,성동구,D,발달상권,"3120048",금호역,201735,449865,"11200",성동구,"11200620",금호4가동,61031
8AD0AE30E8,서울특별시 성동구 장터길 31,금선**,,서울 성동구,한식-육류/고기,금남시장,20230816,,37.548487,127.0194264,success,성동구,D,발달상권,"3120048",금호역,201735,449865,"11200",성동구,"11200620",금호4가동,61031
18AE11C714,서울특별시 성동구 장터길 32,금호***,,서울 성동구,한식-육류/고기,금남시장,20190404,,37.5482012,127.019366,success,성동구,D,발달상권,"3120048",금호역,201735,449865,"11200",성동구,"11200620",금호4가동,61031
295F86E07D,서울특별시 성동구 장터길 33,길동*******,,서울 성동구,일식-우동/소바/라면,금남시장,20181026,,37.54848,127.0197096,success,성동구,D,발달상권,"3120048",금호역,201735,449865,"11200",성동구,"11200620",금호4가동,61031
39255E94C6,서울특별시 성동구 장터길 35,누림**,,서울 성동구,축산물,금남시장,20211109,,37.5484149,127.0198176,success,성동구,D,발달상권,"3120048",금호역,201735,449865,"11200",성동구,"11200620",금호4가동,61031
4E9408836B,서울특별시 성동구 장터길 35,참기*,,서울 성동구,식품 제조,금남시장,20220707,,37.5484149,127.0198176,success,성동구,D,발달상권,"3120048",금호역,201735,449865,"11200",성동구,"11200620",금호4가동,61031
DC6768DBDA,서울특별시 성동구 장터길 35,원조***,,서울 성동구,한식-육류/고기,금남시장,20201207,,37.5484149,127.0198176,success,성동구,D,발달상권,"3120048",금호역,201735,449865,"11200",성동구,"11200620",금호4가동,61031
7D728F3B80,서울특별시 성동구 장터길 38,금호*****,,서울 성동구,치킨,금남시장,20220519,,37.5482226,127.020096,success,성동구,D,발달상권,"3120048",금호역,201735,449865,"11200",성동구,"11200620",금호4가동,61031
D5CE662890,서울특별시 성동구 장터길 39,거평**,,서울 성동구,축산물,금남시장,20171107,,37.5484181,127.0202372,success,성동구,D,발달상권,"3120048",금호역,201735,449865,"11200",성동구,"11200620",금호4가동,61031
D3965999F4,서울특별시 성동구 장터길 41,총각*******,,서울 성동구,치킨,금남시장,20200810,,37.5483941,127.0204722,success,성동구,D,발달상권,"3120048",금호역,201735,449865,"11200",성동구,"11200620",금호4가동,61031
A35823D681,서울특별시 성동구 장터길 41,원더*****,,서울 성동구,베이커리,금남시장,20210104,,37.5483941,127.0204722,success,성동구,D,발달상권,"3120048",금호역,201735,449865,"11200",성동구,"11200620",금호4가동,61031
4D78A9732C,서울특별시 성동구 장터길 42,한우**,,서울 성동구,축산물,금남시장,20220721,,37.548152,127.020511,success,성동구,D,발달상권,"3120048",금호역,201735,449865,"11200",성동구,"11200620",금호4가동,61031
80DB3D6336,서울특별시 성동구 장터길 43,피자*****,피자8,서울 성동구,피자,금남시장,20200220,,37.5483853,127.0207538,success,성동구,D,발달상권,"3120048",금호역,201735,449865,"11200",성동구,"11200620",금호4가동,61031
B791125FD3,서울특별시 성동구 장터길 44,금호*******,,서울 성동구,청과물,금남시장,20230621,,37.5482198,127.0207044,success,성동구,D,발달상권,"3120048",금호역,201735,449865,"11200",성동구,"11200620",금호4가동,61031
C135324315,서울특별시 성동구 장터길 45,북어**,,서울 성동구,수산물,금남시장,20181010,,37.5484072,127.0209833,success,성동구,D,발달상권,"3120048",금호역,201735,449865,"11200",성동구,"11200620",금호4가동,61031
61184A5430,서울특별시 성동구 장터길 47,진미***,,서울 성동구,한식-육류/고기,금남시장,20210426,,37.5484896,127.0212323,success,성동구,D,발달상권,"3120048",금호역,201735,449865,"11200",성동구,"11200620",금호4가동,61031
8E8B1D725E,서울 성동구 독서당로46길 35.,심가***,,서울 성동구,한식-단품요리일반,금남시장,20150424,,37.547857,127.0231501,success,성동구,D,발달상권,"3120048",금호역,201735,449865,"11200",성동구,"11200620",금호4가동,61031
DF277BB6B1,서울특별시 성동구 금호산길 3,죠샌*******,샌드위치/토스트4,서울 성동구,샌드위치/토스트,금남시장,20220407,,37.5486714,127.0194619,success,성동구,D,발달상권,"3120048",금호역,201735,449865,"11200",성동구,"11200620",금호4가동,61031
16B4B1BB89,서울특별시 성동구 장터2길 11,소담****,,서울 성동구,한식-육류/고기,,20200326,,37.5481467,127.0179222,success,성동구,D,발달상권,"3120048",금호역,201735,449865,"11200",성동구,"11200620",금호4가동,61031
1AA954C0A3,서울특별시 성동구 금호산2길 8,금성**,,서울 성동구,백반/가정식,금남시장,20210810,,37.5487216,127.0204097,success,성동구,D,발달상권,"3120048",금호역,201735,449865,"11200",성동구,"11200620",금호4가동,61031
2D1CF66EC7,서울특별시 성동구 장터길 13-1,오남***,,서울 성동구,한식-육류/고기,,20171110,,37.5484499,127.0173951,success,성동구,D,발달상권,"3120048",금호역,201735,449865,"11200",성동구,"11200620",금호4가동,61031
BE122C35E1,서울특별시 성동구 장터길 13-1,이유**********,,서울 성동구,한식-단품요리일반,,20230307,,37.5484499,127.0173951,success,성동구,D,발달상권,"3120048",금호역,201735,449865,"11200",성동구,"11200620",금호4가동,61031
502C539374,서울특별시 성동구 장터길 14-1,좋은*******,,서울 성동구,카페,,20200914,,37.5482397,127.0173465,success,성동구,D,발달상권,"3120048",금호역,201735,449865,"11200",성동구,"11200620",금호4가동,61031
14B24AF78E,서울특별시 성동구 장터길 14-2,먼치*,,서울 성동구,햄버거,,20201112,,37.5482247,127.0174586,success,성동구,D,발달상권,"3120048",금호역,201735,449865,"11200",성동구,"11200620",금호4가동,61031
4546CB7E88,서울특별시 성동구 장터길 15-2,금호****,,서울 성동구,요리주점,,20230331,,37.5484378,127.0177121,success,성동구,D,발달상권,"3120048",금호역,201735,449865,"11200",성동구,"11200620",금호4가동,61031
4A46FE0E71,서울특별시 성동구 장터길 17-1,돈*,,서울 성동구,양식,,20230405,,37.5484362,127.0178181,success,성동구,D,발달상권,"3120048",금호역,201735,449865,"11200",성동구,"11200620",금호4가동,61031
5AD0940FDD,서울특별시 성동구 장터길 17-2,백억*******,,서울 성동구,카페,,20231107,,37.5484395,127.0178579,success,성동구,D,발달상권,"3120048",금호역,201735,449865,"11200",성동구,"11200620",금호4가동,61031
4FAFEFC9D2,서울특별시 성동구 장터길 21-1,퇴근***,,서울 성동구,요리주점,,20171117,,37.5484669,127.0183424,success,성동구,D,발달상권,"3120048",금호역,201735,449865,"11200",성동구,"11200620",금호4가동,61031
AF043B6773,서울특별시 성동구 장터길 22-2,춘리*********,,서울 성동구,중식당,금남시장,20230323,,37.5481684,127.0184516,success,성동구,D,발달상권,"3120048",금호역,201735,449865,"11200",성동구,"11200620",금호4가동,61031
1BC191ACDA,서울특별시 성동구 장터길 27-1,베쌀*,,서울 성동구,동남아/인도음식,금남시장,20171123,,37.5484223,127.0189835,success,성동구,D,발달상권,"3120048",금호역,201735,449865,"11200",성동구,"11200620",금호4가동,61031
24CE0F822B,서울특별시 성동구 장터길 27-2,쉼*,,서울 성동구,양식,금남시장,20190508,,37.5484216,127.0190671,success,성동구,D,발달상권,"3120048",금호역,201735,449865,"11200",성동구,"11200620",금호4가동,61031
11917ED05B,서울특별시 성동구 장터길 27-2,백채*****,한식-찌개/전골1,서울 성동구,한식-찌개/전골,금남시장,20180611,,37.5484216,127.0190671,success,성동구,D,발달상권,"3120048",금호역,201735,449865,"11200",성동구,"11200620",금호4가동,61031
37EDF0B2C1,서울특별시 성동구 장터길 28-1,쿠*,,서울 성동구,이자카야,금남시장,20190715,,37.5482277,127.0189994,success,성동구,D,발달상권,"3120048",금호역,201735,449865,"11200",성동구,"11200620",금호4가동,61031
11191365FD,서울특별시 성동구 장터길 29-1,목화**,,서울 성동구,카페,금남시장,20181120,,37.5484652,127.0192486,success,성동구,D,발달상권,"3120048",금호역,201735,449865,"11200",성동구,"11200620",금호4가동,61031
52E7464F5E,서울특별시 성동구 장터길 29-1,올레*******,,서울 성동구,호프/맥주,금남시장,20241023,,37.5484652,127.0192486,success,성동구,D,발달상권,"3120048",금호역,201735,449865,"11200",성동구,"11200620",금호4가동,61031
C719A39BCF,서울특별시 성동구 장터길 30-1,다락*,,서울 성동구,요리주점,금남시장,20170504,,37.548204,127.0192612,success,성동구,D,발달상권,"3120048",금호역,201735,449865,"11200",성동구,"11200620",금호4가동,61031
AE732EF39B,서울특별시 성동구 장터길 35-1,쿨*,,서울 성동구,요리주점,금남시장,20190125,,37.5484111,127.0199772,success,성동구,D,발달상권,"3120048",금호역,201735,449865,"11200",성동구,"11200620",금호4가동,61031
F0334CCD5D,서울특별시 성동구 장터길 35-1,큰집*******,,서울 성동구,포장마차,금남시장,20181120,,37.5484111,127.0199772,success,성동구,D,발달상권,"3120048",금호역,201735,449865,"11200",성동구,"11200620",금호4가동,61031
B2672BB7CB,서울특별시 성동구 장터길 36-2,경성**,,서울 성동구,한식-육류/고기,금남시장,20240822,,37.5482234,127.0200231,success,성동구,D,발달상권,"3120048",금호역,201735,449865,"11200",성동구,"11200620",금호4가동,61031
9C602C8E96,서울특별시 성동구 장터길 37-1,주당**,,서울 성동구,요리주점,금남시장,20221024,,37.5484008,127.020183,success,성동구,D,발달상권,"3120048",금호역,201735,449865,"11200",성동구,"11200620",금호4가동,61031
77CCF7C070,서울특별시 성동구 장터길 38-1,동네**,,서울 성동구,한식-해물/생선,금남시장,20200610,,37.5480598,127.0201927,success,성동구,D,발달상권,"3120048",금호역,201735,449865,"11200",성동구,"11200620",금호4가동,61031
4BCCEFE9EE,서울특별시 성동구 장터길 38-1,마라******,,서울 성동구,중식-훠궈/마라탕,금남시장,20210129,,37.5480598,127.0201927,success,성동구,D,발달상권,"3120048",금호역,201735,449865,"11200",성동구,"11200620",금호4가동,61031
3D35397FAB,서울특별시 성동구 장터길 41-1,호주*********,,서울 성동구,건강식품,금남시장,20241209,,37.5483901,127.0206105,success,성동구,D,발달상권,"3120048",금호역,201735,449865,"11200",성동구,"11200620",금호4가동,61031
499F3ECFD7,서울특별시 성동구 장터길 43-2,오늘****,,서울 성동구,한식-단품요리일반,금남시장,20220509,20250714,37.5484462,127.0208977,success,성동구,D,발달상권,"3120048",금호역,201735,449865,"11200",성동구,"11200620",금호4가동,61031
"0E46A72EBB",서울특별시 성동구 장터길 43-3,땅스********,,서울 성동구,한식-단품요리일반,금남시장,20201007,,37.5483909,127.0209239,success,성동구,D,발달상권,"3120048",금호역,201735,449865,"11200",성동구,"11200620",금호4가동,61031
785B99118A,서울특별시 성동구 장터길 44-2,오츠**,,서울 성동구,이자카야,금남시장,20210319,,37.5481647,127.0208718,success,성동구,D,발달상권,"3120048",금호역,201735,449865,"11200",성동구,"11200620",금호4가동,61031
809AD8FA0F,서울특별시 성동구 장터길 45-1,계동*****,치킨5,서울 성동구,치킨,금남시장,20181016,,37.5484125,127.0210741,success,성동구,D,발달상권,"3120048",금호역,201735,449865,"11200",성동구,"11200620",금호4가동,61031
2D9601ED38,서울특별시 성동구 독서당로 283,은진****,,서울 성동구,포장마차,금남시장,20200106,,37.5477688,127.0206103,success,성동구,D,발달상권,"3120048",금호역,201735,449865,"11200",성동구,"11200620",금호4가동,61031
"09B5A19D91",서울특별시 성동구 독서당로 285,금남**************,,서울 성동구,와인바,금남시장,20190704,20250714,37.5478631,127.0207359,success,성동구,D,발달상권,"3120048",금호역,201735,449865,"11200",성동구,"11200620",금호4가동,61031
8980D26E8D,서울특별시 성동구 독서당로 285,폼페*,,서울 성동구,백반/가정식,금남시장,20200914,,37.5478631,127.0207359,success,성동구,D,발달상권,"3120048",금호역,201735,449865,"11200",성동구,"11200620",금호4가동,61031
4FD8F44568,서울특별시 성동구 독서당로 287,인생*******,,서울 성동구,한식-해물/생선,금남시장,20240920,20250704,37.5479895,127.0209573,success,성동구,D,발달상권,"3120048",금호역,201735,449865,"11200",성동구,"11200620",금호4가동,61031
A4B6E8F2A9,서울특별시 성동구 독서당로 294,다*,,서울 성동구,농산물,금남시장,20200410,,37.5479569,127.0216369,success,성동구,D,발달상권,"3120048",금호역,201735,449865,"11200",성동구,"11200620",금호4가동,61031
FE826E7775,서울특별시 성동구 독서당로 296,빽다*********,커피전문점4,서울 성동구,커피전문점,금남시장,20210521,,37.548,127.0217648,success,성동구,D,발달상권,"3120048",금호역,201735,449865,"11200",성동구,"11200620",금호4가동,61031
C18C547370,서울특별시 성동구 동호로2길 28,타코*****,,서울 성동구,양식,금남시장,20170522,,37.5480426,127.01904,success,성동구,D,발달상권,"3120048",금호역,201735,449865,"11200",성동구,"11200620",금호4가동,61031
CE412204AA,서울특별시 성동구 금호산2길 6-1,고기**,,서울 성동구,한식-육류/고기,금남시장,20211006,20240514,37.5487118,127.0202571,success,성동구,D,발달상권,"3120048",금호역,201735,449865,"11200",성동구,"11200620",금호4가동,61031
38D9B1B96A,서울특별시 성동구 금호산2길 6-1,고기*******,,서울 성동구,한식-육류/고기,금남시장,20240514,,37.5487118,127.0202571,success,성동구,D,발달상권,"3120048",금호역,201735,449865,"11200",성동구,"11200620",금호4가동,61031
A730AA5039,서울특별시 성동구 독서당로 296-1,맘스******,햄버거2,서울 성동구,햄버거,금남시장,20200218,,37.5479616,127.0218673,success,성동구,D,발달상권,"3120048",금호역,201735,449865,"11200",성동구,"11200620",금호4가동,61031
1AB3F0C3B0,서울특별시 성동구 독서당로 296-1,진숙**,,서울 성동구,백반/가정식,금남시장,20181214,,37.5479616,127.0218673,success,성동구,D,발달상권,"3120048",금호역,201735,449865,"11200",성동구,"11200620",금호4가동,61031
1D20FA334E,서울특별시 성동구 독서당로48길 9,간지******,,서울 성동구,요리주점,금남시장,20241206,,37.5478027,127.0221262,success,성동구,D,발달상권,"3120048",금호역,201735,449865,"11200",성동구,"11200620",금호4가동,61031
DE2D4A4E86,서울특별시 성동구 동호로2길 28-1,광명**,,서울 성동구,식료품,금남시장,20211206,,37.5481114,127.0190849,success,성동구,D,발달상권,"3120048",금호역,201735,449865,"11200",성동구,"11200620",금호4가동,61031
DDB19C2E90,서울특별시 성동구 독서당로 296-11,소버***,,서울 성동구,요리주점,금남시장,20231102,,37.5478329,127.0218562,success,성동구,D,발달상권,"3120048",금호역,201735,449865,"11200",성동구,"11200620",금호4가동,61031
9656D883D6,서울특별시 성동구 독서당로 296-11,소설*,,서울 성동구,한식-육류/고기,금남시장,20191212,,37.5478329,127.0218562,success,성동구,D,발달상권,"3120048",금호역,201735,449865,"11200",성동구,"11200620",금호4가동,61031
40D0F833AA,서울특별시 성동구 독서당로47길 12-1,곽쓰*,,서울 성동구,중식당,금남시장,20231204,,37.5479588,127.0196266,success,성동구,D,발달상권,"3120048",금호역,201735,449865,"11200",성동구,"11200620",금호4가동,61031
94AC53C528,서울특별시 성동구 장터길 21-1 .,고기***********,,서울 성동구,한식-육류/고기,,20230411,,37.5484669,127.0183424,success,성동구,D,발달상권,"3120048",금호역,201735,449865,"11200",성동구,"11200620",금호4가동,61031
"08D893CAA8",서울특별시 성동구 독서당로57길 48,응봉**,,서울 성동구,카페,,20210413,,37.5525947,127.0291038,success,성동구,A,골목상권,"3110111",대현산장미원,202636,450338,"11200",성동구,"11200580",응봉동,19485
7D6E8687AA,서울특별시 성동구 독서당로59나길 36,정성**,,서울 성동구,백반/가정식,,20171024,,37.5533271,127.0300955,success,성동구,A,골목상권,"3110111",대현산장미원,202636,450338,"11200",성동구,"11200580",응봉동,19485
8D50B47A2E,서울특별시 성동구 독서당로59다길 34,진하**,,서울 성동구,미곡상,,20170918,,37.5528222,127.0301581,success,성동구,A,골목상권,"3110111",대현산장미원,202636,450338,"11200",성동구,"11200580",응봉동,19485
C8E1C54769,서울 성동구 금호산길 55.,막퍼*******,,서울 성동구,한식-국수/만두,신금호,20151221,,37.5532349,127.0192398,success,성동구,A,골목상권,"3110104",신금호역 4번,201782,450233,"11200",성동구,"11200615",금호2·3가동,66838
4F4CDEDF32,서울 성동구 금호산길 57-1,중앙***,,서울 성동구,건강원,신금호,20060904,,37.553428,127.0192714,success,성동구,A,골목상권,"3110104",신금호역 4번,201782,450233,"11200",성동구,"11200615",금호2·3가동,66838
EE27570A61,서울 성동구 금호산길 49-1.,먹깨****,,서울 성동구,한식-단품요리일반,신금호,20190814,,37.5526913,127.0191717,success,성동구,A,골목상권,"3110104",신금호역 4번,201782,450233,"11200",성동구,"11200615",금호2·3가동,66838
D827FBA72F,서울 성동구 금호산길 53-1.,채원******,,서울 성동구,한식-감자탕,신금호,20161031,,37.5531347,127.0192593,success,성동구,A,골목상권,"3110104",신금호역 4번,201782,450233,"11200",성동구,"11200615",금호2·3가동,66838
DE5727B21A,서울  성동구  무수막14길  7,커피*,,서울 성동구,식료품,신금호,20120614,,37.5524102,127.0211319,success,성동구,A,골목상권,"3110104",신금호역 4번,201782,450233,"11200",성동구,"11200615",금호2·3가동,66838
C605E52DD9,서울 성동구 금호산10길 4-9.,금호**,,서울 성동구,식료품,금남시장,20140519,,37.5507202,127.0197966,success,성동구,A,골목상권,"3110104",신금호역 4번,201782,450233,"11200",성동구,"11200615",금호2·3가동,66838
D88940EE2F,서울특별시 성동구 금호산길 42,서박*****,,서울 성동구,한식-찌개/전골,신금호,20190410,,37.5520121,127.0195019,success,성동구,A,골목상권,"3110104",신금호역 4번,201782,450233,"11200",성동구,"11200615",금호2·3가동,66838
E34A466260,서울특별시 성동구 금호산길 49,박여*****,,서울 성동구,한식-감자탕,신금호,20200304,,37.5525145,127.0191664,success,성동구,A,골목상권,"3110104",신금호역 4번,201782,450233,"11200",성동구,"11200615",금호2·3가동,66838
D64DEC08B9,서울특별시 성동구 금호산길 55,나들*,,서울 성동구,한식-단품요리일반,신금호,20230901,,37.5532349,127.0192398,success,성동구,A,골목상권,"3110104",신금호역 4번,201782,450233,"11200",성동구,"11200615",금호2·3가동,66838
9E60F0517D,서울특별시 성동구 금호산길 59,공들***,,서울 성동구,반찬,신금호,20171106,,37.5535246,127.0192902,success,성동구,A,골목상권,"3110104",신금호역 4번,201782,450233,"11200",성동구,"11200615",금호2·3가동,66838
E811B2836B,서울특별시 성동구 금호산길 59,도스***,기타세계요리2,서울 성동구,기타세계요리,신금호,20200326,,37.5535246,127.0192902,success,성동구,A,골목상권,"3110104",신금호역 4번,201782,450233,"11200",성동구,"11200615",금호2·3가동,66838
E00E398B70,서울특별시 성동구 무수막길 62,티바*********,치킨35,서울 성동구,치킨,신금호,20170905,,37.5516118,127.0214504,success,성동구,A,골목상권,"3110104",신금호역 4번,201782,450233,"11200",성동구,"11200615",금호2·3가동,66838
F344AFB600,서울특별시 성동구 금호산길 30-1,보라***,,서울 성동구,식료품,,20220324,,37.5509221,127.0194346,success,성동구,A,골목상권,"3110104",신금호역 4번,201782,450233,"11200",성동구,"11200615",금호2·3가동,66838
D799D3A520,서울특별시 성동구 금호산길 38-4,소이**,,서울 성동구,농산물,신금호,20241128,,37.5515345,127.0194931,success,성동구,A,골목상권,"3110104",신금호역 4번,201782,450233,"11200",성동구,"11200615",금호2·3가동,66838
EE000D3E14,서울특별시 성동구 금호산길 40-1,카페***,,서울 성동구,카페,신금호,20240102,20250724,37.5517675,127.0196066,success,성동구,A,골목상권,"3110104",신금호역 4번,201782,450233,"11200",성동구,"11200615",금호2·3가동,66838
AD045C18E5,서울특별시 성동구 금호산길 49-1,그로****,,서울 성동구,카페,신금호,20180307,,37.5526913,127.0191717,success,성동구,A,골목상권,"3110104",신금호역 4번,201782,450233,"11200",성동구,"11200615",금호2·3가동,66838
25E23A7190,서울특별시 성동구 금호산길 49-1,수미********,,서울 성동구,식료품,신금호,20230907,,37.5526913,127.0191717,success,성동구,A,골목상권,"3110104",신금호역 4번,201782,450233,"11200",성동구,"11200615",금호2·3가동,66838
2381F744F1,서울특별시 성동구 금호산길 49-1,먹깨***,,서울 성동구,한식-육류/고기,신금호,20190514,,37.5526913,127.0191717,success,성동구,A,골목상권,"3110104",신금호역 4번,201782,450233,"11200",성동구,"11200615",금호2·3가동,66838
643B6CDCC2,서울특별시 성동구 무수막길 60-2,우리***,,서울 성동구,건강원,신금호,20171220,,37.551555,127.0215892,success,성동구,A,골목상권,"3110104",신금호역 4번,201782,450233,"11200",성동구,"11200615",금호2·3가동,66838
C8670ECB8D,서울특별시 성동구 무수막길 61-1,닉앤****,,서울 성동구,한식-단품요리일반,신금호,20230421,,37.551513,127.021214,success,성동구,A,골목상권,"3110104",신금호역 4번,201782,450233,"11200",성동구,"11200615",금호2·3가동,66838
80B55AD69E,서울특별시 성동구 무수막길 76-1,멜시******,,서울 성동구,분식,신금호,20230421,,37.5527175,127.0207994,success,성동구,A,골목상권,"3110104",신금호역 4번,201782,450233,"11200",성동구,"11200615",금호2·3가동,66838
F5FA25FE2A,서울특별시 성동구 무수막18길 6-2,홍대****,,서울 성동구,식료품,신금호,20230530,,37.5528353,127.0210074,success,성동구,A,골목상권,"3110104",신금호역 4번,201782,450233,"11200",성동구,"11200615",금호2·3가동,66838
AE28C5ED57,서울 성동구 난계로 32.,지코*******,치킨27,서울 성동구,치킨,,20230727,,37.555133,127.0250297,success,성동구,A,골목상권,"3110108",성동구립금호도서관,202208,450534,"11200",성동구,"11200590",금호1가동,11778
17725DC7CA,서울  성동구  금호동1가,종로**,,서울 성동구,떡/한과 제조,,20090206,,37.553569,127.0249849,success,성동구,A,골목상권,"3110108",성동구립금호도서관,202208,450534,"11200",성동구,"11200590",금호1가동,11778
3849F9A089,서울  성동구  금호동1가,우촌****,,서울 성동구,한식-육류/고기,,20060704,,37.553569,127.0249849,success,성동구,A,골목상권,"3110108",성동구립금호도서관,202208,450534,"11200",성동구,"11200590",금호1가동,11778
E2AF8DDCAD,서울  성동구  금호동1가,태능****,,서울 성동구,한식-육류/고기,,20071005,,37.553569,127.0249849,success,성동구,A,골목상권,"3110108",성동구립금호도서관,202208,450534,"11200",성동구,"11200590",금호1가동,11778
"4467413444",서울특별시 성동구 난계로 32,쌤*,,서울 성동구,백반/가정식,,20240628,,37.555133,127.0250297,success,성동구,A,골목상권,"3110108",성동구립금호도서관,202208,450534,"11200",성동구,"11200590",금호1가동,11778
7AB74628EA,서울특별시 성동구 난계로 32,육대*****,백반/가정식17,서울 성동구,백반/가정식,,20240813,,37.555133,127.0250297,success,성동구,A,골목상권,"3110108",성동구립금호도서관,202208,450534,"11200",성동구,"11200590",금호1가동,11778
"04BACBFB49",서울 성동구 금호로 56,해장***,,서울 성동구,백반/가정식,금남시장,20070125,,37.5484182,127.0260428,success,성동구,A,골목상권,"3110109",금호삼성래미안아파트,202316,450083,"11200",성동구,"11200590",금호1가동,29788
5946F40892,서울 성동구 금호로 62,교촌******,치킨6,서울 성동구,치킨,금남시장,20130325,,37.5488463,127.0261183,success,성동구,A,골목상권,"3110109",금호삼성래미안아파트,202316,450083,"11200",성동구,"11200590",금호1가동,29788
17FF425166,서울 성동구 금호로 66,광주**,,서울 성동구,한식-해물/생선,,20020708,,37.5492789,127.0262471,success,성동구,A,골목상권,"3110109",금호삼성래미안아파트,202316,450083,"11200",성동구,"11200590",금호1가동,29788
69BC027D6D,서울 성동구 금호로 56.,만족********,한식-육류/고기8,서울 성동구,한식-육류/고기,금남시장,20160822,,37.5484182,127.0260428,success,성동구,A,골목상권,"3110109",금호삼성래미안아파트,202316,450083,"11200",성동구,"11200590",금호1가동,29788
A7F9CAA110,서울 성동구 금호로 66.,대중*****,,서울 성동구,한식-육류/고기,,20151030,,37.5492789,127.0262471,success,성동구,A,골목상권,"3110109",금호삼성래미안아파트,202316,450083,"11200",성동구,"11200590",금호1가동,29788
"0286E31425",서울 성동구 금호로 84.,장미**,,서울 성동구,백반/가정식,,20150902,,37.5508313,127.0258371,success,성동구,A,골목상권,"3110109",금호삼성래미안아파트,202316,450083,"11200",성동구,"11200590",금호1가동,29788
C26F430D81,서울 성동구 금호로 86.,삼덕**,,서울 성동구,미곡상,,20130605,,37.5512058,127.0258367,success,성동구,A,골목상권,"3110109",금호삼성래미안아파트,202316,450083,"11200",성동구,"11200590",금호1가동,29788
68B6CAE65F,서울 성동구 금호로 62-1.,더 **,,서울 성동구,식료품,금남시장,20180801,,37.5489665,127.0261501,success,성동구,A,골목상권,"3110109",금호삼성래미안아파트,202316,450083,"11200",성동구,"11200590",금호1가동,29788
A149A462C3,서울 성동구 금호로 62-1.,요거**********,,서울 성동구,아이스크림/빙수,금남시장,20240426,,37.5489665,127.0261501,success,성동구,A,골목상권,"3110109",금호삼성래미안아파트,202316,450083,"11200",성동구,"11200590",금호1가동,29788
D822E86B3D,서울  성동구  금호로  82-1,함흥***,,서울 성동구,한식-단품요리일반,,20120626,,37.5507442,127.0259178,success,성동구,A,골목상권,"3110109",금호삼성래미안아파트,202316,450083,"11200",성동구,"11200590",금호1가동,29788
8098CCE4CA,서울특별시 성동구 금호로 56,여일**,,서울 성동구,축산물,금남시장,20230803,,37.5484182,127.0260428,success,성동구,A,골목상권,"3110109",금호삼성래미안아파트,202316,450083,"11200",성동구,"11200590",금호1가동,29788
291A30DB5B,서울특별시 성동구 금호로 58,둘둘**********,치킨14,서울 성동구,치킨,금남시장,20231019,,37.5485173,127.0260607,success,성동구,A,골목상권,"3110109",금호삼성래미안아파트,202316,450083,"11200",성동구,"11200590",금호1가동,29788
D749124593,서울특별시 성동구 금호로 58,코끼******,,서울 성동구,카페,금남시장,20221220,,37.5485173,127.0260607,success,성동구,A,골목상권,"3110109",금호삼성래미안아파트,202316,450083,"11200",성동구,"11200590",금호1가동,29788
BEF8CE3173,서울특별시 성동구 금호로 60,주연*******,,서울 성동구,한식-찌개/전골,금남시장,20240715,,37.5486022,127.0260916,success,성동구,A,골목상권,"3110109",금호삼성래미안아파트,202316,450083,"11200",성동구,"11200590",금호1가동,29788
2910BEDA4D,서울특별시 성동구 금호로 60,비올**,,서울 성동구,한식-단품요리일반,금남시장,20180706,,37.5486022,127.0260916,success,성동구,A,골목상권,"3110109",금호삼성래미안아파트,202316,450083,"11200",성동구,"11200590",금호1가동,29788
6BC713A140,서울특별시 성동구 금호로 64,불닭*********************,분식7,서울 성동구,분식,금남시장,20221118,,37.5490931,127.0261966,success,성동구,A,골목상권,"3110109",금호삼성래미안아파트,202316,450083,"11200",성동구,"11200590",금호1가동,29788
C241964DED,서울특별시 성동구 금호로 66,미남*,,서울 성동구,식품 제조,,20170720,,37.5492789,127.0262471,success,성동구,A,골목상권,"3110109",금호삼성래미안아파트,202316,450083,"11200",성동구,"11200590",금호1가동,29788
D5FAEB61B0,서울특별시 성동구 금호로 82,위윌*******************,,서울 성동구,커피전문점,,20240822,,37.550651,127.0259358,success,성동구,A,골목상권,"3110109",금호삼성래미안아파트,202316,450083,"11200",성동구,"11200590",금호1가동,29788
E4E4B45D06,서울특별시 성동구 금호로 84,카페***,,서울 성동구,카페,,20200207,20250715,37.5508313,127.0258371,success,성동구,A,골목상권,"3110109",금호삼성래미안아파트,202316,450083,"11200",성동구,"11200590",금호1가동,29788
384FAF740C,서울특별시 성동구 금호로 84,벌스*********************,,서울 성동구,카페,,20240820,,37.5508313,127.0258371,success,성동구,A,골목상권,"3110109",금호삼성래미안아파트,202316,450083,"11200",성동구,"11200590",금호1가동,29788
"24D8120756",서울특별시 성동구 금호로 86,수니********************,,서울 성동구,한식-육류/고기,,20240628,,37.5512058,127.0258367,success,성동구,A,골목상권,"3110109",금호삼성래미안아파트,202316,450083,"11200",성동구,"11200590",금호1가동,29788
D19DEE1724,서울특별시 성동구 금호로 86,한강****,,서울 성동구,룸살롱/단란주점,,20240401,,37.5512058,127.0258367,success,성동구,A,골목상권,"3110109",금호삼성래미안아파트,202316,450083,"11200",성동구,"11200590",금호1가동,29788
"21348D6015",서울특별시 성동구 금호로 94,렉*,,서울 성동구,카페,,20210930,,37.5516712,127.0257122,success,성동구,A,골목상권,"3110109",금호삼성래미안아파트,202316,450083,"11200",성동구,"11200590",금호1가동,29788
890A5CC5E0,서울 성동구 독서당로51길 31.,함평**,,서울 성동구,백반/가정식,,20111221,,37.5506887,127.0260123,success,성동구,A,골목상권,"3110109",금호삼성래미안아파트,202316,450083,"11200",성동구,"11200590",금호1가동,29788
C990B38CA7,서울특별시 성동구 금호로 76-1,부요**,,서울 성동구,베이커리,,20240529,,37.5501985,127.0261419,success,성동구,A,골목상권,"3110109",금호삼성래미안아파트,202316,450083,"11200",성동구,"11200590",금호1가동,29788
109684EF6A,서울특별시 성동구 금호로 80-1,올드**,,서울 성동구,양식,,20220502,,37.5505736,127.0259659,success,성동구,A,골목상권,"3110109",금호삼성래미안아파트,202316,450083,"11200",성동구,"11200590",금호1가동,29788
C0FFD3E7B0,서울특별시 성동구 금호로 80-1,체체*********,,서울 성동구,와인바,,20231018,,37.5505736,127.0259659,success,성동구,A,골목상권,"3110109",금호삼성래미안아파트,202316,450083,"11200",성동구,"11200590",금호1가동,29788
16C1722BC0,서울 성동구 독서당로51길 23-1.,디무*********,,서울 성동구,양식,,20151020,,37.5501272,127.0263742,success,성동구,A,골목상권,"3110109",금호삼성래미안아파트,202316,450083,"11200",성동구,"11200590",금호1가동,29788
B1B6F5EE0C,서울특별시 성동구 독서당로51길 15,멘야*,,서울 성동구,일식당,,20201112,,37.5494621,127.0264543,success,성동구,A,골목상권,"3110109",금호삼성래미안아파트,202316,450083,"11200",성동구,"11200590",금호1가동,29788
E7299FA225,서울특별시 성동구 독서당로51길 29,파르*****,,서울 성동구,양식,,20221111,,37.5505964,127.0261358,success,성동구,A,골목상권,"3110109",금호삼성래미안아파트,202316,450083,"11200",성동구,"11200590",금호1가동,29788
7C36D7F09A,서울특별시 성동구 독서당로51길 34,수미*,,서울 성동구,떡/한과,,20200928,,37.5509087,127.0260278,success,성동구,A,골목상권,"3110109",금호삼성래미안아파트,202316,450083,"11200",성동구,"11200590",금호1가동,29788
DECBA9ED42,서울특별시 성동구 독서당로51길 22-1,카운***,,서울 성동구,카페,,20230927,,37.5500775,127.0266228,success,성동구,A,골목상권,"3110109",금호삼성래미안아파트,202316,450083,"11200",성동구,"11200590",금호1가동,29788
BECBEDC4A9,서울특별시 성동구 독서당로51길 29-1,오부**,,서울 성동구,양식,,20200924,20240528,37.550606,127.0260546,success,성동구,A,골목상권,"3110109",금호삼성래미안아파트,202316,450083,"11200",성동구,"11200590",금호1가동,29788
EC0642694D,서울특별시 성동구 독서당로51길 29-1,오부**,,서울 성동구,양식,,20240528,,37.550606,127.0260546,success,성동구,A,골목상권,"3110109",금호삼성래미안아파트,202316,450083,"11200",성동구,"11200590",금호1가동,29788
"0E8F0CC5D8",서울특별시 성동구 독서당로51길 34-1,37******,,서울 성동구,한식-단품요리일반,,20190617,,37.550956,127.0259384,success,성동구,A,골목상권,"3110109",금호삼성래미안아파트,202316,450083,"11200",성동구,"11200590",금호1가동,29788
1E7A13BB3E,서울특별시 성동구 금호로 82-1,더 ****,,서울 성동구,청과물,,20230502,,37.5507442,127.0259178,success,성동구,A,골목상권,"3110109",금호삼성래미안아파트,202316,450083,"11200",성동구,"11200590",금호1가동,29788
D511E3D8B1,서울 성동구 무수막길 3.,참나******,,서울 성동구,한식-육류/고기,금남시장,20010905,,37.5484858,127.025411,success,성동구,A,골목상권,"3110105",금동어린이공원,202076,449956,"11200",성동구,"11200615",금호2·3가동,69009
31DE46AC2D,서울 성동구 금호산2길 19,맛있*****,,서울 성동구,떡/한과 제조,금남시장,20111010,,37.5489038,127.0218145,success,성동구,A,골목상권,"3110105",금동어린이공원,202076,449956,"11200",성동구,"11200615",금호2·3가동,69009
F717FD0621,서울 성동구 금호산2길 5.,유쾌**,,서울 성동구,포장마차,금남시장,20150313,,37.5488554,127.0201577,success,성동구,A,골목상권,"3110105",금동어린이공원,202076,449956,"11200",성동구,"11200615",금호2·3가동,69009
53F5775D15,서울 성동구 금호동3가 207,바람*****,한식-해물/생선4,서울 성동구,한식-해물/생선,금남시장,20100202,,37.5484858,127.025411,success,성동구,A,골목상권,"3110105",금동어린이공원,202076,449956,"11200",성동구,"11200615",금호2·3가동,69009
C265B15B41,서울 성동구 금호산2길 13.,용가*,,서울 성동구,백반/가정식,금남시장,20150813,,37.5489038,127.0209974,success,성동구,A,골목상권,"3110105",금동어린이공원,202076,449956,"11200",성동구,"11200615",금호2·3가동,69009
543E9DF72E,서울 성동구 금호산2길 23.,왕이***,,서울 성동구,백반/가정식,금남시장,20160705,,37.5489534,127.0222327,success,성동구,A,골목상권,"3110105",금동어린이공원,202076,449956,"11200",성동구,"11200615",금호2·3가동,69009
5A4B697AE7,서울  성동구  금호산2길  19,바다******,한식-해물/생선3,서울 성동구,한식-해물/생선,금남시장,20120727,,37.5489038,127.0218145,success,성동구,A,골목상권,"3110105",금동어린이공원,202076,449956,"11200",성동구,"11200615",금호2·3가동,69009
79ECEB213D,서울 성동구 금호산2길 17-1.,왕코***,백반/가정식16,서울 성동구,백반/가정식,금남시장,20160624,,37.5488917,127.02166,success,성동구,A,골목상권,"3110105",금동어린이공원,202076,449956,"11200",성동구,"11200615",금호2·3가동,69009
9710E13DA5,서울 성동구 금호산2길 29-5.,열정**,,서울 성동구,한식-단품요리일반,금남시장,20220228,,37.5488839,127.0229072,success,성동구,A,골목상권,"3110105",금동어린이공원,202076,449956,"11200",성동구,"11200615",금호2·3가동,69009
249C65ED4B,서울 성동구 독서당로 315-4.,느*,,서울 성동구,호프/맥주,금남시장,20191105,,37.5483503,127.0242726,success,성동구,A,골목상권,"3110105",금동어린이공원,202076,449956,"11200",성동구,"11200615",금호2·3가동,69009
6E8A1269CE,서울 성동구 독서당로 325-1.,정드****,,서울 성동구,반찬,금남시장,20110421,,37.5482208,127.0252724,success,성동구,A,골목상권,"3110105",금동어린이공원,202076,449956,"11200",성동구,"11200615",금호2·3가동,69009
"055544325C",서울특별시 성동구 금호로 67,라 ******,,서울 성동구,베이커리,금남시장,20240611,,37.5493563,127.0257476,success,성동구,A,골목상권,"3110105",금동어린이공원,202076,449956,"11200",성동구,"11200615",금호2·3가동,69009
"6D76048445",서울특별시 성동구 무수막길 1,메가***********,,서울 성동구,한식-단품요리일반,금남시장,20241010,,37.5483435,127.0254788,success,성동구,A,골목상권,"3110105",금동어린이공원,202076,449956,"11200",성동구,"11200615",금호2·3가동,69009
C3CE191BFB,서울특별시 성동구 금호산2길 3,미*,,서울 성동구,이자카야,금남시장,20190603,,37.5487961,127.020036,success,성동구,A,골목상권,"3110105",금동어린이공원,202076,449956,"11200",성동구,"11200615",금호2·3가동,69009
501AEDAE3D,서울특별시 성동구 금호산2길 5,스쿨**********,분식11,서울 성동구,분식,금남시장,20180129,,37.5488554,127.0201577,success,성동구,A,골목상권,"3110105",금동어린이공원,202076,449956,"11200",성동구,"11200615",금호2·3가동,69009
5970C28B1D,서울특별시 성동구 금호산길 10,33****,,서울 성동구,마카롱,금남시장,20221117,,37.5492135,127.0197468,success,성동구,A,골목상권,"3110105",금동어린이공원,202076,449956,"11200",성동구,"11200615",금호2·3가동,69009
98C0A088C7,서울특별시 성동구 금호산길 16,백설*******,,서울 성동구,농산물,금남시장,20230407,,37.5497612,127.0198503,success,성동구,A,골목상권,"3110105",금동어린이공원,202076,449956,"11200",성동구,"11200615",금호2·3가동,69009
36E3A686C1,서울특별시 성동구 장터5가길 6,코코***,,서울 성동구,카페,금남시장,20211019,,37.5490031,127.0216909,success,성동구,A,골목상권,"3110105",금동어린이공원,202076,449956,"11200",성동구,"11200615",금호2·3가동,69009
2FB0335820,서울특별시 성동구 금호산2길 13,가뱅*******,,서울 성동구,와인바,금남시장,20201013,20250708,37.5489038,127.0209974,success,성동구,A,골목상권,"3110105",금동어린이공원,202076,449956,"11200",성동구,"11200615",금호2·3가동,69009
BEC769D20C,서울특별시 성동구 금호산2길 21,시장**,,서울 성동구,일반 유흥주점,금남시장,20231031,,37.548905,127.0219324,success,성동구,A,골목상권,"3110105",금동어린이공원,202076,449956,"11200",성동구,"11200615",금호2·3가동,69009
377472828B,서울특별시 성동구 금호산2길 23,금호**,,서울 성동구,포장마차,금남시장,20201021,,37.5489534,127.0222327,success,성동구,A,골목상권,"3110105",금동어린이공원,202076,449956,"11200",성동구,"11200615",금호2·3가동,69009
61A7EE0050,서울특별시 성동구 금호산2길 27,형제***,,서울 성동구,떡/한과 제조,금남시장,20190703,20250716,37.5489327,127.0227056,success,성동구,A,골목상권,"3110105",금동어린이공원,202076,449956,"11200",성동구,"11200615",금호2·3가동,69009
E25C0935BB,서울특별시 성동구 독서당로 311,본죽**********,한식-죽2,서울 성동구,한식-죽,금남시장,20170622,,37.5483167,127.0235401,success,성동구,A,골목상권,"3110105",금동어린이공원,202076,449956,"11200",성동구,"11200615",금호2·3가동,69009
596D95834C,서울특별시 성동구 독서당로 329,금호**,,서울 성동구,분식,금남시장,20230905,,37.5482804,127.0255001,success,성동구,A,골목상권,"3110105",금동어린이공원,202076,449956,"11200",성동구,"11200615",금호2·3가동,69009
2C72D19DB4,서울특별시 성동구 독서당로 329,메가************,커피전문점2,서울 성동구,커피전문점,금남시장,20211012,,37.5482804,127.0255001,success,성동구,A,골목상권,"3110105",금동어린이공원,202076,449956,"11200",성동구,"11200615",금호2·3가동,69009
63AB211FC9,서울특별시 성동구 금호산2가길 2,완도****,,서울 성동구,한식-해물/생선,금남시장,20170412,,37.5489843,127.0225463,success,성동구,A,골목상권,"3110105",금동어린이공원,202076,449956,"11200",성동구,"11200615",금호2·3가동,69009
1BB00863B9,서울특별시 성동구 금호산길 10-1,서울****,,서울 성동구,농산물,금남시장,20240509,,37.5492794,127.0197455,success,성동구,A,골목상권,"3110105",금동어린이공원,202076,449956,"11200",성동구,"11200615",금호2·3가동,69009
39E9AADD30,서울특별시 성동구 금호산2길 11-1,비에***********,치킨3,서울 성동구,치킨,금남시장,20210728,,37.5488945,127.0208592,success,성동구,A,골목상권,"3110105",금동어린이공원,202076,449956,"11200",성동구,"11200615",금호2·3가동,69009
DA66A755A8,서울특별시 성동구 금호산2길 15-1,담양**********,,서울 성동구,한식-육류/고기,금남시장,20210119,,37.5489082,127.0214449,success,성동구,A,골목상권,"3110105",금동어린이공원,202076,449956,"11200",성동구,"11200615",금호2·3가동,69009
1829BF330D,서울특별시 성동구 금호산2길 17-1,원조***,,서울 성동구,반찬,금남시장,20190313,,37.5488917,127.02166,success,성동구,A,골목상권,"3110105",금동어린이공원,202076,449956,"11200",성동구,"11200615",금호2·3가동,69009
263A2454D1,서울특별시 성동구 금호산2길 17-1,란*,,서울 성동구,호프/맥주,금남시장,20170913,,37.5488917,127.02166,success,성동구,A,골목상권,"3110105",금동어린이공원,202076,449956,"11200",성동구,"11200615",금호2·3가동,69009
"0C52600659",서울특별시 성동구 금호산2길 25-1,금호***,,서울 성동구,건강원,금남시장,20240717,,37.5489485,127.0226056,success,성동구,A,골목상권,"3110105",금동어린이공원,202076,449956,"11200",성동구,"11200615",금호2·3가동,69009
"2485494277",서울특별시 성동구 독서당로 315-13,센서*********************************,,서울 성동구,카페,금남시장,20201222,,37.5485131,127.0241217,success,성동구,A,골목상권,"3110105",금동어린이공원,202076,449956,"11200",성동구,"11200615",금호2·3가동,69009
"02080D3457",서울특별시 성동구 금호산2길 21-1,앂.**************,,서울 성동구,양식,금남시장,20221011,,37.5489723,127.0220973,success,성동구,A,골목상권,"3110105",금동어린이공원,202076,449956,"11200",성동구,"11200615",금호2·3가동,69009
AB9E1046C2,서울  성동구  행당로3길  18,우리**,,서울 성동구,청과물,,20120424,,37.5570112,127.0241373,success,성동구,A,골목상권,"3110106",금북초등학교,202140,450763,"11200",성동구,"11200590",금호1가동,21366
B372695116,서울특별시 성동구 행당로 43,만득***,,서울 성동구,백반/가정식,,20161223,,37.5558347,127.0242773,success,성동구,A,골목상권,"3110106",금북초등학교,202140,450763,"11200",성동구,"11200590",금호1가동,21366
8E1FCF09CD,서울특별시 성동구 행당로1길 7,남도*********,,서울 성동구,분식,,20230220,,37.556236,127.0236217,success,성동구,A,골목상권,"3110106",금북초등학교,202140,450763,"11200",성동구,"11200590",금호1가동,21366
73EAEB36C5,서울특별시 성동구 행당로1길 7,스윗***,,서울 성동구,식료품,,20201224,,37.556236,127.0236217,success,성동구,A,골목상권,"3110106",금북초등학교,202140,450763,"11200",성동구,"11200590",금호1가동,21366
3D972997F9,서울특별시 성동구 행당로1길 7,국가****,,서울 성동구,백반/가정식,,20200723,,37.556236,127.0236217,success,성동구,A,골목상권,"3110106",금북초등학교,202140,450763,"11200",성동구,"11200590",금호1가동,21366
3C76B0425D,서울특별시 성동구 행당로1길 7,전기****,,서울 성동구,한식-단품요리일반,,20230803,,37.556236,127.0236217,success,성동구,A,골목상권,"3110106",금북초등학교,202140,450763,"11200",성동구,"11200590",금호1가동,21366
178A3B9A58,서울특별시 성동구 행당로1길 8,달꽃*,,서울 성동구,농산물,,20230113,,37.5562266,127.0237813,success,성동구,A,골목상권,"3110106",금북초등학교,202140,450763,"11200",성동구,"11200590",금호1가동,21366
A2D9C941A9,서울특별시 성동구 행당로5길 2,메가***********,커피전문점2,서울 성동구,커피전문점,,20220823,,37.555862,127.0245769,success,성동구,A,골목상권,"3110106",금북초등학교,202140,450763,"11200",성동구,"11200590",금호1가동,21366
400C105927,서울특별시 성동구 행당로1길 22,한랑**,,서울 성동구,요리주점,,20230823,,37.557224,127.0243517,success,성동구,A,골목상권,"3110106",금북초등학교,202140,450763,"11200",성동구,"11200590",금호1가동,21366
A7C2991F57,서울특별시 성동구 행당로1길 14-1,뜨돈*****,,서울 성동구,일식-덮밥/돈가스,,20240202,,37.5568099,127.0239545,success,성동구,A,골목상권,"3110106",금북초등학교,202140,450763,"11200",성동구,"11200590",금호1가동,21366
88B36E48D9,서울 성동구 금호로 45.,필라*******,,서울 성동구,룸살롱/단란주점,금남시장,20020124,,37.5475242,127.0252628,success,성동구,A,골목상권,"3110107",금호사거리,202203,449734,"11200",성동구,"11200620",금호4가동,22191
5468EE06CF,서울 성동구 금호로 47-1,금수*,,서울 성동구,중식당,금남시장,20020604,,37.5477762,127.0254632,success,성동구,A,골목상권,"3110107",금호사거리,202203,449734,"11200",성동구,"11200620",금호4가동,22191
6ED0C81CE7,서울 성동구 독서당로 326,비비**********,치킨2,서울 성동구,치킨,금남시장,20111101,,37.5479157,127.0251226,success,성동구,A,골목상권,"3110107",금호사거리,202203,449734,"11200",성동구,"11200620",금호4가동,22191
B88DBA7876,서울 성동구 금호로1길 43.,초코**,,서울 성동구,테마카페,금남시장,20151202,,37.547963,127.0238102,success,성동구,A,골목상권,"3110107",금호사거리,202203,449734,"11200",성동구,"11200620",금호4가동,22191
5DEC65272B,서울 성동구 독서당로 314.,허*,,서울 성동구,카페,금남시장,20150622,,37.5480028,127.023946,success,성동구,A,골목상권,"3110107",금호사거리,202203,449734,"11200",성동구,"11200620",금호4가동,22191
D484C380BF,서울 성동구 독서당로 314.,배스**********,아이스크림/빙수1,서울 성동구,아이스크림/빙수,금남시장,20150416,,37.5480028,127.023946,success,성동구,A,골목상권,"3110107",금호사거리,202203,449734,"11200",성동구,"11200620",금호4가동,22191
754D53A40B,서울 성동구 독서당로 316.,신앙***,식료품1,서울 성동구,식료품,금남시장,20091230,,37.5479827,127.024083,success,성동구,A,골목상권,"3110107",금호사거리,202203,449734,"11200",성동구,"11200620",금호4가동,22191
160DDA26E5,서울 성동구 금호로3길 18-44,금옥*,,서울 성동구,백반/가정식,금남시장,20101007,,37.5478847,127.024441,success,성동구,A,골목상권,"3110107",금호사거리,202203,449734,"11200",성동구,"11200620",금호4가동,22191
6823A37A44,서울 성동구 금호로3길 18-44,가보*,,서울 성동구,한식-단품요리일반,금남시장,20060720,,37.5478847,127.024441,success,성동구,A,골목상권,"3110107",금호사거리,202203,449734,"11200",성동구,"11200620",금호4가동,22191
56E1D6E430,서울특별시 성동구 금호로 45,정은**,,서울 성동구,한식-육류/고기,금남시장,20170828,,37.5475242,127.0252628,success,성동구,A,골목상권,"3110107",금호사거리,202203,449734,"11200",성동구,"11200620",금호4가동,22191
259AFDA5D8,서울특별시 성동구 금호로 47,잭슨******,,서울 성동구,피자,금남시장,20210416,,37.5476997,127.0254204,success,성동구,A,골목상권,"3110107",금호사거리,202203,449734,"11200",성동구,"11200620",금호4가동,22191
"0840AC0A17",서울 성동구 독서당로46길 36-1,고모**,,서울 성동구,백반/가정식,금남시장,20040716,,37.5478258,127.0233369,success,성동구,A,골목상권,"3110107",금호사거리,202203,449734,"11200",성동구,"11200620",금호4가동,22191
9314CB7768,서울특별시 성동구 금호로 47-1,무쇠*****,,서울 성동구,한식-육류/고기,금남시장,20200313,,37.5477762,127.0254632,success,성동구,A,골목상권,"3110107",금호사거리,202203,449734,"11200",성동구,"11200620",금호4가동,22191
8CF0FD6C6A,서울특별시 성동구 금호로1길 41,청정***,,서울 성동구,한식-해물/생선,금남시장,20170725,,37.5477562,127.023666,success,성동구,A,골목상권,"3110107",금호사거리,202203,449734,"11200",성동구,"11200620",금호4가동,22191
51D51815C2,서울특별시 성동구 금호로1길 43,스마*,,서울 성동구,백반/가정식,금남시장,20220927,,37.547963,127.0238102,success,성동구,A,골목상권,"3110107",금호사거리,202203,449734,"11200",성동구,"11200620",금호4가동,22191
3FD4A26C54,서울특별시 성동구 독서당로 318,아이************,,서울 성동구,아이스크림/빙수,금남시장,20240813,,37.5479733,127.0242643,success,성동구,A,골목상권,"3110107",금호사거리,202203,449734,"11200",성동구,"11200620",금호4가동,22191
6BF23575B6,서울특별시 성동구 독서당로 322,갈팡******,,서울 성동구,한식-단품요리일반,금남시장,20230530,,37.5479561,127.0246941,success,성동구,A,골목상권,"3110107",금호사거리,202203,449734,"11200",성동구,"11200620",금호4가동,22191
CC3A3D392C,서울특별시 성동구 금호로3가길 3,도르****,,서울 성동구,동남아/인도음식,금남시장,20221006,,37.5478122,127.0242122,success,성동구,A,골목상권,"3110107",금호사거리,202203,449734,"11200",성동구,"11200620",금호4가동,22191
"0EC92894F0",서울특별시 성동구 금호로1길 41-1,빙동*****,,서울 성동구,아이스크림/빙수,금남시장,20241007,,37.5478506,127.0237389,success,성동구,A,골목상권,"3110107",금호사거리,202203,449734,"11200",성동구,"11200620",금호4가동,22191
673E2D3411,서울특별시 성동구 독서당로 312-1,갈비*****,,서울 성동구,한식-국밥/설렁탕,금남시장,20230728,,37.5479968,127.0237378,success,성동구,A,골목상권,"3110107",금호사거리,202203,449734,"11200",성동구,"11200620",금호4가동,22191
DF32149DAD,서울특별시 성동구 독서당로50길 1,키라***,,서울 성동구,호프/맥주,금남시장,20201217,,37.5478992,127.0236584,success,성동구,A,골목상권,"3110107",금호사거리,202203,449734,"11200",성동구,"11200620",금호4가동,22191
"0E47B24887",서울특별시 성동구 독서당로46길 38-1,라파**,,서울 성동구,카페,금남시장,20221216,,37.5479824,127.0234507,success,성동구,A,골목상권,"3110107",금호사거리,202203,449734,"11200",성동구,"11200620",금호4가동,22191
9977D38E3F,서울 성동구 행당로 119,이삭***,샌드위치/토스트3,서울 성동구,샌드위치/토스트,행당,20150430,,37.5582797,127.0321048,success,성동구,A,골목상권,"3110112",행당역 2번,202776,451078,"11200",성동구,"11200560",행당1동,68591
88375A5971,서울 성동구 행당로 129,김밥**,,서울 성동구,분식,왕십리,20080328,,37.558505,127.0332864,success,성동구,A,골목상권,"3110112",행당역 2번,202776,451078,"11200",성동구,"11200560",행당1동,68591
3BB8C1A3AD,서울 성동구 행당로 109.,행당**,한식-육류/고기31,서울 성동구,한식-육류/고기,행당,20140806,,37.5580951,127.0310096,success,성동구,A,골목상권,"3110112",행당역 2번,202776,451078,"11200",성동구,"11200560",행당1동,68591
"8234005757",서울 성동구 행당로 129.,폰아*************,,서울 성동구,담배,왕십리,20150121,,37.558505,127.0332864,success,성동구,A,골목상권,"3110112",행당역 2번,202776,451078,"11200",성동구,"11200560",행당1동,68591
107D13BB20,서울 성동구 행당로 129.,곽선****,,서울 성동구,분식,왕십리,20220808,,37.558505,127.0332864,success,성동구,A,골목상권,"3110112",행당역 2번,202776,451078,"11200",성동구,"11200560",행당1동,68591
DAD6A93B87,서울 성동구 행당로 129.,봉구************,햄버거3,서울 성동구,햄버거,왕십리,20131031,,37.558505,127.0332864,success,성동구,A,골목상권,"3110112",행당역 2번,202776,451078,"11200",성동구,"11200560",행당1동,68591
CFE1DBB894,서울 성동구 행당로17길 5,명랑*****,,서울 성동구,분식,왕십리,20120412,,37.5589837,127.0334915,success,성동구,A,골목상권,"3110112",행당역 2번,202776,451078,"11200",성동구,"11200560",행당1동,68591
15136D3E9D,서울 성동구 행당로17길 5,우리*,,서울 성동구,백반/가정식,왕십리,20050902,,37.5589837,127.0334915,success,성동구,A,골목상권,"3110112",행당역 2번,202776,451078,"11200",성동구,"11200560",행당1동,68591
69BE861BE9,서울 성동구 행당로 125-3.,코스*,,서울 성동구,호프/맥주,왕십리,20010216,,37.5584036,127.0326678,success,성동구,A,골목상권,"3110112",행당역 2번,202776,451078,"11200",성동구,"11200560",행당1동,68591
"0AAC5CC72A",서울 성동구 행당로 127-1.,광동*******,수산물1,서울 성동구,수산물,왕십리,20131231,,37.5584709,127.0330785,success,성동구,A,골목상권,"3110112",행당역 2번,202776,451078,"11200",성동구,"11200560",행당1동,68591
167123A24F,서울 성동구 행당로17길 11,꼬랑**,,서울 성동구,치킨,왕십리,20010706,,37.5594126,127.0333776,success,성동구,A,골목상권,"3110112",행당역 2번,202776,451078,"11200",성동구,"11200560",행당1동,68591
"02A5043FF7",서울 성동구 행당로17길 13,왕십*****,,서울 성동구,한식-육류/고기,왕십리,20030623,,37.5595083,127.0333266,success,성동구,A,골목상권,"3110112",행당역 2번,202776,451078,"11200",성동구,"11200560",행당1동,68591
3AA1678CDE,서울 성동구 행당로17길 7.,왕십*****,,서울 성동구,한식-육류/고기,왕십리,20100621,,37.5590788,127.0333887,success,성동구,A,골목상권,"3110112",행당역 2번,202776,451078,"11200",성동구,"11200560",행당1동,68591
72DBCB6C77,서울  성동구  행당로17길  5,행당***,,서울 성동구,한식-국밥/설렁탕,왕십리,20111206,,37.5589837,127.0334915,success,성동구,A,골목상권,"3110112",행당역 2번,202776,451078,"11200",성동구,"11200560",행당1동,68591
6138A3EEB7,서울 성동구 행당로13길 2-1.,아*,,서울 성동구,요리주점,행당,20190813,,37.5583247,127.0316097,success,성동구,A,골목상권,"3110112",행당역 2번,202776,451078,"11200",성동구,"11200560",행당1동,68591
67950640CA,서울 성동구 행당로17길 1-45.,돈슐*,,서울 성동구,한식-육류/고기,왕십리,20170315,,37.5587488,127.033217,success,성동구,A,골목상권,"3110112",행당역 2번,202776,451078,"11200",성동구,"11200560",행당1동,68591
6947245C66,서울특별시 성동구 행당로 107,왕십******,,서울 성동구,분식,행당,20230622,20250801,37.5580683,127.0308452,success,성동구,A,골목상권,"3110112",행당역 2번,202776,451078,"11200",성동구,"11200560",행당1동,68591
F2AE4EF7AB,서울특별시 성동구 행당로 109,조조**,,서울 성동구,중식당,행당,20241210,,37.5580951,127.0310096,success,성동구,A,골목상권,"3110112",행당역 2번,202776,451078,"11200",성동구,"11200560",행당1동,68591
CB9C109826,서울특별시 성동구 행당로 113,쪼꼬***,,서울 성동구,식료품,행당,20241010,,37.5581456,127.0313726,success,성동구,A,골목상권,"3110112",행당역 2번,202776,451078,"11200",성동구,"11200560",행당1동,68591
DFE427F21C,서울특별시 성동구 행당로 119,한솥***,도시락3,서울 성동구,도시락,행당,20231130,,37.5582797,127.0321048,success,성동구,A,골목상권,"3110112",행당역 2번,202776,451078,"11200",성동구,"11200560",행당1동,68591
4A3538DDC3,서울특별시 성동구 행당로 119,컴포**********,커피전문점11,서울 성동구,커피전문점,행당,20230623,,37.5582797,127.0321048,success,성동구,A,골목상권,"3110112",행당역 2번,202776,451078,"11200",성동구,"11200560",행당1동,68591
C766BAD8FB,서울특별시 성동구 행당로 121,빽다*******,커피전문점4,서울 성동구,커피전문점,왕십리,20210527,,37.5583497,127.0323786,success,성동구,A,골목상권,"3110112",행당역 2번,202776,451078,"11200",성동구,"11200560",행당1동,68591
D7028A57A2,서울특별시 성동구 행당로 121,몬스******,,서울 성동구,한식-단품요리일반,왕십리,20231206,,37.5583497,127.0323786,success,성동구,A,골목상권,"3110112",행당역 2번,202776,451078,"11200",성동구,"11200560",행당1동,68591
1ABAFAF53E,서울특별시 성동구 행당로 127,청년*******,,서울 성동구,치킨,왕십리,20210217,,37.5584482,127.032956,success,성동구,A,골목상권,"3110112",행당역 2번,202776,451078,"11200",성동구,"11200560",행당1동,68591
5B1F2A7BA9,서울특별시 성동구 행당로 129,매머************,,서울 성동구,커피전문점,왕십리,20230628,,37.558505,127.0332864,success,성동구,A,골목상권,"3110112",행당역 2번,202776,451078,"11200",성동구,"11200560",행당1동,68591
"0B6A827588",서울특별시 성동구 행당로 119-6,아이*****,,서울 성동구,아이스크림/빙수,행당,20200623,,37.5583068,127.0322545,success,성동구,A,골목상권,"3110112",행당역 2번,202776,451078,"11200",성동구,"11200560",행당1동,68591
AA24604161,서울특별시 성동구 행당로 119-6,오코*******,,서울 성동구,일식-우동/소바/라면,행당,20170313,,37.5583068,127.0322545,success,성동구,A,골목상권,"3110112",행당역 2번,202776,451078,"11200",성동구,"11200560",행당1동,68591
EC2497D7F4,서울특별시 성동구 행당로 125-4,스시*,,서울 성동구,일식당,왕십리,20240703,,37.5584273,127.0328544,success,성동구,A,골목상권,"3110112",행당역 2번,202776,451078,"11200",성동구,"11200560",행당1동,68591
9D2E924E3E,서울특별시 성동구 행당로 125-4,하노*****,동남아/인도음식7,서울 성동구,동남아/인도음식,왕십리,20180622,20250730,37.5584273,127.0328544,success,성동구,A,골목상권,"3110112",행당역 2번,202776,451078,"11200",성동구,"11200560",행당1동,68591
9C542A99A9,서울특별시 성동구 행당로11길 4,깐부*******,치킨8,서울 성동구,치킨,행당,20230324,,37.5582047,127.0308053,success,성동구,A,골목상권,"3110112",행당역 2번,202776,451078,"11200",성동구,"11200560",행당1동,68591
6D30C7D218,서울특별시 성동구 행당로15길 4,마라**,,서울 성동구,중식-훠궈/마라탕,행당,20221216,,37.5584017,127.0318396,success,성동구,A,골목상권,"3110112",행당역 2번,202776,451078,"11200",성동구,"11200560",행당1동,68591
7DEB8C0391,서울특별시 성동구 행당로17길 3,뚜레*****,베이커리2,서울 성동구,베이커리,왕십리,20220510,,37.5588373,127.0334025,success,성동구,A,골목상권,"3110112",행당역 2번,202776,451078,"11200",성동구,"11200560",행당1동,68591
EB9EB89CB7,서울특별시 성동구 왕십리로21길 29,에릭*****,,서울 성동구,식료품,왕십리,20241128,20250714,37.5601231,127.0319017,success,성동구,A,골목상권,"3110112",행당역 2번,202776,451078,"11200",성동구,"11200560",행당1동,68591
AAB23F8C3E,서울특별시 성동구 왕십리로21길 50,하노*******,동남아/인도음식7,서울 성동구,동남아/인도음식,,20191111,,37.5594613,127.0298707,success,성동구,A,골목상권,"3110112",행당역 2번,202776,451078,"11200",성동구,"11200560",행당1동,68591
C1A729DDD7,서울특별시 성동구 행당로17길 1-45,에이******,,서울 성동구,요리주점,왕십리,20191017,,37.5587488,127.033217,success,성동구,A,골목상권,"3110112",행당역 2번,202776,451078,"11200",성동구,"11200560",행당1동,68591
EA734570C0,서울특별시 성동구 행당로17길 13-1,꽁당*****,백반/가정식5,서울 성동구,백반/가정식,왕십리,20190522,,37.5594513,127.0332266,success,성동구,A,골목상권,"3110112",행당역 2번,202776,451078,"11200",성동구,"11200560",행당1동,68591
10D9319CCB,서울특별시 성동구 왕십리로21나길 5,더블*,,서울 성동구,카페,왕십리,20240201,,37.5598767,127.0325315,success,성동구,A,골목상권,"3110112",행당역 2번,202776,451078,"11200",성동구,"11200560",행당1동,68591
"0667DA4B74",서울특별시 성동구 왕십리로21길 39-1,오블*************,,서울 성동구,양식,행당,20221028,,37.5596623,127.0307792,success,성동구,A,골목상권,"3110112",행당역 2번,202776,451078,"11200",성동구,"11200560",행당1동,68591
255EEC201D,서울특별시 성동구 왕십리로21길 39-1,호남**,,서울 성동구,한식-찌개/전골,행당,20190524,,37.5596623,127.0307792,success,성동구,A,골목상권,"3110112",행당역 2번,202776,451078,"11200",성동구,"11200560",행당1동,68591
20540DA43D,서울특별시 성동구 왕십리로21길 45-1,연디**,,서울 성동구,베이커리,행당,20200408,,37.5592745,127.0303283,success,성동구,A,골목상권,"3110112",행당역 2번,202776,451078,"11200",성동구,"11200560",행당1동,68591
90A718A704,서울 성동구 독서당로 384,파리********,베이커리10,서울 성동구,베이커리,,20100129,,37.5498977,127.0311064,success,성동구,A,골목상권,"3110113",응봉산,202786,449918,"11200",성동구,"11200580",응봉동,89115
234A71B7B5,서울 성동구 독서당로 378.,돈앤*,,서울 성동구,일식-덮밥/돈가스,,20210714,,37.5496037,127.0305234,success,성동구,A,골목상권,"3110113",응봉산,202786,449918,"11200",성동구,"11200580",응봉동,89115
713EF07634,서울 성동구 독서당로60길 5.,처갓*****,치킨30,서울 성동구,치킨,,20050510,,37.5494836,127.0312031,success,성동구,A,골목상권,"3110113",응봉산,202786,449918,"11200",성동구,"11200580",응봉동,89115
56637B5CFF,서울 성동구 독서당로62길 4.,응봉*******,,서울 성동구,한식-육류/고기,,20160201,,37.5496394,127.0311136,success,성동구,A,골목상권,"3110113",응봉산,202786,449918,"11200",성동구,"11200580",응봉동,89115
F3D4CF71FF,서울 성동구 독서당로60길 10.,신샘******,,서울 성동구,식료품,,20120413,,37.5491604,127.0309569,success,성동구,A,골목상권,"3110113",응봉산,202786,449918,"11200",성동구,"11200580",응봉동,89115
A6FFB4295C,서울  성동구  독서당로60길  5,엄마*****,,서울 성동구,백반/가정식,,20111212,,37.5494836,127.0312031,success,성동구,A,골목상권,"3110113",응봉산,202786,449918,"11200",성동구,"11200580",응봉동,89115
B11D3238E3,서울특별시 성동구 독서당로 384,마넌*,,서울 성동구,한식-육류/고기,,20240802,,37.5498977,127.0311064,success,성동구,A,골목상권,"3110113",응봉산,202786,449918,"11200",성동구,"11200580",응봉동,89115
"00DA1813DE",서울특별시 성동구 독서당로60길 2,망고***,,서울 성동구,청과물,,20190905,,37.5497164,127.0307875,success,성동구,A,골목상권,"3110113",응봉산,202786,449918,"11200",성동구,"11200580",응봉동,89115
"026EBC2ED1",서울특별시 성동구 독서당로60길 2,티엔************,,서울 성동구,동남아/인도음식,,20230403,,37.5497164,127.0307875,success,성동구,A,골목상권,"3110113",응봉산,202786,449918,"11200",성동구,"11200580",응봉동,89115
AC6E8AC491,서울특별시 성동구 독서당로60길 4,한남*****,,서울 성동구,축산물,,20221031,20250730,37.5495803,127.0308308,success,성동구,A,골목상권,"3110113",응봉산,202786,449918,"11200",성동구,"11200580",응봉동,89115
5F4D724ED3,서울특별시 성동구 독서당로62길 4,가온*,,서울 성동구,백반/가정식,,20190812,,37.5496394,127.0311136,success,성동구,A,골목상권,"3110113",응봉산,202786,449918,"11200",성동구,"11200580",응봉동,89115
F0CC0C4D8F,서울특별시 성동구 독서당로60길 6-1,성동*******,,서울 성동구,농산물,,20180406,,37.5493662,127.0309923,success,성동구,A,골목상권,"3110113",응봉산,202786,449918,"11200",성동구,"11200580",응봉동,89115
"0F0676C7F0",서울특별시 성동구 독서당로60가길 20,이레**,,서울 성동구,농산물,,20230110,,37.5491057,127.0321922,success,성동구,A,골목상권,"3110113",응봉산,202786,449918,"11200",성동구,"11200580",응봉동,89115
4CC519E81E,서울특별시 성동구 독서당로62길 22-11,얌이**,,서울 성동구,백반/가정식,,20200520,,37.5500791,127.0330696,success,성동구,A,골목상권,"3110113",응봉산,202786,449918,"11200",성동구,"11200580",응봉동,89115
A7C2307794,서울 성동구 한림말1길 8.,콩물*****,,서울 성동구,한식-두부요리,옥수,20140508,,37.542013,127.016544,success,성동구,A,골목상권,"3110102",옥수역 6번,201423,449294,"11200",성동구,"11200645",옥수동,34682
8194D2104C,서울 성동구 한림말3길 14,달*,,서울 성동구,청과물,옥수,20160627,,37.5424005,127.0160346,success,성동구,A,골목상권,"3110102",옥수역 6번,201423,449294,"11200",성동구,"11200645",옥수동,34682
EF6C8B42CB,서울 성동구 한림말5길 7.,프로****,,서울 성동구,요리주점,옥수,20151028,,37.5418658,127.0168042,success,성동구,A,골목상권,"3110102",옥수역 6번,201423,449294,"11200",성동구,"11200645",옥수동,34682
A902A53272,서울 성동구 독서당로 220.,바르********,분식10,서울 성동구,분식,옥수,20150216,,37.5437423,127.0152607,success,성동구,A,골목상권,"3110102",옥수역 6번,201423,449294,"11200",성동구,"11200645",옥수동,34682
3C4FAA53F0,서울 성동구 한림말1길 13.,제주****,,서울 성동구,한식-육류/고기,옥수,20100906,,37.5425033,127.0162327,success,성동구,A,골목상권,"3110102",옥수역 6번,201423,449294,"11200",성동구,"11200645",옥수동,34682
C534CA7692,서울 성동구 한림말1길 16.,오늘******,,서울 성동구,한식-육류/고기,옥수,20140514,,37.5425745,127.0164663,success,성동구,A,골목상권,"3110102",옥수역 6번,201423,449294,"11200",성동구,"11200645",옥수동,34682
BE8BE0B9CF,서울 성동구 한림말3길 10.,오솜**,,서울 성동구,카페,옥수,20210623,20250730,37.5421378,127.0162794,success,성동구,A,골목상권,"3110102",옥수역 6번,201423,449294,"11200",성동구,"11200645",옥수동,34682
645C99961F,서울 성동구 한림말3길 29.,더 ******,,서울 성동구,한식-단품요리일반,옥수,20150827,,37.5436274,127.0152993,success,성동구,A,골목상권,"3110102",옥수역 6번,201423,449294,"11200",성동구,"11200645",옥수동,34682
A43C78D6AE,서울 성동구 한림말3길 31.,개미**,,서울 성동구,백반/가정식,옥수,20150511,,37.543789,127.0153975,success,성동구,A,골목상권,"3110102",옥수역 6번,201423,449294,"11200",성동구,"11200645",옥수동,34682
14575F7112,서울 성동구 한림말5길 11.,둘둘**,치킨14,서울 성동구,치킨,옥수,20141023,,37.542335,127.0165857,success,성동구,A,골목상권,"3110102",옥수역 6번,201423,449294,"11200",성동구,"11200645",옥수동,34682
58C2DD4547,서울 성동구 한림말5길 19.,빈플**,,서울 성동구,카페,옥수,20140303,,37.5429862,127.0164344,success,성동구,A,골목상권,"3110102",옥수역 6번,201423,449294,"11200",성동구,"11200645",옥수동,34682
9952AAC240,서울  성동구  한림말3길  2,파리***********,베이커리10,서울 성동구,베이커리,옥수,20111115,,37.5417036,127.0169103,success,성동구,A,골목상권,"3110102",옥수역 6번,201423,449294,"11200",성동구,"11200645",옥수동,34682
A973A20431,서울  성동구  한림말3길  8,더코***,,서울 성동구,양식,옥수,20120518,,37.5418619,127.0165719,success,성동구,A,골목상권,"3110102",옥수역 6번,201423,449294,"11200",성동구,"11200645",옥수동,34682
"06EB542919",서울 성동구 한림말1길 15-2,민들***,,서울 성동구,떡/한과 제조,옥수,20100312,,37.5427298,127.0161678,success,성동구,A,골목상권,"3110102",옥수역 6번,201423,449294,"11200",성동구,"11200645",옥수동,34682
4C89EB1228,서울 성동구 한림말1길 16-1.,치킨*******,치킨32,서울 성동구,치킨,옥수,20100524,,37.5427602,127.0164175,success,성동구,A,골목상권,"3110102",옥수역 6번,201423,449294,"11200",성동구,"11200645",옥수동,34682
8C8645E2B5,서울특별시 성동구 한림말3길 2,데비*******,,서울 성동구,일반 유흥주점,옥수,20220114,,37.5417036,127.0169103,success,성동구,A,골목상권,"3110102",옥수역 6번,201423,449294,"11200",성동구,"11200645",옥수동,34682
"0D98347CAA",서울특별시 성동구 독서당로 222,미*,,서울 성동구,일식당,옥수,20190513,,37.543873,127.0153785,success,성동구,A,골목상권,"3110102",옥수역 6번,201423,449294,"11200",성동구,"11200645",옥수동,34682
830D91CD85,서울특별시 성동구 독서당로 224,깐부******,치킨8,서울 성동구,치킨,옥수,20191029,,37.5439267,127.0156406,success,성동구,A,골목상권,"3110102",옥수역 6번,201423,449294,"11200",성동구,"11200645",옥수동,34682
E71A3EA260,서울특별시 성동구 독서당로 230,앁(****,,서울 성동구,한식-단품요리일반,옥수,20201111,,37.5443117,127.0161207,success,성동구,A,골목상권,"3110102",옥수역 6번,201423,449294,"11200",성동구,"11200645",옥수동,34682
32C35D2846,서울특별시 성동구 한림말1길 10,베스***********,아이스크림/빙수1,서울 성동구,아이스크림/빙수,옥수,20231226,,37.5421721,127.0166107,success,성동구,A,골목상권,"3110102",옥수역 6번,201423,449294,"11200",성동구,"11200645",옥수동,34682
819DFB541A,서울특별시 성동구 한림말1길 12,세이**,,서울 성동구,식료품,옥수,20241115,,37.5430894,127.0161901,success,성동구,A,골목상권,"3110102",옥수역 6번,201423,449294,"11200",성동구,"11200645",옥수동,34682
A7CC582C60,서울특별시 성동구 한림말1길 12,아우*********,,서울 성동구,베이커리,옥수,20241104,,37.5430894,127.0161901,success,성동구,A,골목상권,"3110102",옥수역 6번,201423,449294,"11200",성동구,"11200645",옥수동,34682
4257D2CFAA,서울특별시 성동구 한림말1길 12,토리*******,,서울 성동구,한식-단품요리일반,옥수,20240905,,37.5430894,127.0161901,success,성동구,A,골목상권,"3110102",옥수역 6번,201423,449294,"11200",성동구,"11200645",옥수동,34682
7AFF6C86CE,서울특별시 성동구 한림말1길 16,르루***********,,서울 성동구,카페,옥수,20190227,,37.5425745,127.0164663,success,성동구,A,골목상권,"3110102",옥수역 6번,201423,449294,"11200",성동구,"11200645",옥수동,34682
80F02261CF,서울특별시 성동구 한림말1길 17,수제*****,,서울 성동구,요리주점,옥수,20210721,,37.5429,127.0162019,success,성동구,A,골목상권,"3110102",옥수역 6번,201423,449294,"11200",성동구,"11200645",옥수동,34682
19325B3A29,서울특별시 성동구 한림말3길 10,캘*,,서울 성동구,햄버거,옥수,20211123,,37.5421378,127.0162794,success,성동구,A,골목상권,"3110102",옥수역 6번,201423,449294,"11200",성동구,"11200645",옥수동,34682
9B746411BA,서울특별시 성동구 한림말3길 12,옥토*,,서울 성동구,백반/가정식,옥수,20240523,,37.5422656,127.016127,success,성동구,A,골목상권,"3110102",옥수역 6번,201423,449294,"11200",성동구,"11200645",옥수동,34682
BE3F9032F3,서울특별시 성동구 한림말3길 14,모찌**,,서울 성동구,베이커리,옥수,20170720,,37.5424005,127.0160346,success,성동구,A,골목상권,"3110102",옥수역 6번,201423,449294,"11200",성동구,"11200645",옥수동,34682
6B8978E14C,서울특별시 성동구 한림말3길 15,본죽***********,한식-죽2,서울 성동구,한식-죽,옥수,20231103,,37.5424613,127.015661,success,성동구,A,골목상권,"3110102",옥수역 6번,201423,449294,"11200",성동구,"11200645",옥수동,34682
F6AC821645,서울특별시 성동구 한림말3길 21,펑키***,,서울 성동구,양식,옥수,20201208,,37.5427814,127.0154588,success,성동구,A,골목상권,"3110102",옥수역 6번,201423,449294,"11200",성동구,"11200645",옥수동,34682
"0AA044D334",서울특별시 성동구 한림말3길 21,베이****,,서울 성동구,베이커리,옥수,20201214,,37.5427814,127.0154588,success,성동구,A,골목상권,"3110102",옥수역 6번,201423,449294,"11200",성동구,"11200645",옥수동,34682
"037D7CDBAE",서울특별시 성동구 한림말3길 29,좋은*****,,서울 성동구,일식당,옥수,20200715,,37.5436274,127.0152993,success,성동구,A,골목상권,"3110102",옥수역 6번,201423,449294,"11200",성동구,"11200645",옥수동,34682
B2DA05F4F2,서울특별시 성동구 한림말3길 31,항구*****,,서울 성동구,한식-단품요리일반,옥수,20170209,,37.543789,127.0153975,success,성동구,A,골목상권,"3110102",옥수역 6번,201423,449294,"11200",성동구,"11200645",옥수동,34682
84407A0DDB,서울특별시 성동구 한림말5길 11,애플********,,서울 성동구,분식,옥수,20220614,,37.542335,127.0165857,success,성동구,A,골목상권,"3110102",옥수역 6번,201423,449294,"11200",성동구,"11200645",옥수동,34682
"055A2785B9",서울특별시 성동구 한림말5길 11,커피***********,,서울 성동구,커피전문점,옥수,20190607,,37.542335,127.0165857,success,성동구,A,골목상권,"3110102",옥수역 6번,201423,449294,"11200",성동구,"11200645",옥수동,34682
743AB5992F,서울특별시 성동구 한림말5길 15,케이***********,,서울 성동구,분식,옥수,20201104,,37.5425139,127.0166071,success,성동구,A,골목상권,"3110102",옥수역 6번,201423,449294,"11200",성동구,"11200645",옥수동,34682
A8D93F0376,서울특별시 성동구 한림말5길 15,옥수**,,서울 성동구,식료품,옥수,20241204,,37.5425139,127.0166071,success,성동구,A,골목상권,"3110102",옥수역 6번,201423,449294,"11200",성동구,"11200645",옥수동,34682
32514851CD,서울특별시 성동구 한림말5길 17,카페****,,서울 성동구,카페,옥수,20190508,,37.5427853,127.0165378,success,성동구,A,골목상권,"3110102",옥수역 6번,201423,449294,"11200",성동구,"11200645",옥수동,34682
727BA366E7,서울특별시 성동구 한림말5길 17,생활*******,호프/맥주4,서울 성동구,호프/맥주,옥수,20230327,,37.5427853,127.0165378,success,성동구,A,골목상권,"3110102",옥수역 6번,201423,449294,"11200",성동구,"11200645",옥수동,34682
47C597A064,서울특별시 성동구 한림말5길 25,맑을*,,서울 성동구,주류,옥수,20171220,,37.543437,127.0164187,success,성동구,A,골목상권,"3110102",옥수역 6번,201423,449294,"11200",성동구,"11200645",옥수동,34682
1CA14FB122,서울특별시 성동구 한림말1길 15-2,정동*,,서울 성동구,한식-해물/생선,옥수,20200327,,37.5427298,127.0161678,success,성동구,A,골목상권,"3110102",옥수역 6번,201423,449294,"11200",성동구,"11200645",옥수동,34682
712C4A96BB,서울특별시 성동구 한림말3길 21-1,만수**********,,서울 성동구,백반/가정식,옥수,20200511,,37.5428838,127.015399,success,성동구,A,골목상권,"3110102",옥수역 6번,201423,449294,"11200",성동구,"11200645",옥수동,34682
82951B7A54,서울특별시 성동구 한림말3길 27-1,스탠*********************,,서울 성동구,양식,옥수,20180323,,37.5434523,127.0152461,success,성동구,A,골목상권,"3110102",옥수역 6번,201423,449294,"11200",성동구,"11200645",옥수동,34682
"82383253D7",서울특별시 성동구 한림말3길 27-1,옥수***********,,서울 성동구,피자,옥수,20240620,,37.5434523,127.0152461,success,성동구,A,골목상권,"3110102",옥수역 6번,201423,449294,"11200",성동구,"11200645",옥수동,34682
E6D2D191A3,서울특별시 성동구 한림말5길 15-1,옥수***,,서울 성동구,축산물,옥수,20180129,,37.542609,127.016595,success,성동구,A,골목상권,"3110102",옥수역 6번,201423,449294,"11200",성동구,"11200645",옥수동,34682
"064F68DA7E",서울특별시 성동구 한림말3길 15-12,엄마**,,서울 성동구,백반/가정식,옥수,20221118,,37.5423063,127.0155454,success,성동구,A,골목상권,"3110102",옥수역 6번,201423,449294,"11200",성동구,"11200645",옥수동,34682
EA1657CCD1,서울특별시 성동구 한림말3길 15-16,심플********,,서울 성동구,백반/가정식,옥수,20240119,,37.5422842,127.0153715,success,성동구,A,골목상권,"3110102",옥수역 6번,201423,449294,"11200",성동구,"11200645",옥수동,34682
"093D848452",서울특별시 성동구 한림말3길 15-16,치카***,,서울 성동구,일식-우동/소바/라면,옥수,20231221,,37.5422842,127.0153715,success,성동구,A,골목상권,"3110102",옥수역 6번,201423,449294,"11200",성동구,"11200645",옥수동,34682
7102ACD438,서울 성동구 매봉길 2.,인덕***,,서울 성동구,양식,옥수,20180117,,37.5453709,127.0170102,success,성동구,A,골목상권,"3110103",옥수터널,201450,449586,"11200",성동구,"11200620",금호4가동,19057
F80F79F599,서울 성동구 매봉길 2.,파파*****,피자7,서울 성동구,피자,옥수,20051130,,37.5453709,127.0170102,success,성동구,A,골목상권,"3110103",옥수터널,201450,449586,"11200",성동구,"11200620",금호4가동,19057
2324CB55B4,서울 성동구 매봉길 16.,래미***,,서울 성동구,한식-단품요리일반,옥수,20110314,,37.5454506,127.0156051,success,성동구,A,골목상권,"3110103",옥수터널,201450,449586,"11200",성동구,"11200620",금호4가동,19057
CF7D4E4D69,서울 성동구 매봉길 22.,함흥***,,서울 성동구,한식-국밥/설렁탕,옥수,20130802,,37.5458539,127.0156288,success,성동구,A,골목상권,"3110103",옥수터널,201450,449586,"11200",성동구,"11200620",금호4가동,19057
C45BC175C8,서울  성동구  매봉길  12,이디***,커피전문점6,서울 성동구,커피전문점,옥수,20120808,,37.5452737,127.0157182,success,성동구,A,골목상권,"3110103",옥수터널,201450,449586,"11200",성동구,"11200620",금호4가동,19057
A690F78364,서울 성동구 동호로 104 .,용남***,,서울 성동구,수산물,금남시장,20160127,,37.5457828,127.0165947,success,성동구,A,골목상권,"3110103",옥수터널,201450,449586,"11200",성동구,"11200620",금호4가동,19057
"0AE494A908",서울 성동구 매봉길 16-32,소마*****,,서울 성동구,농산물,옥수,20160321,,37.5454888,127.0163224,success,성동구,A,골목상권,"3110103",옥수터널,201450,449586,"11200",성동구,"11200620",금호4가동,19057
15B7F02740,서울 성동구 동호로 76-30.,라피**,,서울 성동구,카페,옥수,20211119,,37.5456898,127.0157779,success,성동구,A,골목상권,"3110103",옥수터널,201450,449586,"11200",성동구,"11200620",금호4가동,19057
4EBEB61964,서울특별시 성동구 매봉길 20,스시*********,,서울 성동구,일식당,옥수,20200903,,37.5456522,127.0156234,success,성동구,A,골목상권,"3110103",옥수터널,201450,449586,"11200",성동구,"11200620",금호4가동,19057
8C3A8E3FD0,서울특별시 성동구 매봉길 20,라구***,,서울 성동구,베이커리,옥수,20220525,,37.5456522,127.0156234,success,성동구,A,골목상권,"3110103",옥수터널,201450,449586,"11200",성동구,"11200620",금호4가동,19057
7D6F493369,서울 성동구 상원6길 5,춘천***,한식-육류/고기25,서울 성동구,한식-육류/고기,뚝섬,20000318,,37.5486256,127.0487219,success,성동구,R,전통시장,"3130070",뚝섬역상점가,204339,449882,"11200",성동구,"11200660",성수1가2동,56166
98BA99BFE9,서울 성동구 상원8길 1,가든***,,서울 성동구,축산물,뚝섬,20090717,,37.5489175,127.048284,success,성동구,R,전통시장,"3130070",뚝섬역상점가,204339,449882,"11200",성동구,"11200660",성수1가2동,56166
54529B6426,서울 성동구 상원길 52,둘둘***********,치킨14,서울 성동구,치킨,뚝섬,20101101,,37.5486223,127.0483739,success,성동구,R,전통시장,"3130070",뚝섬역상점가,204339,449882,"11200",성동구,"11200660",성수1가2동,56166
3DD6585AD5,서울 성동구 상원길 54,이흥***,,서울 성동구,한식-육류/고기,뚝섬,19990205,,37.5487515,127.0483332,success,성동구,R,전통시장,"3130070",뚝섬역상점가,204339,449882,"11200",성동구,"11200660",성수1가2동,56166
2B89D787CB,서울 성동구 상원길 60,왕짜*,중식당3,서울 성동구,중식당,뚝섬,20181205,,37.5493552,127.0481487,success,성동구,R,전통시장,"3130070",뚝섬역상점가,204339,449882,"11200",성동구,"11200660",성수1가2동,56166
7FD59667F6,서울 성동구 상원10길 6,풍년*****,,서울 성동구,백반/가정식,뚝섬,20090520,,37.5491409,127.0486843,success,성동구,R,전통시장,"3130070",뚝섬역상점가,204339,449882,"11200",성동구,"11200660",성수1가2동,56166
B0B5E9F0A8,서울 성동구 상원10길 8,미락******,,서울 성동구,한식-국수/만두,뚝섬,20100610,,37.5492121,127.0488132,success,성동구,R,전통시장,"3130070",뚝섬역상점가,204339,449882,"11200",성동구,"11200660",성수1가2동,56166
87CD1EAFC6,서울 성동구 상원6길 4.,호남**,,서울 성동구,백반/가정식,뚝섬,20121122,,37.5483439,127.0487054,success,성동구,R,전통시장,"3130070",뚝섬역상점가,204339,449882,"11200",성동구,"11200660",성수1가2동,56166
A194A2CDE5,서울 성동구 상원8길 1.,좋은**,,서울 성동구,농산물,뚝섬,20150206,,37.5489175,127.048284,success,성동구,R,전통시장,"3130070",뚝섬역상점가,204339,449882,"11200",성동구,"11200660",성수1가2동,56166
7727CDA849,서울 성동구 상원길 64.,코너*,,서울 성동구,양식,뚝섬,20191011,,37.549794,127.0480182,success,성동구,R,전통시장,"3130070",뚝섬역상점가,204339,449882,"11200",성동구,"11200660",성수1가2동,56166
735CDC10F9,서울 성동구 상원길 66.,일로*******,,서울 성동구,한식-단품요리일반,뚝섬,20160610,,37.5499418,127.0479749,success,성동구,R,전통시장,"3130070",뚝섬역상점가,204339,449882,"11200",성동구,"11200660",성수1가2동,56166
AA062AE1FC,서울 성동구 상원6길 6-1,호타*,,서울 성동구,일식-덮밥/돈가스,뚝섬,20100517,,37.5485113,127.0489171,success,성동구,R,전통시장,"3130070",뚝섬역상점가,204339,449882,"11200",성동구,"11200660",성수1가2동,56166
424AAC4582,서울  성동구  상원길  64,한우***,,서울 성동구,축산물,뚝섬,20120514,,37.549794,127.0480182,success,성동구,R,전통시장,"3130070",뚝섬역상점가,204339,449882,"11200",성동구,"11200660",성수1가2동,56166
E4A9ECB7B9,서울 성동구 상원6나길 6.,커피******,카페11,서울 성동구,카페,뚝섬,20140310,,37.5485395,127.0492782,success,성동구,R,전통시장,"3130070",뚝섬역상점가,204339,449882,"11200",성동구,"11200660",성수1가2동,56166
431B6E7893,서울 성동구 성수일로 77.,라이*,,서울 성동구,중식당,뚝섬,20140212,,37.547478,127.0498957,success,성동구,R,전통시장,"3130070",뚝섬역상점가,204339,449882,"11200",성동구,"11200660",성수1가2동,56166
16CBDF3A48,서울 성동구 성수일로 77.,강남**,백반/가정식1,서울 성동구,백반/가정식,뚝섬,20130711,,37.547478,127.0498957,success,성동구,R,전통시장,"3130070",뚝섬역상점가,204339,449882,"11200",성동구,"11200660",성수1가2동,56166
FDC6438DD6,서울 성동구 성수일로 77.,이화***************,,서울 성동구,한식-국밥/설렁탕,뚝섬,20160802,,37.547478,127.0498957,success,성동구,R,전통시장,"3130070",뚝섬역상점가,204339,449882,"11200",성동구,"11200660",성수1가2동,56166
82090124F0,서울 성동구 아차산로 49.,백억******,,서울 성동구,카페,뚝섬,20160518,,37.5468667,127.0497144,success,성동구,R,전통시장,"3130070",뚝섬역상점가,204339,449882,"11200",성동구,"11200660",성수1가2동,56166
"0B0F5967E0",서울 성동구 상원10길 4-1.,제주******,,서울 성동구,백반/가정식,뚝섬,20160516,,37.5490684,127.0485543,success,성동구,R,전통시장,"3130070",뚝섬역상점가,204339,449882,"11200",성동구,"11200660",성수1가2동,56166
CDDFB5390C,서울 성동구 상원10길 8-1.,숙도**,반찬1,서울 성동구,반찬,뚝섬,20151030,,37.5492819,127.0489391,success,성동구,R,전통시장,"3130070",뚝섬역상점가,204339,449882,"11200",성동구,"11200660",성수1가2동,56166
98C81699B7,서울 성동구 상원10길 8-1.,잇쇼*,,서울 성동구,일식-초밥/롤,뚝섬,20140219,,37.5492819,127.0489391,success,성동구,R,전통시장,"3130070",뚝섬역상점가,204339,449882,"11200",성동구,"11200660",성수1가2동,56166
E6AD1272C7,서울 성동구 상원10나길 23,비비*,치킨2,서울 성동구,치킨,뚝섬,20060626,,37.5502682,127.0482217,success,성동구,R,전통시장,"3130070",뚝섬역상점가,204339,449882,"11200",성동구,"11200660",성수1가2동,56166
21373CB273,서울  성동구  상원10길  16,김종***,,서울 성동구,카페,뚝섬,20120106,,37.5496051,127.0495305,success,성동구,R,전통시장,"3130070",뚝섬역상점가,204339,449882,"11200",성동구,"11200660",성수1가2동,56166
A026B58660,서울특별시 성동구 상원4길 4,사흘**,,서울 성동구,양식,뚝섬,20200228,,37.5473686,127.0487932,success,성동구,R,전통시장,"3130070",뚝섬역상점가,204339,449882,"11200",성동구,"11200660",성수1가2동,56166
2D9247837A,서울특별시 성동구 상원4길 6,은사**************,,서울 성동구,분식,뚝섬,20231012,,37.5471461,127.0491243,success,성동구,R,전통시장,"3130070",뚝섬역상점가,204339,449882,"11200",성동구,"11200660",성수1가2동,56166
CADFDBF8E5,서울특별시 성동구 상원4길 9,화로**,,서울 성동구,한식-육류/고기,뚝섬,20230407,,37.5472956,127.0496797,success,성동구,R,전통시장,"3130070",뚝섬역상점가,204339,449882,"11200",성동구,"11200660",성수1가2동,56166
58D324F8BD,서울특별시 성동구 상원6길 2,릴레***********,,서울 성동구,카페,뚝섬,20210526,,37.5483018,127.0486224,success,성동구,R,전통시장,"3130070",뚝섬역상점가,204339,449882,"11200",성동구,"11200660",성수1가2동,56166
57A742D22B,서울특별시 성동구 상원6길 3,신명***,,서울 성동구,백반/가정식,뚝섬,20221213,,37.5485448,127.048593,success,성동구,R,전통시장,"3130070",뚝섬역상점가,204339,449882,"11200",성동구,"11200660",성수1가2동,56166
7E63F9E0CF,서울특별시 성동구 상원6길 6,리틀****,,서울 성동구,카페,뚝섬,20230818,20250710,37.5484471,127.0488124,success,성동구,R,전통시장,"3130070",뚝섬역상점가,204339,449882,"11200",성동구,"11200660",성수1가2동,56166
8A4528C2DE,서울특별시 성동구 상원6길 6,카모*,,서울 성동구,한식-국밥/설렁탕,뚝섬,20241115,,37.5484471,127.0488124,success,성동구,R,전통시장,"3130070",뚝섬역상점가,204339,449882,"11200",성동구,"11200660",성수1가2동,56166
E58F84D462,서울특별시 성동구 상원6길 8,소적*****,카페7,서울 성동구,카페,뚝섬,20171116,,37.5485793,127.0490724,success,성동구,R,전통시장,"3130070",뚝섬역상점가,204339,449882,"11200",성동구,"11200660",성수1가2동,56166
23B2E3C466,서울특별시 성동구 상원6길 8,황귀****,,서울 성동구,한식-육류/고기,뚝섬,20200414,,37.5485793,127.0490724,success,성동구,R,전통시장,"3130070",뚝섬역상점가,204339,449882,"11200",성동구,"11200660",성수1가2동,56166
D877FBFA11,서울특별시 성동구 상원8길 1,플라********,,서울 성동구,커피전문점,뚝섬,20200226,,37.5489175,127.048284,success,성동구,R,전통시장,"3130070",뚝섬역상점가,204339,449882,"11200",성동구,"11200660",성수1가2동,56166
27F2AD0786,서울특별시 성동구 상원길 36,서래********,,서울 성동구,한식-육류/고기,뚝섬,20190923,,37.5471608,127.0488656,success,성동구,R,전통시장,"3130070",뚝섬역상점가,204339,449882,"11200",성동구,"11200660",성수1가2동,56166
DABB8F4DFF,서울특별시 성동구 상원길 44,플*,,서울 성동구,베이커리,뚝섬,20200113,,37.5479319,127.048527,success,성동구,R,전통시장,"3130070",뚝섬역상점가,204339,449882,"11200",성동구,"11200660",성수1가2동,56166
12E149DC7F,서울특별시 성동구 상원길 46,더킹*,,서울 성동구,일식-덮밥/돈가스,뚝섬,20210114,,37.5481093,127.0485339,success,성동구,R,전통시장,"3130070",뚝섬역상점가,204339,449882,"11200",성동구,"11200660",성수1가2동,56166
3FEABA501A,서울특별시 성동구 상원길 50,도시******,,서울 성동구,반찬,뚝섬,20230629,,37.548448,127.0484442,success,성동구,R,전통시장,"3130070",뚝섬역상점가,204339,449882,"11200",성동구,"11200660",성수1가2동,56166
58BB43C891,서울특별시 성동구 상원길 50,부엉*,,서울 성동구,식료품,뚝섬,20240802,,37.548448,127.0484442,success,성동구,R,전통시장,"3130070",뚝섬역상점가,204339,449882,"11200",성동구,"11200660",성수1가2동,56166
2ABC68FBCD,서울특별시 성동구 상원길 52,프레*********,,서울 성동구,한식-단품요리일반,뚝섬,20241015,,37.5486223,127.0483739,success,성동구,R,전통시장,"3130070",뚝섬역상점가,204339,449882,"11200",성동구,"11200660",성수1가2동,56166
9934EF5B85,서울특별시 성동구 상원길 58,땅스********,,서울 성동구,한식-단품요리일반,뚝섬,20231016,,37.5491608,127.0482041,success,성동구,R,전통시장,"3130070",뚝섬역상점가,204339,449882,"11200",성동구,"11200660",성수1가2동,56166
C6100F7EF1,서울특별시 성동구 상원길 60,엄마**,,서울 성동구,반찬,뚝섬,20200922,,37.5493552,127.0481487,success,성동구,R,전통시장,"3130070",뚝섬역상점가,204339,449882,"11200",성동구,"11200660",성수1가2동,56166
668C9F56AA,서울특별시 성동구 상원길 69,컴인**,,서울 성동구,와인바,뚝섬,20221026,,37.5501749,127.0476776,success,성동구,R,전통시장,"3130070",뚝섬역상점가,204339,449882,"11200",성동구,"11200660",성수1가2동,56166
"016C67D6C6",서울특별시 성동구 상원10길 3,목*,,서울 성동구,양식,뚝섬,20240524,,37.5492198,127.0483946,success,성동구,R,전통시장,"3130070",뚝섬역상점가,204339,449882,"11200",성동구,"11200660",성수1가2동,56166
F602494665,서울특별시 성동구 상원10길 3,기엔*,,서울 성동구,양식,뚝섬,20241114,,37.5492198,127.0483946,success,성동구,R,전통시장,"3130070",뚝섬역상점가,204339,449882,"11200",성동구,"11200660",성수1가2동,56166
DCDA685076,서울특별시 성동구 상원10길 3,시치**********,,서울 성동구,백반/가정식,뚝섬,20220930,,37.5492198,127.0483946,success,성동구,R,전통시장,"3130070",뚝섬역상점가,204339,449882,"11200",성동구,"11200660",성수1가2동,56166
F4C22C0FED,서울특별시 성동구 상원10길 3,금일**,,서울 성동구,백반/가정식,뚝섬,20230706,,37.5492198,127.0483946,success,성동구,R,전통시장,"3130070",뚝섬역상점가,204339,449882,"11200",성동구,"11200660",성수1가2동,56166
8A26E12861,서울특별시 성동구 상원10길 4,햄찌*******,,서울 성동구,한식-찌개/전골,뚝섬,20210629,,37.5489954,127.0484202,success,성동구,R,전통시장,"3130070",뚝섬역상점가,204339,449882,"11200",성동구,"11200660",성수1가2동,56166
591FFE0261,서울특별시 성동구 상원10길 4,옴시********,,서울 성동구,한식-단품요리일반,뚝섬,20240508,,37.5489954,127.0484202,success,성동구,R,전통시장,"3130070",뚝섬역상점가,204339,449882,"11200",성동구,"11200660",성수1가2동,56166
9A750B743F,서울특별시 성동구 상원10길 7,시원********,,서울 성동구,백반/가정식,뚝섬,20200602,,37.5493694,127.048681,success,성동구,R,전통시장,"3130070",뚝섬역상점가,204339,449882,"11200",성동구,"11200660",성수1가2동,56166
FCAF3BA597,서울특별시 성동구 상원4길 10,레이***,,서울 성동구,카페,뚝섬,20200922,,37.5469859,127.0494417,success,성동구,R,전통시장,"3130070",뚝섬역상점가,204339,449882,"11200",성동구,"11200660",성수1가2동,56166
BF6A6456AB,서울특별시 성동구 상원4길 11,우아**,,서울 성동구,한식-육류/고기,뚝섬,20240131,20250724,37.5472111,127.0493547,success,성동구,R,전통시장,"3130070",뚝섬역상점가,204339,449882,"11200",성동구,"11200660",성수1가2동,56166
1CA7D76A49,서울특별시 성동구 상원6길 10,슈*,,서울 성동구,식료품,뚝섬,20240814,,37.5486559,127.0491646,success,성동구,R,전통시장,"3130070",뚝섬역상점가,204339,449882,"11200",성동구,"11200660",성수1가2동,56166
46AEC08B5A,서울특별시 성동구 상원10길 10,평이***********,,서울 성동구,분식,뚝섬,20191218,,37.5493504,127.0490622,success,성동구,R,전통시장,"3130070",뚝섬역상점가,204339,449882,"11200",성동구,"11200660",성수1가2동,56166
387BDBCD80,서울특별시 성동구 상원6가길 3,웜히*,,서울 성동구,카페,뚝섬,20220719,,37.5483745,127.0488786,success,성동구,R,전통시장,"3130070",뚝섬역상점가,204339,449882,"11200",성동구,"11200660",성수1가2동,56166
79892ACBB1,서울특별시 성동구 상원길 38-1,메가*********,커피전문점2,서울 성동구,커피전문점,뚝섬,20220616,,37.5473686,127.0487932,success,성동구,R,전통시장,"3130070",뚝섬역상점가,204339,449882,"11200",성동구,"11200660",성수1가2동,56166
FD01231FB6,서울특별시 성동구 상원길 48-1,성수****,,서울 성동구,백반/가정식,뚝섬,20230927,,37.5482569,127.0485104,success,성동구,R,전통시장,"3130070",뚝섬역상점가,204339,449882,"11200",성동구,"11200660",성수1가2동,56166
229E67841F,서울특별시 성동구 상원길 48-1,성수***,,서울 성동구,한식-해물/생선,뚝섬,20230927,,37.5482569,127.0485104,success,성동구,R,전통시장,"3130070",뚝섬역상점가,204339,449882,"11200",성동구,"11200660",성수1가2동,56166
DADB178866,서울특별시 성동구 성수일로 77,김가***********,분식1,서울 성동구,분식,뚝섬,20181029,,37.547478,127.0498957,success,성동구,R,전통시장,"3130070",뚝섬역상점가,204339,449882,"11200",성동구,"11200660",성수1가2동,56166
6C3EFED516,서울특별시 성동구 아차산로 49,토마********,분식17,서울 성동구,분식,뚝섬,20220825,,37.5468667,127.0497144,success,성동구,R,전통시장,"3130070",뚝섬역상점가,204339,449882,"11200",성동구,"11200660",성수1가2동,56166
B8C1E9F4C6,서울특별시 성동구 아차산로 49,오*,,서울 성동구,카페,뚝섬,20230905,,37.5468667,127.0497144,success,성동구,R,전통시장,"3130070",뚝섬역상점가,204339,449882,"11200",성동구,"11200660",성수1가2동,56166
474B033710,서울특별시 성동구 아차산로 49,파스*******,커피전문점14,서울 성동구,커피전문점,뚝섬,20170918,,37.5468667,127.0497144,success,성동구,R,전통시장,"3130070",뚝섬역상점가,204339,449882,"11200",성동구,"11200660",성수1가2동,56166
50A34DE644,서울특별시 성동구 아차산로 49,매머***********,,서울 성동구,커피전문점,뚝섬,20201231,,37.5468667,127.0497144,success,성동구,R,전통시장,"3130070",뚝섬역상점가,204339,449882,"11200",성동구,"11200660",성수1가2동,56166
F7CED7B6BD,서울특별시 성동구 아차산로 49,밥플*****************,,서울 성동구,백반/가정식,뚝섬,20230425,,37.5468667,127.0497144,success,성동구,R,전통시장,"3130070",뚝섬역상점가,204339,449882,"11200",성동구,"11200660",성수1가2동,56166
A1DD765AC4,서울특별시 성동구 아차산로 49,오늘******,,서울 성동구,한식-찌개/전골,뚝섬,20240627,,37.5468667,127.0497144,success,성동구,R,전통시장,"3130070",뚝섬역상점가,204339,449882,"11200",성동구,"11200660",성수1가2동,56166
C5FB5DF5D0,서울특별시 성동구 상원10길 4-1,슬로********,,서울 성동구,양식,뚝섬,20230223,,37.5490684,127.0485543,success,성동구,R,전통시장,"3130070",뚝섬역상점가,204339,449882,"11200",성동구,"11200660",성수1가2동,56166
1A018DCAD1,서울특별시 성동구 상원10길 8-1,숙도**,,서울 성동구,도시락,뚝섬,20221031,,37.5492819,127.0489391,success,성동구,R,전통시장,"3130070",뚝섬역상점가,204339,449882,"11200",성동구,"11200660",성수1가2동,56166
C76B1790F8,서울특별시 성동구 상원6길 11-1,모멘*****,,서울 성동구,카페,뚝섬,20220303,,37.5490435,127.0491522,success,성동구,R,전통시장,"3130070",뚝섬역상점가,204339,449882,"11200",성동구,"11200660",성수1가2동,56166
B53EDBB2ED,서울특별시 성동구 상원6나길 14,에그******,,서울 성동구,한식-단품요리일반,뚝섬,20200226,,37.548222,127.0495816,success,성동구,R,전통시장,"3130070",뚝섬역상점가,204339,449882,"11200",성동구,"11200660",성수1가2동,56166
677AEC4179,서울특별시 성동구 상원길 50-15,독*,,서울 성동구,요리주점,뚝섬,20201111,,37.5487954,127.0486372,success,성동구,R,전통시장,"3130070",뚝섬역상점가,204339,449882,"11200",성동구,"11200660",성수1가2동,56166
E09000C96D,서울특별시 성동구 상원길 50-31,하이***,,서울 성동구,양식,뚝섬,20230425,,37.5489757,127.0489155,success,성동구,R,전통시장,"3130070",뚝섬역상점가,204339,449882,"11200",성동구,"11200660",성수1가2동,56166
"09A5C8DB83",서울특별시 성동구 성수일로11길 15,누아*,,서울 성동구,카페,뚝섬,20210524,,37.5494965,127.0498432,success,성동구,R,전통시장,"3130070",뚝섬역상점가,204339,449882,"11200",성동구,"11200660",성수1가2동,56166
6A690D39D5,서울 성동구 아차산로 87,삼천*,,서울 성동구,한식-해물/생선,성수,20000609,,37.5454537,127.053976,success,성동구,D,발달상권,"3120052",성수역,205008,449464,"11200",성동구,"11200690",성수2가3동,298939
C83F9C3B91,서울 성동구 아차산로 87,다도**,,서울 성동구,한식-단품요리일반,성수,20000318,,37.5454537,127.053976,success,성동구,D,발달상권,"3120052",성수역,205008,449464,"11200",성동구,"11200690",성수2가3동,298939
"0B20C4C788",서울 성동구 아차산로 93,펀비**,치킨36,서울 성동구,치킨,성수,20061211,,37.545237,127.054677,success,성동구,D,발달상권,"3120052",성수역,205008,449464,"11200",성동구,"11200690",성수2가3동,298939
77F053DC44,서울 성동구 아차산로 96,행*,,서울 성동구,호프/맥주,성수,20011012,,37.5445873,127.0546752,success,성동구,D,발달상권,"3120052",성수역,205008,449464,"11200",성동구,"11200690",성수2가3동,298939
319DABE70F,서울 성동구 성수이로 126,풍년**,,서울 성동구,백반/가정식,성수,20050922,,37.5460858,127.0579343,success,성동구,D,발달상권,"3120052",성수역,205008,449464,"11200",성동구,"11200690",성수2가3동,298939
71CEE18F61,서울 성동구 성수이로 87.,예빈*,,서울 성동구,식료품,성수,20120907,,37.542814,127.0562605,success,성동구,D,발달상권,"3120052",성수역,205008,449464,"11200",성동구,"11200690",성수2가3동,298939
BDD7EBEC25,서울 성동구 성수일로 10.,전광***,카페8,서울 성동구,카페,성수,20040525,,37.5471649,127.0527758,success,성동구,D,발달상권,"3120052",성수역,205008,449464,"11200",성동구,"11200690",성수2가3동,298939
314D6B5043,서울 성동구 아차산로 85.,하남********,한식-육류/고기30,서울 성동구,한식-육류/고기,성수,20160517,,37.5455686,127.0536859,success,성동구,D,발달상권,"3120052",성수역,205008,449464,"11200",성동구,"11200690",성수2가3동,298939
AD57E72BC9,서울 성동구 아차산로 92.,하루*******************,,서울 성동구,카페,성수,20161012,20250801,37.5448616,127.0542854,success,성동구,D,발달상권,"3120052",성수역,205008,449464,"11200",성동구,"11200690",성수2가3동,298939
C5BB2467D5,서울 성동구 아차산로 96.,황금**,,서울 성동구,일식당,성수,20090813,,37.5445873,127.0546752,success,성동구,D,발달상권,"3120052",성수역,205008,449464,"11200",성동구,"11200690",성수2가3동,298939
3530EB5DBA,서울 성동구 아차산로 96.,청춘****,,서울 성동구,한식-육류/고기,성수,20130319,,37.5445873,127.0546752,success,성동구,D,발달상권,"3120052",성수역,205008,449464,"11200",성동구,"11200690",성수2가3동,298939
FE3AAF5CCD,서울 성동구 연무장길 77.,세계*********,,서울 성동구,식료품,서면역,20220428,,37.5418448,127.0578839,success,성동구,D,발달상권,"3120052",성수역,205008,449464,"11200",성동구,"11200690",성수2가3동,298939
CA4D5857BC,서울 성동구 성수이로 108.,매머************,,서울 성동구,커피전문점,성수,20150817,,37.5445676,127.057316,success,성동구,D,발달상권,"3120052",성수역,205008,449464,"11200",성동구,"11200690",성수2가3동,298939
D3B91AFDFF,서울 성동구 성수이로 108.,전통*****,,서울 성동구,한식-국밥/설렁탕,성수,20140625,,37.5445676,127.057316,success,성동구,D,발달상권,"3120052",성수역,205008,449464,"11200",성동구,"11200690",성수2가3동,298939
9DE5AC9FFD,서울 성동구 성수이로 113.,빽다**********,커피전문점4,서울 성동구,커피전문점,성수,20200407,,37.5452331,127.0571026,success,성동구,D,발달상권,"3120052",성수역,205008,449464,"11200",성동구,"11200690",성수2가3동,298939
"0D87E5D527",서울 성동구 성수이로 118.,롯데*******,햄버거1,서울 성동구,햄버거,성수,20171229,,37.5451924,127.0578183,success,성동구,D,발달상권,"3120052",성수역,205008,449464,"11200",성동구,"11200690",성수2가3동,298939
16F5C2A5B3,서울 성동구 성수이로 118.,이디**********,커피전문점6,서울 성동구,커피전문점,성수,20101015,,37.5451924,127.0578183,success,성동구,D,발달상권,"3120052",성수역,205008,449464,"11200",성동구,"11200690",성수2가3동,298939
88187168C9,서울 성동구 성수이로 118.,제주**,,서울 성동구,한식-국수/만두,성수,20080509,,37.5451924,127.0578183,success,성동구,D,발달상권,"3120052",성수역,205008,449464,"11200",성동구,"11200690",성수2가3동,298939
13DF93045E,서울 성동구 성수이로 118.,원산**,,서울 성동구,한식-육류/고기,성수,20140829,,37.5451924,127.0578183,success,성동구,D,발달상권,"3120052",성수역,205008,449464,"11200",성동구,"11200690",성수2가3동,298939
385823BD41,서울 성동구 성수이로 118.,담미*,,서울 성동구,한식-단품요리일반,성수,20160323,,37.5451924,127.0578183,success,성동구,D,발달상권,"3120052",성수역,205008,449464,"11200",성동구,"11200690",성수2가3동,298939
A4554B2296,서울 성동구 성수이로 119.,라온***,,서울 성동구,한식-육류/고기,성수,20160830,,37.5457265,127.0571905,success,성동구,D,발달상권,"3120052",성수역,205008,449464,"11200",성동구,"11200690",성수2가3동,298939
4E6576A551,서울 성동구 성수이로 126.,도*,,서울 성동구,일식당,성수,20210803,,37.5460858,127.0579343,success,성동구,D,발달상권,"3120052",성수역,205008,449464,"11200",성동구,"11200690",성수2가3동,298939
EABC01A262,서울 성동구 아차산로 110.,쭈꾸***,,서울 성동구,한식-단품요리일반,성수,20160114,,37.544086,127.0559866,success,성동구,D,발달상권,"3120052",성수역,205008,449464,"11200",성동구,"11200690",성수2가3동,298939
DD91730DEC,서울 성동구 아차산로 116.,전통*****,,서울 성동구,요리주점,성수,20160323,,37.5439932,127.0566209,success,성동구,D,발달상권,"3120052",성수역,205008,449464,"11200",성동구,"11200690",성수2가3동,298939
11B32F0E92,서울 성동구 아차산로 116.,원*,,서울 성동구,호프/맥주,성수,20110704,,37.5439932,127.0566209,success,성동구,D,발달상권,"3120052",성수역,205008,449464,"11200",성동구,"11200690",성수2가3동,298939
294C67ABA5,서울 성동구 아차산로 116.,우야*,,서울 성동구,한식-단품요리일반,성수,20080908,,37.5439932,127.0566209,success,성동구,D,발달상권,"3120052",성수역,205008,449464,"11200",성동구,"11200690",성수2가3동,298939
D89DEC9B29,서울 성동구 아차산로 122.,맘스*******,햄버거2,서울 성동구,햄버거,성수,20210312,,37.5438518,127.0574717,success,성동구,D,발달상권,"3120052",성수역,205008,449464,"11200",성동구,"11200690",성수2가3동,298939
11E4EE3E27,서울 성동구 연무장13길 3.,업.************,,서울 성동구,한식-단품요리일반,성수,20180109,,37.5420096,127.0579623,success,성동구,D,발달상권,"3120052",성수역,205008,449464,"11200",성동구,"11200690",성수2가3동,298939
B0177B88BD,서울 성동구 연무장13길 5.,행운**,,서울 성동구,한식뷔페,성수,20160825,,37.5421422,127.0580252,success,성동구,D,발달상권,"3120052",성수역,205008,449464,"11200",성동구,"11200690",성수2가3동,298939
1D3FAC9886,서울 성동구 연무장7길 12.,제이***,,서울 성동구,요리주점,성수,20130829,,37.5436385,127.0548873,success,성동구,D,발달상권,"3120052",성수역,205008,449464,"11200",성동구,"11200690",성수2가3동,298939
4281813D4D,서울 성동구 연무장7길 12.,돼지*,,서울 성동구,한식-육류/고기,성수,19990309,,37.5436385,127.0548873,success,성동구,D,발달상권,"3120052",성수역,205008,449464,"11200",성동구,"11200690",성수2가3동,298939
F666E3264F,서울 성동구 연무장7길 16.,유진**,일식당3,서울 성동구,일식당,성수,20100421,,37.5439477,127.0551458,success,성동구,D,발달상권,"3120052",성수역,205008,449464,"11200",성동구,"11200690",성수2가3동,298939
3298DAD0FE,서울 성동구 연무장7길 16.,웰컴***,,서울 성동구,중식당,성수,20140702,,37.5439477,127.0551458,success,성동구,D,발달상권,"3120052",성수역,205008,449464,"11200",성동구,"11200690",성수2가3동,298939
543C4A9834,서울  성동구  아차산로  87,을지******,백반/가정식19,서울 성동구,백반/가정식,성수,20120711,,37.5454537,127.053976,success,성동구,D,발달상권,"3120052",성수역,205008,449464,"11200",성동구,"11200690",성수2가3동,298939
7634BB5C6E,서울 성동구 아차산로 100 .,제일***,,서울 성동구,한식-단품요리일반,성수,20241011,,37.5446813,127.0569827,success,성동구,D,발달상권,"3120052",성수역,205008,449464,"11200",성동구,"11200690",성수2가3동,298939
A88840BB81,서울 성동구 아차산로13길 6,서산**,,서울 성동구,한식뷔페,,19990622,,37.5436635,127.0608273,success,성동구,D,발달상권,"3120052",성수역,205008,449464,"11200",성동구,"11200690",성수2가3동,298939
3751A3FD2E,서울 성동구 아차산로7길 19,태양*,,서울 성동구,중식당,성수,20000131,,37.5468509,127.0546922,success,성동구,D,발달상권,"3120052",성수역,205008,449464,"11200",성동구,"11200690",성수2가3동,298939
ADF92BAABD,서울 성동구 아차산로7길 4.,권식**,,서울 성동구,한식-육류/고기,성수,20151030,,37.5455638,127.0543972,success,성동구,D,발달상권,"3120052",성수역,205008,449464,"11200",성동구,"11200690",성수2가3동,298939
B3CE00A387,서울 성동구 아차산로7길 8.,몽땅***,한식-육류/고기17,서울 성동구,한식-육류/고기,성수,20130612,,37.5458366,127.0545667,success,성동구,D,발달상권,"3120052",성수역,205008,449464,"11200",성동구,"11200690",성수2가3동,298939
B897002DD3,서울 성동구 연무장5가길 7.,나이*******,,서울 성동구,햄버거,성수,20211006,,37.5440369,127.0536291,success,성동구,D,발달상권,"3120052",성수역,205008,449464,"11200",성동구,"11200690",성수2가3동,298939
31F3C37515,서울 성동구 연무장5가길 7.,송여*****,,서울 성동구,한식-찌개/전골,성수,20180824,,37.5440369,127.0536291,success,성동구,D,발달상권,"3120052",성수역,205008,449464,"11200",성동구,"11200690",성수2가3동,298939
"0FDB111E34",서울 성동구 연무장5가길 7.,빅쭌****,,서울 성동구,한식-단품요리일반,성수,20231123,,37.5440369,127.0536291,success,성동구,D,발달상권,"3120052",성수역,205008,449464,"11200",성동구,"11200690",성수2가3동,298939
1A011579F7,서울  성동구  성수이로  113,뚜레********,베이커리2,서울 성동구,베이커리,성수,20120530,,37.5452331,127.0571026,success,성동구,D,발달상권,"3120052",성수역,205008,449464,"11200",성동구,"11200690",성수2가3동,298939
C41A3932CE,서울  성동구  아차산로  144,우영***,,서울 성동구,백반/가정식,,20120905,,37.5431089,127.0595971,success,성동구,D,발달상권,"3120052",성수역,205008,449464,"11200",성동구,"11200690",성수2가3동,298939
2C8DAA2BF9,서울 성동구 성수이로14길 5.,메조******************,,서울 성동구,카페,성수,20221125,,37.5410836,127.0563205,success,성동구,D,발달상권,"3120052",성수역,205008,449464,"11200",성동구,"11200690",성수2가3동,298939
"0E15C8A398",서울 성동구 성수이로22길 31,리*,,서울 성동구,한식-단품요리일반,,20131028,,37.5440764,127.0606036,success,성동구,D,발달상권,"3120052",성수역,205008,449464,"11200",성동구,"11200690",성수2가3동,298939
1E49E0A26C,서울 성동구 성수일로12길 33,성수****,,서울 성동구,한식-육류/고기,성수,20070423,,37.5477762,127.0547332,success,성동구,D,발달상권,"3120052",성수역,205008,449464,"11200",성동구,"11200690",성수2가3동,298939
F12D55091A,서울 성동구 성수일로8길 37.,골드*******************,,서울 성동구,카페,성수,20241220,,37.5458366,127.0545667,success,성동구,D,발달상권,"3120052",성수역,205008,449464,"11200",성동구,"11200690",성수2가3동,298939
B169AE01FF,서울 성동구 성수일로8길 40.,일루**,,서울 성동구,백반/가정식,성수,20080514,,37.5455142,127.0545582,success,성동구,D,발달상권,"3120052",성수역,205008,449464,"11200",성동구,"11200690",성수2가3동,298939
434F31D9B6,서울 성동구 성수일로8길 53.,맛보*,,서울 성동구,한식-육류/고기,성수,20050316,,37.5453127,127.0564435,success,성동구,D,발달상권,"3120052",성수역,205008,449464,"11200",성동구,"11200690",성수2가3동,298939
BDCFBDEA2B,서울 성동구 성수일로8길 53.,위풍*******,,서울 성동구,한식-육류/고기,성수,20150810,,37.5453127,127.0564435,success,성동구,D,발달상권,"3120052",성수역,205008,449464,"11200",성동구,"11200690",성수2가3동,298939
A5655985BD,서울 성동구 성수일로8길 60.,풍조**,,서울 성동구,백반/가정식,성수,20220630,,37.5448442,127.0568034,success,성동구,D,발달상권,"3120052",성수역,205008,449464,"11200",성동구,"11200690",성수2가3동,298939
28616F2CED,서울 성동구 아차산로11길 11,성수*,,서울 성동구,중식당,성수,20040511,,37.5447807,127.0592951,success,성동구,D,발달상권,"3120052",성수역,205008,449464,"11200",성동구,"11200690",성수2가3동,298939
5019B0EA07,서울 성동구 아차산로11길 11,행운**,,서울 성동구,백반/가정식,성수,20060724,,37.5447807,127.0592951,success,성동구,D,발달상권,"3120052",성수역,205008,449464,"11200",성동구,"11200690",성수2가3동,298939
3C470EF2B3,서울 성동구 아차산로7길 16.,정참*,,서울 성동구,일식-참치회,성수,20140205,,37.5465788,127.0548474,success,성동구,D,발달상권,"3120052",성수역,205008,449464,"11200",성동구,"11200690",성수2가3동,298939
394824E6A3,서울 성동구 아차산로7길 28.,만복****,,서울 성동구,농산물,성수,20120518,,37.5475471,127.0554558,success,성동구,D,발달상권,"3120052",성수역,205008,449464,"11200",성동구,"11200690",성수2가3동,298939
45F19425EF,서울 성동구 아차산로7길 29.,카페***,,서울 성동구,카페,성수,20140826,,37.5478934,127.0551324,success,성동구,D,발달상권,"3120052",성수역,205008,449464,"11200",성동구,"11200690",성수2가3동,298939
"0EE4BD7D7A",서울 성동구 아차산로7길 36.,오*,,서울 성동구,카페,,20170824,20250801,37.5482119,127.0556523,success,성동구,D,발달상권,"3120052",성수역,205008,449464,"11200",성동구,"11200690",성수2가3동,298939
65D2C9E1E4,서울 성동구 연무장5가길 25.,해밀******,,서울 성동구,분식,성수,20061205,,37.5435802,127.0556438,success,성동구,D,발달상권,"3120052",성수역,205008,449464,"11200",성동구,"11200690",성수2가3동,298939
FAF7EF36E4,서울 성동구 연무장9길 10-1.,페스**,,서울 성동구,호프/맥주,성수,19911008,,37.5431284,127.0561655,success,성동구,D,발달상권,"3120052",성수역,205008,449464,"11200",성동구,"11200690",성수2가3동,298939
D670574C48,서울 성동구 성수이로20길 10.,이북*****,,서울 성동구,한식-단품요리일반,성수,20100813,,37.5432444,127.0576313,success,성동구,D,발달상권,"3120052",성수역,205008,449464,"11200",성동구,"11200690",성수2가3동,298939
92FF17F070,서울 성동구 성수이로24길 38.,육*,,서울 성동구,한식-단품요리일반,자양,20240105,,37.5440001,127.0621497,success,성동구,D,발달상권,"3120052",성수역,205008,449464,"11200",성동구,"11200690",성수2가3동,298939
C5E2F46391,서울 성동구 성수일로12길 25.,엄마****,,서울 성동구,백반/가정식,성수,20130806,,37.5482163,127.053915,success,성동구,D,발달상권,"3120052",성수역,205008,449464,"11200",성동구,"11200690",성수2가3동,298939
863104F16A,서울 성동구 성수일로12길 25.,금돼*,,서울 성동구,한식-육류/고기,성수,20111005,,37.5482163,127.053915,success,성동구,D,발달상권,"3120052",성수역,205008,449464,"11200",성동구,"11200690",성수2가3동,298939
FFAC8CC0F7,서울 성동구 성수일로12길 27.,일미****,,서울 성동구,한식-국밥/설렁탕,성수,20090424,,37.5482158,127.0544121,success,성동구,D,발달상권,"3120052",성수역,205008,449464,"11200",성동구,"11200690",성수2가3동,298939
20BEAD80DD,서울 성동구 성수일로12길 27.,성수*,,서울 성동구,한식-단품요리일반,성수,20150508,,37.5482158,127.0544121,success,성동구,D,발달상권,"3120052",성수역,205008,449464,"11200",성동구,"11200690",성수2가3동,298939
7EAF110EFF,서울 성동구 성수일로12길 36.,탕*,,서울 성동구,한식-찌개/전골,성수,20110811,,37.5475067,127.0546496,success,성동구,D,발달상권,"3120052",성수역,205008,449464,"11200",성동구,"11200690",성수2가3동,298939
17DAB44CD4,서울 성동구 아차산로7길 14-1,쭈꾸****,,서울 성동구,한식-해물/생선,성수,20150730,,37.5464333,127.0547789,success,성동구,D,발달상권,"3120052",성수역,205008,449464,"11200",성동구,"11200690",성수2가3동,298939
BE1E68810C,서울  성동구  아차산로7길  11,더다*,,서울 성동구,한식-단품요리일반,성수,20120802,,37.5462326,127.0544139,success,성동구,D,발달상권,"3120052",성수역,205008,449464,"11200",성동구,"11200690",성수2가3동,298939
591CBB3B43,서울  성동구  아차산로7길  22,카페**,,서울 성동구,카페,성수,20111117,,37.5470523,127.0550739,success,성동구,D,발달상권,"3120052",성수역,205008,449464,"11200",성동구,"11200690",성수2가3동,298939
9892E5745E,서울 성동구 성수일로12길 25 .,청*,,서울 성동구,농산물,성수,20150818,,37.5482163,127.053915,success,성동구,D,발달상권,"3120052",성수역,205008,449464,"11200",성동구,"11200690",성수2가3동,298939
ABD2B4F420,서울 성동구 아차산로7길 10-1.,교촌*******,치킨6,서울 성동구,치킨,성수,20150205,,37.5461098,127.0546231,success,성동구,D,발달상권,"3120052",성수역,205008,449464,"11200",성동구,"11200690",성수2가3동,298939
FFF0DAC445,서울 성동구 아차산로7길 10-1.,투다*,꼬치구이3,서울 성동구,꼬치구이,성수,20160704,,37.5461098,127.0546231,success,성동구,D,발달상권,"3120052",성수역,205008,449464,"11200",성동구,"11200690",성수2가3동,298939
41CB64C3C9,서울 성동구 아차산로7길 15-1.,다온**,,서울 성동구,식료품,성수,20240828,,37.5464709,127.0544672,success,성동구,D,발달상권,"3120052",성수역,205008,449464,"11200",성동구,"11200690",성수2가3동,298939
C1FA7755FC,서울특별시 성동구 성수이로 90,사람************,백반/가정식12,서울 성동구,백반/가정식,성수,20190529,20250729,37.542953,127.056838,success,성동구,D,발달상권,"3120052",성수역,205008,449464,"11200",성동구,"11200690",성수2가3동,298939
6DFE8B7651,서울특별시 성동구 성수일로 10,카페******************,,서울 성동구,카페,성수,20190308,,37.5471649,127.0527758,success,성동구,D,발달상권,"3120052",성수역,205008,449464,"11200",성동구,"11200690",성수2가3동,298939
40F82EA1A1,서울특별시 성동구 성수일로 10,스시**,,서울 성동구,일식당,성수,20220214,,37.5471649,127.0527758,success,성동구,D,발달상권,"3120052",성수역,205008,449464,"11200",성동구,"11200690",성수2가3동,298939
85A3A72B48,서울특별시 성동구 성수일로 10,푸라*******,한식-육류/고기29,서울 성동구,한식-육류/고기,성수,20210609,,37.5471649,127.0527758,success,성동구,D,발달상권,"3120052",성수역,205008,449464,"11200",성동구,"11200690",성수2가3동,298939
202266AAE4,서울특별시 성동구 아차산로 84,쿠키*,,서울 성동구,한식-단품요리일반,성수,20220421,20250728,37.5450415,127.0535111,success,성동구,D,발달상권,"3120052",성수역,205008,449464,"11200",성동구,"11200690",성수2가3동,298939
7BB9A47821,서울특별시 성동구 아차산로 87,생강********,,서울 성동구,분식,성수,20240903,,37.5454537,127.053976,success,성동구,D,발달상권,"3120052",성수역,205008,449464,"11200",성동구,"11200690",성수2가3동,298939
"0050D68B18",서울특별시 성동구 아차산로 87,70**************,,서울 성동구,룸살롱/단란주점,성수,20230531,,37.5454537,127.053976,success,성동구,D,발달상권,"3120052",성수역,205008,449464,"11200",성동구,"11200690",성수2가3동,298939
73FBCF7FB1,서울특별시 성동구 아차산로 92,베스****,,서울 성동구,식료품,성수,20220908,,37.5448616,127.0542854,success,성동구,D,발달상권,"3120052",성수역,205008,449464,"11200",성동구,"11200690",성수2가3동,298939
7FBBD87F5E,서울특별시 성동구 아차산로 92,기왕***,,서울 성동구,한식-육류/고기,성수,20190306,,37.5448616,127.0542854,success,성동구,D,발달상권,"3120052",성수역,205008,449464,"11200",성동구,"11200690",성수2가3동,298939
"0CF7026A60",서울특별시 성동구 아차산로 92,고*,,서울 성동구,일식-덮밥/돈가스,성수,20191204,,37.5448616,127.0542854,success,성동구,D,발달상권,"3120052",성수역,205008,449464,"11200",성동구,"11200690",성수2가3동,298939
"1025481D02",서울특별시 성동구 아차산로 96,나이*****,,서울 성동구,담배,성수,20190531,,37.5445873,127.0546752,success,성동구,D,발달상권,"3120052",성수역,205008,449464,"11200",성동구,"11200690",성수2가3동,298939
CB17914E57,서울특별시 성동구 아차산로 96,규카******,,서울 성동구,일식당,성수,20230821,20250716,37.5445873,127.0546752,success,성동구,D,발달상권,"3120052",성수역,205008,449464,"11200",성동구,"11200690",성수2가3동,298939
43B23BDD6B,서울특별시 성동구 아차산로 96,홍콩***********,중식당9,서울 성동구,중식당,성수,20210812,,37.5445873,127.0546752,success,성동구,D,발달상권,"3120052",성수역,205008,449464,"11200",성동구,"11200690",성수2가3동,298939
180F6A644D,서울특별시 성동구 아차산로 96,컴포********,커피전문점11,서울 성동구,커피전문점,성수,20190507,,37.5445873,127.0546752,success,성동구,D,발달상권,"3120052",성수역,205008,449464,"11200",성동구,"11200690",성수2가3동,298939
9B39FC5C56,서울특별시 성동구 아차산로 96,광장**,,서울 성동구,한식-육류/고기,성수,20190909,,37.5445873,127.0546752,success,성동구,D,발달상권,"3120052",성수역,205008,449464,"11200",성동구,"11200690",성수2가3동,298939
6F46C2ECBD,서울특별시 성동구 아차산로 96,보승*******,,서울 성동구,한식-국밥/설렁탕,성수,20240816,,37.5445873,127.0546752,success,성동구,D,발달상권,"3120052",성수역,205008,449464,"11200",성동구,"11200690",성수2가3동,298939
10320FAE94,서울특별시 성동구 아차산로 97,투파********,,서울 성동구,양식,성수,20221125,,37.5451968,127.055082,success,성동구,D,발달상권,"3120052",성수역,205008,449464,"11200",성동구,"11200690",성수2가3동,298939
A3298F3389,서울특별시 성동구 연무장9길 4,태*,,서울 성동구,백반/가정식,성수,20240708,,37.5427008,127.0559396,success,성동구,D,발달상권,"3120052",성수역,205008,449464,"11200",성동구,"11200690",성수2가3동,298939
3B2E13DA95,서울특별시 성동구 연무장9길 4,디엑*********,,서울 성동구,한식-단품요리일반,성수,20230329,,37.5427008,127.0559396,success,성동구,D,발달상권,"3120052",성수역,205008,449464,"11200",성동구,"11200690",성수2가3동,298939
E5B4CAB28C,서울특별시 성동구 연무장9길 6,핌피***,,서울 성동구,양식,성수,20240419,,37.5428163,127.0559864,success,성동구,D,발달상권,"3120052",성수역,205008,449464,"11200",성동구,"11200690",성수2가3동,298939
37AA28CAF8,서울특별시 성동구 연무장9길 6,스테*,,서울 성동구,카페,성수,20210909,,37.5428163,127.0559864,success,성동구,D,발달상권,"3120052",성수역,205008,449464,"11200",성동구,"11200690",성수2가3동,298939
C8ECC49AA2,서울  성동구  성수일로12길  34,성수**,,서울 성동구,한식-해물/생선,성수,20120321,,37.5475625,127.0543807,success,성동구,D,발달상권,"3120052",성수역,205008,449464,"11200",성동구,"11200690",성수2가3동,298939
"0A6388B8A5",서울 성동구 광나루로2길 34-17.,슬로*******,,서울 성동구,피자,성수,20130529,,37.547868,127.0546566,success,성동구,D,발달상권,"3120052",성수역,205008,449464,"11200",성동구,"11200690",성수2가3동,298939
F0228002E3,서울특별시 성동구 성수이로 118,부흥**,,서울 성동구,농산물,성수,20230329,,37.5451924,127.0578183,success,성동구,D,발달상권,"3120052",성수역,205008,449464,"11200",성동구,"11200690",성수2가3동,298939
BDC1AFBD07,서울특별시 성동구 성수이로 118,장위*********,백반/가정식20,서울 성동구,백반/가정식,성수,20190129,,37.5451924,127.0578183,success,성동구,D,발달상권,"3120052",성수역,205008,449464,"11200",성동구,"11200690",성수2가3동,298939
557870DAE7,서울특별시 성동구 성수이로 118,라성**,,서울 성동구,백반/가정식,성수,20220419,,37.5451924,127.0578183,success,성동구,D,발달상권,"3120052",성수역,205008,449464,"11200",성동구,"11200690",성수2가3동,298939
DFA0B92DE8,서울특별시 성동구 성수이로 118,라성**,,서울 성동구,한식-단품요리일반,성수,20231108,,37.5451924,127.0578183,success,성동구,D,발달상권,"3120052",성수역,205008,449464,"11200",성동구,"11200690",성수2가3동,298939
35A9CD5DCA,서울특별시 성동구 성수이로 126,칼(****,,서울 성동구,한식-국수/만두,성수,20220831,,37.5460858,127.0579343,success,성동구,D,발달상권,"3120052",성수역,205008,449464,"11200",성동구,"11200690",성수2가3동,298939
401DA3A519,서울특별시 성동구 성수이로 126,돼지**,,서울 성동구,한식-육류/고기,성수,20211104,,37.5460858,127.0579343,success,성동구,D,발달상권,"3120052",성수역,205008,449464,"11200",성동구,"11200690",성수2가3동,298939
"0C1B547B6E",서울특별시 성동구 성수이로 127,에젤**,,서울 성동구,커피전문점,성수,20180430,,37.5463106,127.0573826,success,성동구,D,발달상권,"3120052",성수역,205008,449464,"11200",성동구,"11200690",성수2가3동,298939
4F9BAC95BF,서울특별시 성동구 성수이로 127,일심*,,서울 성동구,한식-해물/생선,성수,20180502,,37.5463106,127.0573826,success,성동구,D,발달상권,"3120052",성수역,205008,449464,"11200",성동구,"11200690",성수2가3동,298939
147EC9E665,서울특별시 성동구 아차산로 100,어묵**,,서울 성동구,식료품,성수,20180822,,37.5446813,127.0569827,success,성동구,D,발달상권,"3120052",성수역,205008,449464,"11200",성동구,"11200690",성수2가3동,298939
362A12ACAB,서울특별시 성동구 아차산로 103,필리******,,서울 성동구,양식,성수,20230512,,37.5450417,127.0557819,success,성동구,D,발달상권,"3120052",성수역,205008,449464,"11200",성동구,"11200690",성수2가3동,298939
416F075512,서울특별시 성동구 아차산로 110,성수**,,서울 성동구,한식-육류/고기,성수,20240412,,37.544086,127.0559866,success,성동구,D,발달상권,"3120052",성수역,205008,449464,"11200",성동구,"11200690",성수2가3동,298939
770A25491E,서울특별시 성동구 아차산로 113,메가**********,커피전문점2,서울 성동구,커피전문점,성수,20230811,,37.5446813,127.0569827,success,성동구,D,발달상권,"3120052",성수역,205008,449464,"11200",성동구,"11200690",성수2가3동,298939
"0C25C3B746",서울특별시 성동구 아차산로 113,성수*******,샌드위치/토스트2,서울 성동구,샌드위치/토스트,성수,20230130,,37.5446813,127.0569827,success,성동구,D,발달상권,"3120052",성수역,205008,449464,"11200",성동구,"11200690",성수2가3동,298939
43376C6456,서울특별시 성동구 아차산로 116,이가****,꼬치구이2,서울 성동구,꼬치구이,성수,20210521,,37.5439932,127.0566209,success,성동구,D,발달상권,"3120052",성수역,205008,449464,"11200",성동구,"11200690",성수2가3동,298939
5529CDFCDF,서울특별시 성동구 아차산로 116,토끼****,,서울 성동구,민속주점,성수,20200825,,37.5439932,127.0566209,success,성동구,D,발달상권,"3120052",성수역,205008,449464,"11200",성동구,"11200690",성수2가3동,298939
908B8FB682,서울특별시 성동구 아차산로 126,소안***,,서울 성동구,백반/가정식,성수,20210524,,37.5434075,127.0582301,success,성동구,D,발달상권,"3120052",성수역,205008,449464,"11200",성동구,"11200690",성수2가3동,298939
"00F733C995",서울특별시 성동구 아차산로 126,성수*************,,서울 성동구,한식-육류/고기,성수,20210317,,37.5434075,127.0582301,success,성동구,D,발달상권,"3120052",성수역,205008,449464,"11200",성동구,"11200690",성수2가3동,298939
E476C4A851,서울특별시 성동구 아차산로 126,마르***,,서울 성동구,한식-단품요리일반,성수,20210521,20240102,37.5434075,127.0582301,success,성동구,D,발달상권,"3120052",성수역,205008,449464,"11200",성동구,"11200690",성수2가3동,298939
B2240E407A,서울특별시 성동구 아차산로 135,에이*********,,서울 성동구,카페,성수,20201201,,37.5440625,127.059015,success,성동구,D,발달상권,"3120052",성수역,205008,449464,"11200",성동구,"11200690",성수2가3동,298939
6F85E6F670,서울특별시 성동구 아차산로 135,에르*******,,서울 성동구,식료품,성수,20210104,,37.5440625,127.059015,success,성동구,D,발달상권,"3120052",성수역,205008,449464,"11200",성동구,"11200690",성수2가3동,298939
EB1B4CDCD1,서울특별시 성동구 아차산로 137,잠수**,,서울 성동구,한식-육류/고기,,20200214,,37.5438174,127.0593351,success,성동구,D,발달상권,"3120052",성수역,205008,449464,"11200",성동구,"11200690",성수2가3동,298939
"0C9C887E27",서울특별시 성동구 아차산로 144,에이******,,서울 성동구,커피전문점,,20240124,,37.5431089,127.0595971,success,성동구,D,발달상권,"3120052",성수역,205008,449464,"11200",성동구,"11200690",성수2가3동,298939
"0C8BE8ECAD",서울특별시 성동구 아차산로 153,카페******,,서울 성동구,카페,,20220906,,37.5434584,127.0610313,success,성동구,D,발달상권,"3120052",성수역,205008,449464,"11200",성동구,"11200690",성수2가3동,298939
75F4B46777,서울특별시 성동구 연무장13길 9,진수**,,서울 성동구,한식뷔페,성수,20171010,,37.5425652,127.0582397,success,성동구,D,발달상권,"3120052",성수역,205008,449464,"11200",성동구,"11200690",성수2가3동,298939
DEABE6F7A5,서울특별시 성동구 연무장7길 12,남다*******,,서울 성동구,백반/가정식,성수,20180810,,37.5436385,127.0548873,success,성동구,D,발달상권,"3120052",성수역,205008,449464,"11200",성동구,"11200690",성수2가3동,298939
D406BC7817,서울특별시 성동구 연무장7길 16,김사****,,서울 성동구,한식-해물/생선,성수,20200618,,37.5439477,127.0551458,success,성동구,D,발달상권,"3120052",성수역,205008,449464,"11200",성동구,"11200690",성수2가3동,298939
CF11E9E059,서울특별시 성동구 연무장9길 10,매머***************,,서울 성동구,커피전문점,성수,20211020,,37.5430638,127.056027,success,성동구,D,발달상권,"3120052",성수역,205008,449464,"11200",성동구,"11200690",성수2가3동,298939
77CDCFE833,서울특별시 성동구 아차산로7길 4,우향******,,서울 성동구,백반/가정식,성수,20220325,,37.5455638,127.0543972,success,성동구,D,발달상권,"3120052",성수역,205008,449464,"11200",성동구,"11200690",성수2가3동,298939
307DBEB4EC,서울특별시 성동구 아차산로7길 4,등*,,서울 성동구,한식-육류/고기,성수,20221024,,37.5455638,127.0543972,success,성동구,D,발달상권,"3120052",성수역,205008,449464,"11200",성동구,"11200690",성수2가3동,298939
1290AD294E,서울특별시 성동구 아차산로7길 4,베스*********,아이스크림/빙수1,서울 성동구,아이스크림/빙수,성수,20230317,,37.5455638,127.0543972,success,성동구,D,발달상권,"3120052",성수역,205008,449464,"11200",성동구,"11200690",성수2가3동,298939
F3E07DF794,서울특별시 성동구 아차산로7길 7,토리***,,서울 성동구,일식당,성수,20201209,,37.5460225,127.0542142,success,성동구,D,발달상권,"3120052",성수역,205008,449464,"11200",성동구,"11200690",성수2가3동,298939
28EA223BD1,서울특별시 성동구 아차산로7길 7,박돼*****,,서울 성동구,축산물,성수,20240226,,37.5460225,127.0542142,success,성동구,D,발달상권,"3120052",성수역,205008,449464,"11200",성동구,"11200690",성수2가3동,298939
F2119F711A,서울특별시 성동구 아차산로7길 7,철길***,,서울 성동구,호프/맥주,성수,20231018,,37.5460225,127.0542142,success,성동구,D,발달상권,"3120052",성수역,205008,449464,"11200",성동구,"11200690",성수2가3동,298939
AE41AF8C70,서울특별시 성동구 아차산로7길 7,북촌********,한식-단품요리일반7,서울 성동구,한식-단품요리일반,성수,20160926,,37.5460225,127.0542142,success,성동구,D,발달상권,"3120052",성수역,205008,449464,"11200",성동구,"11200690",성수2가3동,298939
C31C533DC4,서울특별시 성동구 아차산로7길 8,대구****,,서울 성동구,백반/가정식,성수,20231130,,37.5458366,127.0545667,success,성동구,D,발달상권,"3120052",성수역,205008,449464,"11200",성동구,"11200690",성수2가3동,298939
8B23667254,서울특별시 성동구 연무장11길 10,젠젠****,,서울 성동구,카페,성수,20220613,,37.5428949,127.0575284,success,성동구,D,발달상권,"3120052",성수역,205008,449464,"11200",성동구,"11200690",성수2가3동,298939
C6C9F3F826,서울특별시 성동구 연무장5가길 7,얌샘*******,분식14,서울 성동구,분식,성수,20241029,,37.5440369,127.0536291,success,성동구,D,발달상권,"3120052",성수역,205008,449464,"11200",성동구,"11200690",성수2가3동,298939
2B88E8F026,서울특별시 성동구 연무장5가길 7,미*,,서울 성동구,양식,성수,20210113,,37.5440369,127.0536291,success,성동구,D,발달상권,"3120052",성수역,205008,449464,"11200",성동구,"11200690",성수2가3동,298939
B89447A3C4,서울특별시 성동구 연무장5가길 7,성수****,,서울 성동구,중식당,성수,20240904,,37.5440369,127.0536291,success,성동구,D,발달상권,"3120052",성수역,205008,449464,"11200",성동구,"11200690",성수2가3동,298939
84768B892E,서울특별시 성동구 연무장5가길 7,토메*****,,서울 성동구,이자카야,성수,20220926,,37.5440369,127.0536291,success,성동구,D,발달상권,"3120052",성수역,205008,449464,"11200",성동구,"11200690",성수2가3동,298939
"03BE2D577F",서울특별시 성동구 연무장5가길 7,커피************,,서울 성동구,커피전문점,성수,20230725,,37.5440369,127.0536291,success,성동구,D,발달상권,"3120052",성수역,205008,449464,"11200",성동구,"11200690",성수2가3동,298939
A9E4FFF531,서울특별시 성동구 연무장5가길 7,부산**,,서울 성동구,한식-국수/만두,성수,20210607,,37.5440369,127.0536291,success,성동구,D,발달상권,"3120052",성수역,205008,449464,"11200",성동구,"11200690",성수2가3동,298939
D3CEEC6D94,서울특별시 성동구 연무장5가길 7,샐러******,,서울 성동구,한식-단품요리일반,성수,20240206,,37.5440369,127.0536291,success,성동구,D,발달상권,"3120052",성수역,205008,449464,"11200",성동구,"11200690",성수2가3동,298939
49D7D6044C,서울특별시 성동구 연무장5가길 7,멘노**,,서울 성동구,일식-우동/소바/라면,성수,20240426,,37.5440369,127.0536291,success,성동구,D,발달상권,"3120052",성수역,205008,449464,"11200",성동구,"11200690",성수2가3동,298939
652AA8E8C5,서울특별시 성동구 연무장7가길 9,유스*************,,서울 성동구,카페,성수,20210420,,37.5430267,127.055486,success,성동구,D,발달상권,"3120052",성수역,205008,449464,"11200",성동구,"11200690",성수2가3동,298939
1166DE00E7,서울특별시 성동구 연무장7가길 9,블루***,,서울 성동구,와인바,성수,20230103,,37.5430267,127.055486,success,성동구,D,발달상권,"3120052",성수역,205008,449464,"11200",성동구,"11200690",성수2가3동,298939
D4AA4CAA8D,서울특별시 성동구 연무장9길 8-1,골든******************,,서울 성동구,중식당,성수,20230621,20250703,37.5429241,127.0560821,success,성동구,D,발달상권,"3120052",성수역,205008,449464,"11200",성동구,"11200690",성수2가3동,298939
AD0F358619,서울특별시 성동구 광나루로2길 34,카페**************,,서울 성동구,카페,성수,20220721,,37.5482074,127.0548672,success,성동구,D,발달상권,"3120052",성수역,205008,449464,"11200",성동구,"11200690",성수2가3동,298939
2FC5FFC0AA,서울특별시 성동구 성수이로14길 1,라무***********,꼬치구이1,서울 성동구,꼬치구이,성수,20190712,,37.5411359,127.0561383,success,성동구,D,발달상권,"3120052",성수역,205008,449464,"11200",성동구,"11200690",성수2가3동,298939
8EF97B1238,서울특별시 성동구 성수이로14길 7,구아*,,서울 성동구,일반 유흥주점,성수,20220418,,37.5410589,127.0564084,success,성동구,D,발달상권,"3120052",성수역,205008,449464,"11200",성동구,"11200690",성수2가3동,298939
EC4263AD5F,서울특별시 성동구 성수이로14길 7,세스***,,서울 성동구,샌드위치/토스트,성수,20210714,,37.5410589,127.0564084,success,성동구,D,발달상권,"3120052",성수역,205008,449464,"11200",성동구,"11200690",성수2가3동,298939
358F65FE30,서울특별시 성동구 성수일로6길 47,글리*,,서울 성동구,일반 유흥주점,성수,20200225,,37.5442746,127.0553222,success,성동구,D,발달상권,"3120052",성수역,205008,449464,"11200",성동구,"11200690",성수2가3동,298939
EAD0ED7E79,서울특별시 성동구 성수일로8길 16,백정***,,서울 성동구,한식-육류/고기,성수,20230406,,37.5462652,127.0522443,success,성동구,D,발달상권,"3120052",성수역,205008,449464,"11200",성동구,"11200690",성수2가3동,298939
F4F3149034,서울특별시 성동구 성수일로8길 39,미*,,서울 성동구,중식당,성수,20180418,,37.5457655,127.0547953,success,성동구,D,발달상권,"3120052",성수역,205008,449464,"11200",성동구,"11200690",성수2가3동,298939
53893756B9,서울특별시 성동구 성수일로8길 39,명가******,,서울 성동구,백반/가정식,성수,20180424,,37.5457655,127.0547953,success,성동구,D,발달상권,"3120052",성수역,205008,449464,"11200",성동구,"11200690",성수2가3동,298939
BF8AD0410C,서울특별시 성동구 성수일로8길 40,호랑***,,서울 성동구,분식,성수,20231101,,37.5455142,127.0545582,success,성동구,D,발달상권,"3120052",성수역,205008,449464,"11200",성동구,"11200690",성수2가3동,298939
9F5031D2E1,서울특별시 성동구 성수일로8길 40,아웃*****************,,서울 성동구,일반 유흥주점,성수,20220608,,37.5455142,127.0545582,success,성동구,D,발달상권,"3120052",성수역,205008,449464,"11200",성동구,"11200690",성수2가3동,298939
52F11D88C1,서울특별시 성동구 성수일로8길 40,어부*,,서울 성동구,한식-해물/생선,성수,20241002,,37.5455142,127.0545582,success,성동구,D,발달상권,"3120052",성수역,205008,449464,"11200",성동구,"11200690",성수2가3동,298939
5725D7EE5E,서울특별시 성동구 성수일로8길 41,우야*,,서울 성동구,한식-단품요리일반,성수,20230210,,37.5456144,127.0549966,success,성동구,D,발달상권,"3120052",성수역,205008,449464,"11200",성동구,"11200690",성수2가3동,298939
F8A8FD6F7C,서울특별시 성동구 성수일로8길 42,깐부******,치킨8,서울 성동구,치킨,성수,20241217,,37.5453764,127.0550553,success,성동구,D,발달상권,"3120052",성수역,205008,449464,"11200",성동구,"11200690",성수2가3동,298939
"09A3BB12CC",서울특별시 성동구 성수일로8길 42,성수**,,서울 성동구,베이커리,성수,20220622,,37.5453764,127.0550553,success,성동구,D,발달상권,"3120052",성수역,205008,449464,"11200",성동구,"11200690",성수2가3동,298939
5A13DDE2D6,서울특별시 성동구 성수일로8길 42,란 ***,,서울 성동구,한식-국수/만두,성수,20220504,,37.5453764,127.0550553,success,성동구,D,발달상권,"3120052",성수역,205008,449464,"11200",성동구,"11200690",성수2가3동,298939
5DD265DF51,서울특별시 성동구 성수일로8길 53,오한**********,,서울 성동구,중식당,성수,20220908,,37.5453127,127.0564435,success,성동구,D,발달상권,"3120052",성수역,205008,449464,"11200",성동구,"11200690",성수2가3동,298939
36ABF21B6F,서울특별시 성동구 성수일로8길 53,다모***,,서울 성동구,요리주점,성수,20190702,,37.5453127,127.0564435,success,성동구,D,발달상권,"3120052",성수역,205008,449464,"11200",성동구,"11200690",성수2가3동,298939
169ABB9060,서울특별시 성동구 성수일로8길 53,팔각*****,,서울 성동구,한식-육류/고기,성수,20240318,,37.5453127,127.0564435,success,성동구,D,발달상권,"3120052",성수역,205008,449464,"11200",성동구,"11200690",성수2가3동,298939
13A08DED0C,서울특별시 성동구 성수일로8길 60,교대*******,백반/가정식3,서울 성동구,백반/가정식,성수,20211109,,37.5448442,127.0568034,success,성동구,D,발달상권,"3120052",성수역,205008,449464,"11200",성동구,"11200690",성수2가3동,298939
4C8487EFAE,서울특별시 성동구 아차산로13길 2,코트***,,서울 성동구,카페,,20220526,,37.5434057,127.0607029,success,성동구,D,발달상권,"3120052",성수역,205008,449464,"11200",성동구,"11200690",성수2가3동,298939
ED5C02F6B2,서울특별시 성동구 아차산로13길 2,재즈****,,서울 성동구,일반 유흥주점,,20240521,,37.5434057,127.0607029,success,성동구,D,발달상권,"3120052",성수역,205008,449464,"11200",성동구,"11200690",성수2가3동,298939
10FA1CC7BC,서울특별시 성동구 아차산로5길 26,성수**,,서울 성동구,백반/가정식,성수,20220802,,37.5478167,127.0535655,success,성동구,D,발달상권,"3120052",성수역,205008,449464,"11200",성동구,"11200690",성수2가3동,298939
ECAA46191A,서울특별시 성동구 아차산로7길 11,피잇**********,,서울 성동구,피자,성수,20201215,,37.5462326,127.0544139,success,성동구,D,발달상권,"3120052",성수역,205008,449464,"11200",성동구,"11200690",성수2가3동,298939
4C102E76F9,서울특별시 성동구 아차산로7길 14,호랑****,,서울 성동구,한식-단품요리일반,성수,20170405,,37.5462999,127.05481,success,성동구,D,발달상권,"3120052",성수역,205008,449464,"11200",성동구,"11200690",성수2가3동,298939
D09E2B3D82,서울특별시 성동구 아차산로7길 15,본죽*******,한식-죽1,서울 성동구,한식-죽,성수,20170828,,37.5466182,127.0546124,success,성동구,D,발달상권,"3120052",성수역,205008,449464,"11200",성동구,"11200690",성수2가3동,298939
AC38610082,서울특별시 성동구 아차산로7길 15,글*,,서울 성동구,일반 유흥주점,성수,20170329,20250729,37.5466182,127.0546124,success,성동구,D,발달상권,"3120052",성수역,205008,449464,"11200",성동구,"11200690",성수2가3동,298939
6EA068280B,서울특별시 성동구 아차산로7길 18,강다*****,,서울 성동구,분식,성수,20230816,,37.5466849,127.0548978,success,성동구,D,발달상권,"3120052",성수역,205008,449464,"11200",성동구,"11200690",성수2가3동,298939
6FD5401343,서울특별시 성동구 아차산로7길 18,노을***,,서울 성동구,한식-육류/고기,성수,20220622,,37.5466849,127.0548978,success,성동구,D,발달상권,"3120052",성수역,205008,449464,"11200",성동구,"11200690",성수2가3동,298939
"0BE7C060B5",서울특별시 성동구 아차산로7길 20,성수***,,서울 성동구,중식당,성수,20190617,,37.5468142,127.05496,success,성동구,D,발달상권,"3120052",성수역,205008,449464,"11200",성동구,"11200690",성수2가3동,298939
A55F21CAF1,서울특별시 성동구 아차산로7길 20,움(*****,,서울 성동구,백반/가정식,성수,20230509,,37.5468142,127.05496,success,성동구,D,발달상권,"3120052",성수역,205008,449464,"11200",성동구,"11200690",성수2가3동,298939
C229B393D6,서울특별시 성동구 아차산로7길 21,씨탑******,,서울 성동구,인삼제품,성수,20230919,,37.5471887,127.0547051,success,성동구,D,발달상권,"3120052",성수역,205008,449464,"11200",성동구,"11200690",성수2가3동,298939
3C54A75A81,서울특별시 성동구 아차산로7길 21,멍텅*********,,서울 성동구,한식-해물/생선,성수,20240607,,37.5471887,127.0547051,success,성동구,D,발달상권,"3120052",성수역,205008,449464,"11200",성동구,"11200690",성수2가3동,298939
494DCC4C5F,서울특별시 성동구 아차산로7길 22,피자*********,피자8,서울 성동구,피자,성수,20191101,,37.5470523,127.0550739,success,성동구,D,발달상권,"3120052",성수역,205008,449464,"11200",성동구,"11200690",성수2가3동,298939
D1AD4D966E,서울특별시 성동구 아차산로7길 22,코코*****,베이커리9,서울 성동구,베이커리,성수,20191213,,37.5470523,127.0550739,success,성동구,D,발달상권,"3120052",성수역,205008,449464,"11200",성동구,"11200690",성수2가3동,298939
B4F160AD97,서울특별시 성동구 아차산로7길 28,성수**,,서울 성동구,와인바,성수,20201113,20250821,37.5475471,127.0554558,success,성동구,D,발달상권,"3120052",성수역,205008,449464,"11200",성동구,"11200690",성수2가3동,298939
"0C579C8DE3",서울특별시 성동구 아차산로7길 28,그린****,,서울 성동구,한식뷔페,성수,20170518,,37.5475471,127.0554558,success,성동구,D,발달상권,"3120052",성수역,205008,449464,"11200",성동구,"11200690",성수2가3동,298939
882533C9E4,서울특별시 성동구 아차산로7길 29,서울**,,서울 성동구,백반/가정식,성수,20221004,,37.5478934,127.0551324,success,성동구,D,발달상권,"3120052",성수역,205008,449464,"11200",성동구,"11200690",성수2가3동,298939
C948BD5C50,서울특별시 성동구 아차산로7길 29,김뚜**********,,서울 성동구,한식-찌개/전골,성수,20221012,,37.5478934,127.0551324,success,성동구,D,발달상권,"3120052",성수역,205008,449464,"11200",성동구,"11200690",성수2가3동,298939
"0BD77C00B4",서울특별시 성동구 아차산로7길 36,코쿤****,,서울 성동구,식료품,성수,20230621,,37.5482119,127.0556523,success,성동구,D,발달상권,"3120052",성수역,205008,449464,"11200",성동구,"11200690",성수2가3동,298939
78B4B81E3F,서울특별시 성동구 아차산로7길 36,이키*****,,서울 성동구,일식당,성수,20200828,,37.5482119,127.0556523,success,성동구,D,발달상권,"3120052",성수역,205008,449464,"11200",성동구,"11200690",성수2가3동,298939
3A0FA79FF3,서울특별시 성동구 아차산로7길 36,아카**,,서울 성동구,이자카야,성수,20220816,,37.5482119,127.0556523,success,성동구,D,발달상권,"3120052",성수역,205008,449464,"11200",성동구,"11200690",성수2가3동,298939
CC1114DFB5,서울특별시 성동구 아차산로7길 36,정든*,,서울 성동구,백반/가정식,성수,20181214,,37.5482119,127.0556523,success,성동구,D,발달상권,"3120052",성수역,205008,449464,"11200",성동구,"11200690",성수2가3동,298939
"7D81241546",서울특별시 성동구 아차산로7길 36,돼지*****,,서울 성동구,한식-육류/고기,성수,20240319,,37.5482119,127.0556523,success,성동구,D,발달상권,"3120052",성수역,205008,449464,"11200",성동구,"11200690",성수2가3동,298939
E9BFE7C269,서울특별시 성동구 아차산로7길 36,더양*********,,서울 성동구,한식-국밥/설렁탕,성수,20240103,,37.5482119,127.0556523,success,성동구,D,발달상권,"3120052",성수역,205008,449464,"11200",성동구,"11200690",성수2가3동,298939
"0328418F66",서울특별시 성동구 연무장5가길 24,솔솥****,,서울 성동구,백반/가정식,성수,20211208,,37.5432094,127.0553025,success,성동구,D,발달상권,"3120052",성수역,205008,449464,"11200",성동구,"11200690",성수2가3동,298939
2CFE1C6776,서울특별시 성동구 연무장5가길 25,루루******,,서울 성동구,와인바,성수,20230523,,37.5435802,127.0556438,success,성동구,D,발달상권,"3120052",성수역,205008,449464,"11200",성동구,"11200690",성수2가3동,298939
88D02E190E,서울특별시 성동구 연무장5가길 25,멘야*******,,서울 성동구,일식당,성수,20201020,,37.5435802,127.0556438,success,성동구,D,발달상권,"3120052",성수역,205008,449464,"11200",성동구,"11200690",성수2가3동,298939
231E0650F8,서울특별시 성동구 연무장5가길 25,하오**,,서울 성동구,중식당,성수,20191017,,37.5435802,127.0556438,success,성동구,D,발달상권,"3120052",성수역,205008,449464,"11200",성동구,"11200690",성수2가3동,298939
F0082429E9,서울특별시 성동구 연무장5가길 25,투썸***************,커피전문점13,서울 성동구,커피전문점,성수,20180913,,37.5435802,127.0556438,success,성동구,D,발달상권,"3120052",성수역,205008,449464,"11200",성동구,"11200690",성수2가3동,298939
CC6E68F51E,서울특별시 성동구 연무장5가길 25,효자**********,,서울 성동구,한식-육류/고기,성수,20220628,,37.5435802,127.0556438,success,성동구,D,발달상권,"3120052",성수역,205008,449464,"11200",성동구,"11200690",성수2가3동,298939
F34A09F515,서울특별시 성동구 연무장5가길 25,마시***********,,서울 성동구,한식-찌개/전골,성수,20241031,,37.5435802,127.0556438,success,성동구,D,발달상권,"3120052",성수역,205008,449464,"11200",성동구,"11200690",성수2가3동,298939
B1AD8ED803,서울특별시 성동구 연무장5가길 25,성수****,,서울 성동구,한식-해물/생선,성수,20231207,,37.5435802,127.0556438,success,성동구,D,발달상권,"3120052",성수역,205008,449464,"11200",성동구,"11200690",성수2가3동,298939
20EF59F929,서울특별시 성동구 연무장5가길 25,신선*******,,서울 성동구,한식-단품요리일반,성수,20220324,,37.5435802,127.0556438,success,성동구,D,발달상권,"3120052",성수역,205008,449464,"11200",성동구,"11200690",성수2가3동,298939
FD52FCDA1B,서울특별시 성동구 연무장5가길 25,리파*****,,서울 성동구,한식-단품요리일반,성수,20230419,,37.5435802,127.0556438,success,성동구,D,발달상권,"3120052",성수역,205008,449464,"11200",성동구,"11200690",성수2가3동,298939
7FB3EF9274,서울특별시 성동구 연무장5가길 26,탐*,,서울 성동구,일식당,성수,20200409,,37.5431748,127.0554194,success,성동구,D,발달상권,"3120052",성수역,205008,449464,"11200",성동구,"11200690",성수2가3동,298939
1F514EF208,서울특별시 성동구 연무장5가길 26,탄스****,,서울 성동구,일식당,성수,20220519,,37.5431748,127.0554194,success,성동구,D,발달상권,"3120052",성수역,205008,449464,"11200",성동구,"11200690",성수2가3동,298939
"4074003379",서울특별시 성동구 연무장5가길 32,베커*****,,서울 성동구,베이커리,성수,20240523,,37.5430644,127.0557812,success,성동구,D,발달상권,"3120052",성수역,205008,449464,"11200",성동구,"11200690",성수2가3동,298939
CA54464181,서울특별시 성동구 연무장9길 10-1,케익*****,,서울 성동구,카페,성수,20240603,,37.5431284,127.0561655,success,성동구,D,발달상권,"3120052",성수역,205008,449464,"11200",성동구,"11200690",성수2가3동,298939
8C0919784F,서울특별시 성동구 성수이로14길 15,페이******************,,서울 성동구,양식,성수,20220413,,37.5418084,127.0567125,success,성동구,D,발달상권,"3120052",성수역,205008,449464,"11200",성동구,"11200690",성수2가3동,298939
F2207F8023,서울특별시 성동구 성수이로14길 15,엘레**,,서울 성동구,카페,성수,20220830,,37.5418084,127.0567125,success,성동구,D,발달상권,"3120052",성수역,205008,449464,"11200",성동구,"11200690",성수2가3동,298939
B79977740A,서울특별시 성동구 성수이로20길 10,엑스*******,,서울 성동구,식료품,성수,20220504,,37.5432444,127.0576313,success,성동구,D,발달상권,"3120052",성수역,205008,449464,"11200",성동구,"11200690",성수2가3동,298939
825BEADB27,서울특별시 성동구 성수이로20길 10,멘츠*,,서울 성동구,일식당,성수,20231005,,37.5432444,127.0576313,success,성동구,D,발달상권,"3120052",성수역,205008,449464,"11200",성동구,"11200690",성수2가3동,298939
"40876D8589",서울특별시 성동구 성수이로22길 31,리*,,서울 성동구,카페,,20210726,,37.5440764,127.0606036,success,성동구,D,발달상권,"3120052",성수역,205008,449464,"11200",성동구,"11200690",성수2가3동,298939
53679A769E,서울특별시 성동구 성수이로22길 37,세디*********,,서울 성동구,양식,,20210824,,37.5438723,127.0612979,success,성동구,D,발달상권,"3120052",성수역,205008,449464,"11200",성동구,"11200690",성수2가3동,298939
6B18BE9BFB,서울특별시 성동구 성수이로22길 37,소이************,,서울 성동구,백반/가정식,,20240604,,37.5438723,127.0612979,success,성동구,D,발달상권,"3120052",성수역,205008,449464,"11200",성동구,"11200690",성수2가3동,298939
2BF66155BC,서울특별시 성동구 성수일로10길 33,라에**,,서울 성동구,카페,성수,20220629,,37.5465918,127.0538704,success,성동구,D,발달상권,"3120052",성수역,205008,449464,"11200",성동구,"11200690",성수2가3동,298939
91BD541A0F,서울특별시 성동구 성수일로10길 35,금별******,,서울 성동구,호프/맥주,성수,20220707,,37.5460225,127.0542142,success,성동구,D,발달상권,"3120052",성수역,205008,449464,"11200",성동구,"11200690",성수2가3동,298939
4AB5E20EE4,서울특별시 성동구 성수일로12길 26,커피***,,서울 성동구,카페,성수,20240311,,37.5481346,127.0537889,success,성동구,D,발달상권,"3120052",성수역,205008,449464,"11200",성동구,"11200690",성수2가3동,298939
9AB9BE98E4,서울특별시 성동구 성수일로12길 26,커피******,,서울 성동구,카페,성수,20241203,,37.5481346,127.0537889,success,성동구,D,발달상권,"3120052",성수역,205008,449464,"11200",성동구,"11200690",성수2가3동,298939
"5078575E67",서울특별시 성동구 성수일로12길 26,킷포*,,서울 성동구,일식당,성수,20240325,,37.5481346,127.0537889,success,성동구,D,발달상권,"3120052",성수역,205008,449464,"11200",성동구,"11200690",성수2가3동,298939
FA526A8279,서울특별시 성동구 성수일로12길 26,리사*******,,서울 성동구,커피전문점,성수,20240909,,37.5481346,127.0537889,success,성동구,D,발달상권,"3120052",성수역,205008,449464,"11200",성동구,"11200690",성수2가3동,298939
67BEA11D33,서울특별시 성동구 성수일로12길 26,메가************,커피전문점2,서울 성동구,커피전문점,성수,20240920,,37.5481346,127.0537889,success,성동구,D,발달상권,"3120052",성수역,205008,449464,"11200",성동구,"11200690",성수2가3동,298939
A6D6C995BD,서울특별시 성동구 성수일로12길 26,제로******,,서울 성동구,백반/가정식,성수,20240826,,37.5481346,127.0537889,success,성동구,D,발달상권,"3120052",성수역,205008,449464,"11200",성동구,"11200690",성수2가3동,298939
9A012C0993,서울특별시 성동구 성수일로12길 27,스위*******,,서울 성동구,식료품,성수,20210507,,37.5482158,127.0544121,success,성동구,D,발달상권,"3120052",성수역,205008,449464,"11200",성동구,"11200690",성수2가3동,298939
C2917321B5,서울특별시 성동구 성수일로12길 34,와이*,,서울 성동구,카페,성수,20230608,,37.5475625,127.0543807,success,성동구,D,발달상권,"3120052",성수역,205008,449464,"11200",성동구,"11200690",성수2가3동,298939
37AA4DBA89,서울특별시 성동구 성수일로12길 44,둘쭈****,,서울 성동구,양식,성수,20230921,,37.5470967,127.0553402,success,성동구,D,발달상권,"3120052",성수역,205008,449464,"11200",성동구,"11200690",성수2가3동,298939
DEA848E3A9,서울특별시 성동구 아차산로11길 11,우리***,,서울 성동구,백반/가정식,성수,20190313,,37.5447807,127.0592951,success,성동구,D,발달상권,"3120052",성수역,205008,449464,"11200",성동구,"11200690",성수2가3동,298939
1F369B9364,서울특별시 성동구 아차산로11길 11,송계*****,,서울 성동구,백반/가정식,성수,20210707,20250731,37.5447807,127.0592951,success,성동구,D,발달상권,"3120052",성수역,205008,449464,"11200",성동구,"11200690",성수2가3동,298939
867564A1CD,서울특별시 성동구 아차산로11길 11,맛*,,서울 성동구,백반/가정식,성수,20240809,,37.5447807,127.0592951,success,성동구,D,발달상권,"3120052",성수역,205008,449464,"11200",성동구,"11200690",성수2가3동,298939
5AF671B1BF,서울특별시 성동구 아차산로11길 11,오대***,,서울 성동구,한식-국수/만두,성수,20241118,,37.5447807,127.0592951,success,성동구,D,발달상권,"3120052",성수역,205008,449464,"11200",성동구,"11200690",성수2가3동,298939
A2F31AB139,서울특별시 성동구 아차산로11길 12,쿠*,,서울 성동구,한식-단품요리일반,,20240710,,37.5447856,127.0597012,success,성동구,D,발달상권,"3120052",성수역,205008,449464,"11200",성동구,"11200690",성수2가3동,298939
D7EAFE3D88,서울특별시 성동구 아차산로7길 9-2,삼형*******,,서울 성동구,분식,성수,20230718,,37.5461776,127.0542855,success,성동구,D,발달상권,"3120052",성수역,205008,449464,"11200",성동구,"11200690",성수2가3동,298939
E72B5A0A41,서울특별시 성동구 성수일로8길 39-1,이트****,,서울 성동구,카페,성수,20220823,,37.5457273,127.054995,success,성동구,D,발달상권,"3120052",성수역,205008,449464,"11200",성동구,"11200690",성수2가3동,298939
1BE8E3CE79,서울특별시 성동구 성수일로8길 40-1,무근*,,서울 성동구,일반 유흥주점,성수,20210708,,37.5454325,127.0547234,success,성동구,D,발달상권,"3120052",성수역,205008,449464,"11200",성동구,"11200690",성수2가3동,298939
656E1E70AF,서울특별시 성동구 아차산로7가길 21,귀농**,,서울 성동구,식료품,성수,20230105,,37.5465029,127.0550982,success,성동구,D,발달상권,"3120052",성수역,205008,449464,"11200",성동구,"11200690",성수2가3동,298939
75C9AC2BFE,서울특별시 성동구 아차산로7길 14-1,모*,,서울 성동구,일반 유흥주점,성수,20230407,,37.5464333,127.0547789,success,성동구,D,발달상권,"3120052",성수역,205008,449464,"11200",성동구,"11200690",성수2가3동,298939
E02749FC67,서울특별시 성동구 아차산로7길 17-1,삼*,,서울 성동구,카페,성수,20230113,,37.5467221,127.0546484,success,성동구,D,발달상권,"3120052",성수역,205008,449464,"11200",성동구,"11200690",성수2가3동,298939
C4B01C15B0,서울특별시 성동구 아차산로7길 17-1,착한**,,서울 성동구,중식당,성수,20220729,,37.5467221,127.0546484,success,성동구,D,발달상권,"3120052",성수역,205008,449464,"11200",성동구,"11200690",성수2가3동,298939
2F44EA8AEB,서울특별시 성동구 아차산로 153,성수**,,서울 성동구,백반/가정식,,20231005,,37.5434584,127.0610313,success,성동구,D,발달상권,"3120052",성수역,205008,449464,"11200",성동구,"11200690",성수2가3동,298939
491274748A,서울 성동구 성수일로12길 34,오니******,한식-단품요리일반9,서울 성동구,한식-단품요리일반,성수,20100113,,37.5475625,127.0543807,success,성동구,D,발달상권,"3120052",성수역,205008,449464,"11200",성동구,"11200690",성수2가3동,298939
BD237E8126,서울 성동구 상원2길 5.,페로************,,서울 성동구,카페,뚝섬,20200407,,37.5459672,127.0495143,success,성동구,D,발달상권,"3120051",뚝섬역,204279,449686,"11200",성동구,"11200660",성수1가2동,218163
AEE017222D,서울 성동구 상원길 11.,연탄****,,서울 성동구,한식-해물/생선,뚝섬,20130507,,37.5450602,127.0490539,success,성동구,D,발달상권,"3120051",뚝섬역,204279,449686,"11200",성동구,"11200660",성수1가2동,218163
6B31815A9D,서울 성동구 상원길 19.,개인****************,,서울 성동구,카페,뚝섬,20150630,,37.5458894,127.0487701,success,성동구,D,발달상권,"3120051",뚝섬역,204279,449686,"11200",성동구,"11200660",성수1가2동,218163
968834B420,서울 성동구 상원길 24.,백채*********,한식-찌개/전골1,서울 성동구,한식-찌개/전골,뚝섬,20111205,,37.5461491,127.0490964,success,성동구,D,발달상권,"3120051",뚝섬역,204279,449686,"11200",성동구,"11200660",성수1가2동,218163
B7564CFF4B,서울 성동구 상원길 24.,미사*,,서울 성동구,한식-단품요리일반,뚝섬,20131210,,37.5461491,127.0490964,success,성동구,D,발달상권,"3120051",뚝섬역,204279,449686,"11200",성동구,"11200660",성수1가2동,218163
5B875E9A9E,서울 성동구 상원1길 26.,대성**,,서울 성동구,한식-육류/고기,뚝섬,20240207,,37.5461809,127.0486509,success,성동구,D,발달상권,"3120051",뚝섬역,204279,449686,"11200",성동구,"11200660",성수1가2동,218163
5F35F67E3F,서울 성동구 성수일로 59,장흥**,,서울 성동구,백반/가정식,뚝섬,20081009,,37.5458409,127.0499354,success,성동구,D,발달상권,"3120051",뚝섬역,204279,449686,"11200",성동구,"11200660",성수1가2동,218163
170B8F1903,서울 성동구 왕십리로 78,승리*,,서울 성동구,중식당,뚝섬,20160830,,37.5444752,127.0451408,success,성동구,D,발달상권,"3120051",뚝섬역,204279,449686,"11200",성동구,"11200660",성수1가2동,218163
B2A570260C,서울  성동구  성수1가2동,청록***,,서울 성동구,식품 제조,뚝섬,19981111,,37.5462824,127.0443475,success,성동구,D,발달상권,"3120051",뚝섬역,204279,449686,"11200",성동구,"11200660",성수1가2동,218163
"00BC189C4B",서울  성동구  성수1가2동,땅끝******,,서울 성동구,한식-해물/생선,뚝섬,20030221,,37.5462824,127.0443475,success,성동구,D,발달상권,"3120051",뚝섬역,204279,449686,"11200",성동구,"11200660",성수1가2동,218163
A7CC40BE1E,서울  성동구  성수1가2동,죽변*,,서울 성동구,한식-해물/생선,뚝섬,20040715,,37.5462824,127.0443475,success,성동구,D,발달상권,"3120051",뚝섬역,204279,449686,"11200",성동구,"11200660",성수1가2동,218163
A462C0C36E,서울 성동구 성수일로 47.,룻의***,,서울 성동구,식료품,,20231030,,37.5447534,127.049521,success,성동구,D,발달상권,"3120051",뚝섬역,204279,449686,"11200",성동구,"11200660",성수1가2동,218163
B2AFB01CC4,서울 성동구 아차산로 20.,종가***,,서울 성동구,한식-단품요리일반,뚝섬,20130522,,37.5472331,127.0466899,success,성동구,D,발달상권,"3120051",뚝섬역,204279,449686,"11200",성동구,"11200660",성수1가2동,218163
74D5125FD6,서울 성동구 왕십리로 102,베스****,,서울 성동구,담배,뚝섬,20100920,,37.5466242,127.0448923,success,성동구,D,발달상권,"3120051",뚝섬역,204279,449686,"11200",성동구,"11200660",성수1가2동,218163
6A4747F757,서울 성동구 왕십리로 104,에이********,,서울 성동구,호프/맥주,뚝섬,19990917,,37.5468653,127.0448689,success,성동구,D,발달상권,"3120051",뚝섬역,204279,449686,"11200",성동구,"11200660",성수1가2동,218163
BBC08E8D52,서울 성동구 왕십리로 78.,베트*********,동남아/인도음식6,서울 성동구,동남아/인도음식,건대입구,20210113,,37.5444752,127.0451408,success,성동구,D,발달상권,"3120051",뚝섬역,204279,449686,"11200",성동구,"11200660",성수1가2동,218163
9DF1B9E016,서울 성동구 왕십리로 92.,파리********,베이커리10,서울 성동구,베이커리,뚝섬,20000131,,37.5457086,127.0450018,success,성동구,D,발달상권,"3120051",뚝섬역,204279,449686,"11200",성동구,"11200660",성수1가2동,218163
1F01798D03,서울 성동구 왕십리로 100.,리김*******,분식9,서울 성동구,분식,뚝섬,20190417,20250814,37.5464628,127.0448837,success,성동구,D,발달상권,"3120051",뚝섬역,204279,449686,"11200",성동구,"11200660",성수1가2동,218163
8894E49C2B,서울 성동구 왕십리로4길 1,장수*****,,서울 성동구,한식-육류/고기,뚝섬,20020506,,37.5456762,127.0451272,success,성동구,D,발달상권,"3120051",뚝섬역,204279,449686,"11200",성동구,"11200660",성수1가2동,218163
BAE4DBE504,서울 성동구 성수일로 59-1.,성수******,,서울 성동구,한식-육류/고기,뚝섬,20100303,,37.5459289,127.0499748,success,성동구,D,발달상권,"3120051",뚝섬역,204279,449686,"11200",성동구,"11200660",성수1가2동,218163
EB1FBD0949,서울 성동구 성수일로8길 5.,용이*,,서울 성동구,분식,성수,20150217,,37.5469016,127.0516608,success,성동구,D,발달상권,"3120051",뚝섬역,204279,449686,"11200",성동구,"11200660",성수1가2동,218163
456FAA8479,서울 성동구 성수일로8길 5.,화*,,서울 성동구,한식-육류/고기,성수,20160503,,37.5469016,127.0516608,success,성동구,D,발달상권,"3120051",뚝섬역,204279,449686,"11200",성동구,"11200660",성수1가2동,218163
84840BD483,서울 성동구 성수일로8길 5.,두찜******,한식-육류/고기7,서울 성동구,한식-육류/고기,성수,20231121,,37.5469016,127.0516608,success,성동구,D,발달상권,"3120051",뚝섬역,204279,449686,"11200",성동구,"11200660",성수1가2동,218163
3CD5747A9B,서울 성동구 성수일로8길 5.,데일****,,서울 성동구,샌드위치/토스트,성수,20220620,,37.5469016,127.0516608,success,성동구,D,발달상권,"3120051",뚝섬역,204279,449686,"11200",성동구,"11200660",성수1가2동,218163
9608F27C4D,서울 성동구 왕십리로6길 2.,일월***,,서울 성동구,한식-단품요리일반,뚝섬,20210609,,37.5461123,127.0449738,success,성동구,D,발달상권,"3120051",뚝섬역,204279,449686,"11200",성동구,"11200660",성수1가2동,218163
"0080644746",서울 성동구 왕십리로8길 4.,샵아**,요리주점1,서울 성동구,요리주점,뚝섬,20150515,,37.5464163,127.045049,success,성동구,D,발달상권,"3120051",뚝섬역,204279,449686,"11200",성동구,"11200660",성수1가2동,218163
57D0C5916A,서울 성동구 왕십리로8길 5.,미테**,,서울 성동구,양식,뚝섬,20160909,,37.5465226,127.045351,success,성동구,D,발달상권,"3120051",뚝섬역,204279,449686,"11200",성동구,"11200660",성수1가2동,218163
C22B08730F,서울 성동구 왕십리로8길 5.,서울****,,서울 성동구,호프/맥주,뚝섬,20230113,,37.5465226,127.045351,success,성동구,D,발달상권,"3120051",뚝섬역,204279,449686,"11200",성동구,"11200660",성수1가2동,218163
1C4665B740,서울 성동구 왕십리로8길 7.,더블**********,,서울 성동구,한식-육류/고기,뚝섬,20160922,,37.546439,127.045742,success,성동구,D,발달상권,"3120051",뚝섬역,204279,449686,"11200",성동구,"11200660",성수1가2동,218163
41E88640AD,서울 성동구 성수일로 80-17.,대도*,,서울 성동구,한식-육류/고기,성수,20180425,,37.5469313,127.0510733,success,성동구,D,발달상권,"3120051",뚝섬역,204279,449686,"11200",성동구,"11200660",성수1가2동,218163
"51949561E0",서울 성동구 성수일로12길 20,충남**,,서울 성동구,백반/가정식,성수,20060223,,37.548179,127.0532478,success,성동구,D,발달상권,"3120051",뚝섬역,204279,449686,"11200",성동구,"11200660",성수1가2동,218163
BD1918BD51,서울 성동구 성수일로12길 20,또*,,서울 성동구,백반/가정식,성수,20101230,,37.548179,127.0532478,success,성동구,D,발달상권,"3120051",뚝섬역,204279,449686,"11200",성동구,"11200660",성수1가2동,218163
"039869F9F9",서울 성동구 연무장3길 9-14.,오마************,,서울 성동구,일식당,성수,20230116,,37.5448271,127.0515523,success,성동구,D,발달상권,"3120051",뚝섬역,204279,449686,"11200",성동구,"11200660",성수1가2동,218163
AA108C530C,서울 성동구 왕십리로 107-1.,두남******,,서울 성동구,포장마차,뚝섬,20130822,,37.5472262,127.0443168,success,성동구,D,발달상권,"3120051",뚝섬역,204279,449686,"11200",성동구,"11200660",성수1가2동,218163
A0F7C57228,서울 성동구 왕십리로10길 11,성수***,,서울 성동구,한식-해물/생선,뚝섬,20040603,,37.5469048,127.0459955,success,성동구,D,발달상권,"3120051",뚝섬역,204279,449686,"11200",성동구,"11200660",성수1가2동,218163
149775709C,서울 성동구 왕십리로14길 20,또또***,,서울 성동구,한식-육류/고기,,20080122,,37.5485648,127.0457731,success,성동구,D,발달상권,"3120051",뚝섬역,204279,449686,"11200",성동구,"11200660",성수1가2동,218163
424ABA9D67,서울 성동구 왕십리로4길 24.,젠틀*****,,서울 성동구,커피전문점,뚝섬,20200114,,37.5467557,127.0464984,success,성동구,D,발달상권,"3120051",뚝섬역,204279,449686,"11200",성동구,"11200660",성수1가2동,218163
2791AFFA12,서울 성동구 왕십리로8길 13.,룰라******,,서울 성동구,호프/맥주,뚝섬,20101011,,37.5463373,127.0463416,success,성동구,D,발달상권,"3120051",뚝섬역,204279,449686,"11200",성동구,"11200660",성수1가2동,218163
84645AB900,서울특별시 성동구 상원2길 1,플러*,,서울 성동구,양식,뚝섬,20211215,,37.5460472,127.0492498,success,성동구,D,발달상권,"3120051",뚝섬역,204279,449686,"11200",성동구,"11200660",성수1가2동,218163
AB0B0395C8,서울특별시 성동구 상원2길 1,키키**,,서울 성동구,일식당,뚝섬,20230718,,37.5460472,127.0492498,success,성동구,D,발달상권,"3120051",뚝섬역,204279,449686,"11200",성동구,"11200660",성수1가2동,218163
305F8B41E8,서울특별시 성동구 상원2길 1,희정***,,서울 성동구,한식-육류/고기,뚝섬,20180705,,37.5460472,127.0492498,success,성동구,D,발달상권,"3120051",뚝섬역,204279,449686,"11200",성동구,"11200660",성수1가2동,218163
C56839C38F,서울특별시 성동구 상원2길 3,호미*,,서울 성동구,백반/가정식,뚝섬,20210408,,37.5460124,127.0493656,success,성동구,D,발달상권,"3120051",뚝섬역,204279,449686,"11200",성동구,"11200660",성수1가2동,218163
6139F1970B,서울특별시 성동구 상원2길 3,메시********,,서울 성동구,한식-단품요리일반,뚝섬,20180917,,37.5460124,127.0493656,success,성동구,D,발달상권,"3120051",뚝섬역,204279,449686,"11200",성동구,"11200660",성수1가2동,218163
C45383D8D3,서울특별시 성동구 상원2길 6,나츠*,,서울 성동구,일식당,뚝섬,20240911,,37.545814,127.0495173,success,성동구,D,발달상권,"3120051",뚝섬역,204279,449686,"11200",성동구,"11200660",성수1가2동,218163
DC91CAB11B,서울특별시 성동구 상원2길 6,네모*,,서울 성동구,베이커리,뚝섬,20231027,,37.545814,127.0495173,success,성동구,D,발달상권,"3120051",뚝섬역,204279,449686,"11200",성동구,"11200660",성수1가2동,218163
5C5F3498B3,서울특별시 성동구 상원2길 7,봉쥬*********,,서울 성동구,동남아/인도음식,뚝섬,20170901,,37.5459325,127.0496312,success,성동구,D,발달상권,"3120051",뚝섬역,204279,449686,"11200",성동구,"11200660",성수1가2동,218163
119075288D,서울특별시 성동구 상원길 17,삽다****,,서울 성동구,한식-육류/고기,뚝섬,20240328,,37.5455525,127.0490321,success,성동구,D,발달상권,"3120051",뚝섬역,204279,449686,"11200",성동구,"11200660",성수1가2동,218163
79F8A1BFD2,서울특별시 성동구 상원길 17,퍼응***********,,서울 성동구,동남아/인도음식,뚝섬,20200703,,37.5455525,127.0490321,success,성동구,D,발달상권,"3120051",뚝섬역,204279,449686,"11200",성동구,"11200660",성수1가2동,218163
9041A4EB80,서울특별시 성동구 상원길 19,카페****,,서울 성동구,카페,뚝섬,20241014,,37.5458894,127.0487701,success,성동구,D,발달상권,"3120051",뚝섬역,204279,449686,"11200",성동구,"11200660",성수1가2동,218163
2B9B91BE0C,서울특별시 성동구 상원길 19,청정*,,서울 성동구,일식-샤브샤브,뚝섬,20171012,,37.5458894,127.0487701,success,성동구,D,발달상권,"3120051",뚝섬역,204279,449686,"11200",성동구,"11200660",성수1가2동,218163
C7CFDB1BF1,서울특별시 성동구 상원길 19,청담***,,서울 성동구,한식-국밥/설렁탕,뚝섬,20220314,,37.5458894,127.0487701,success,성동구,D,발달상권,"3120051",뚝섬역,204279,449686,"11200",성동구,"11200660",성수1가2동,218163
28F229AEF2,서울특별시 성동구 상원길 24,뚝섬**,,서울 성동구,분식,뚝섬,20220624,,37.5461491,127.0490964,success,성동구,D,발달상권,"3120051",뚝섬역,204279,449686,"11200",성동구,"11200660",성수1가2동,218163
1F75656163,서울  성동구  아차산로  50-1,전주******,,서울 성동구,한식-국밥/설렁탕,뚝섬,20100208,,37.5462398,127.0497841,success,성동구,D,발달상권,"3120051",뚝섬역,204279,449686,"11200",성동구,"11200660",성수1가2동,218163
54537D2AD9,서울 성동구 성수일로12길 20.,라보*,,서울 성동구,베이커리,성수,20131223,,37.548179,127.0532478,success,성동구,D,발달상권,"3120051",뚝섬역,204279,449686,"11200",성동구,"11200660",성수1가2동,218163
"05D0F780F0",서울 성동구 성수일로12길 20.,돈이******,,서울 성동구,백반/가정식,성수,20150424,,37.548179,127.0532478,success,성동구,D,발달상권,"3120051",뚝섬역,204279,449686,"11200",성동구,"11200660",성수1가2동,218163
5C3A9D7C5A,서울 성동구 왕십리로14길 18.,대돈*,,서울 성동구,한식-육류/고기,뚝섬,20230711,,37.5485964,127.0456069,success,성동구,D,발달상권,"3120051",뚝섬역,204279,449686,"11200",성동구,"11200660",성수1가2동,218163
D3C9F2C2F5,서울 성동구 왕십리로14길 30.,성수****,,서울 성동구,한식-국밥/설렁탕,뚝섬,20210322,,37.5483369,127.046887,success,성동구,D,발달상권,"3120051",뚝섬역,204279,449686,"11200",성동구,"11200660",성수1가2동,218163
DA01E5E1CB,서울 성동구 왕십리로4길 23-1,맥스**,,서울 성동구,치킨,뚝섬,20010105,,37.5469638,127.0463449,success,성동구,D,발달상권,"3120051",뚝섬역,204279,449686,"11200",성동구,"11200660",성수1가2동,218163
B7D36E4B91,서울 성동구 왕십리로6길 1-2.,퍼니***********,,서울 성동구,일식-덮밥/돈가스,뚝섬,20121128,,37.5462676,127.045032,success,성동구,D,발달상권,"3120051",뚝섬역,204279,449686,"11200",성동구,"11200660",성수1가2동,218163
75FA18BD56,서울특별시 성동구 상원1길 12,홍익***,일식-덮밥/돈가스3,서울 성동구,일식-덮밥/돈가스,뚝섬,20240531,,37.5450602,127.0490539,success,성동구,D,발달상권,"3120051",뚝섬역,204279,449686,"11200",성동구,"11200660",성수1가2동,218163
1B5F85BD96,서울특별시 성동구 상원1길 26,은행******,,서울 성동구,일식당,뚝섬,20231228,,37.5461809,127.0486509,success,성동구,D,발달상권,"3120051",뚝섬역,204279,449686,"11200",성동구,"11200660",성수1가2동,218163
4795D97F2B,서울특별시 성동구 상원1길 26,천잠**,,서울 성동구,인삼제품,뚝섬,20210111,,37.5461809,127.0486509,success,성동구,D,발달상권,"3120051",뚝섬역,204279,449686,"11200",성동구,"11200660",성수1가2동,218163
CE35329FA0,서울특별시 성동구 상원1길 26,강남******,한식-국수/만두1,서울 성동구,한식-국수/만두,뚝섬,20210729,,37.5461809,127.0486509,success,성동구,D,발달상권,"3120051",뚝섬역,204279,449686,"11200",성동구,"11200660",성수1가2동,218163
9A40BD3F2E,서울특별시 성동구 상원1길 26,옥된*****,,서울 성동구,한식-단품요리일반,뚝섬,20230130,,37.5461809,127.0486509,success,성동구,D,발달상권,"3120051",뚝섬역,204279,449686,"11200",성동구,"11200660",성수1가2동,218163
E5EA44757A,서울특별시 성동구 상원1길 39,버거***,,서울 성동구,햄버거,뚝섬,20240426,,37.5470309,127.046911,success,성동구,D,발달상권,"3120051",뚝섬역,204279,449686,"11200",성동구,"11200660",성수1가2동,218163
E5474E6047,서울특별시 성동구 상원1길 39,스시**,,서울 성동구,일식-초밥/롤,뚝섬,20240909,,37.5470309,127.046911,success,성동구,D,발달상권,"3120051",뚝섬역,204279,449686,"11200",성동구,"11200660",성수1가2동,218163
BFD54A2373,서울특별시 성동구 상원1길 41,힘냉*,,서울 성동구,한식-냉면,뚝섬,20170816,,37.5470794,127.0468283,success,성동구,D,발달상권,"3120051",뚝섬역,204279,449686,"11200",성동구,"11200660",성수1가2동,218163
7ED39D1A53,서울특별시 성동구 아차산로 3,육타***,,서울 성동구,한식-육류/고기,뚝섬,20190321,,37.5483587,127.045396,success,성동구,D,발달상권,"3120051",뚝섬역,204279,449686,"11200",성동구,"11200660",성수1가2동,218163
EB0399A070,서울 성동구 성수일로12길 20 .,직화**************,,서울 성동구,한식-해물/생선,성수,20150414,,37.548179,127.0532478,success,성동구,D,발달상권,"3120051",뚝섬역,204279,449686,"11200",성동구,"11200660",성수1가2동,218163
63C676EAE1,서울 성동구 아차산로1가길 11.,수칼**,,서울 성동구,한식-국수/만두,뚝섬,20140717,,37.5485326,127.0468249,success,성동구,D,발달상권,"3120051",뚝섬역,204279,449686,"11200",성동구,"11200660",성수1가2동,218163
A33442D657,서울 성동구 왕십리로4길 24-8.,오거*,,서울 성동구,카페,뚝섬,20210831,,37.5467243,127.0466021,success,성동구,D,발달상권,"3120051",뚝섬역,204279,449686,"11200",성동구,"11200660",성수1가2동,218163
B5B9521F58,서울 성동구 왕십리로5길 12-1.,성수**,,서울 성동구,한식-육류/고기,뚝섬,20140507,,37.5470416,127.0443456,success,성동구,D,발달상권,"3120051",뚝섬역,204279,449686,"11200",성동구,"11200660",성수1가2동,218163
FA9FC0963F,서울특별시 성동구 상원2길 5-5,비스***,,서울 성동구,양식,뚝섬,20170612,,37.5460888,127.0494043,success,성동구,D,발달상권,"3120051",뚝섬역,204279,449686,"11200",성동구,"11200660",성수1가2동,218163
A31F4B0838,서울특별시 성동구 상원2길 5-5,모르**,,서울 성동구,와인바,뚝섬,20200410,,37.5460888,127.0494043,success,성동구,D,발달상권,"3120051",뚝섬역,204279,449686,"11200",성동구,"11200660",성수1가2동,218163
984E520E5D,서울특별시 성동구 상원2길 5-5,오드*************,,서울 성동구,일반 유흥주점,뚝섬,20220722,,37.5460888,127.0494043,success,성동구,D,발달상권,"3120051",뚝섬역,204279,449686,"11200",성동구,"11200660",성수1가2동,218163
505C1CCC24,서울특별시 성동구 성수일로 47,오레***,,서울 성동구,일식당,,20190424,,37.5447534,127.049521,success,성동구,D,발달상권,"3120051",뚝섬역,204279,449686,"11200",성동구,"11200660",성수1가2동,218163
102BD17A37,서울특별시 성동구 성수일로 47,더 *************,,서울 성동구,요리주점,,20191128,,37.5447534,127.049521,success,성동구,D,발달상권,"3120051",뚝섬역,204279,449686,"11200",성동구,"11200660",성수1가2동,218163
"08336C3B85",서울특별시 성동구 성수일로 47,담소**********,한식-단품요리일반3,서울 성동구,한식-단품요리일반,,20171215,20250702,37.5447534,127.049521,success,성동구,D,발달상권,"3120051",뚝섬역,204279,449686,"11200",성동구,"11200660",성수1가2동,218163
DA4547AB2F,서울특별시 성동구 성수일로 54,풍년******,,서울 성동구,한식-육류/고기,성수,20201014,,37.5451449,127.0502483,success,성동구,D,발달상권,"3120051",뚝섬역,204279,449686,"11200",성동구,"11200660",성수1가2동,218163
A92743CA52,서울특별시 성동구 성수일로 56,무브************,,서울 성동구,카페,성수,20200810,,37.5453869,127.0504651,success,성동구,D,발달상권,"3120051",뚝섬역,204279,449686,"11200",성동구,"11200660",성수1가2동,218163
735E70DD2F,서울특별시 성동구 아차산로 42,죽이******,한식-죽3,서울 성동구,한식-죽,뚝섬,20241126,,37.5464424,127.0491136,success,성동구,D,발달상권,"3120051",뚝섬역,204279,449686,"11200",성동구,"11200660",성수1가2동,218163
7A666E6612,서울특별시 성동구 아차산로 46,뚝도**,,서울 성동구,와인바,뚝섬,20221027,,37.5463155,127.0493864,success,성동구,D,발달상권,"3120051",뚝섬역,204279,449686,"11200",성동구,"11200660",성수1가2동,218163
E6BF54CE96,서울특별시 성동구 아차산로 48,뚝섬******,커피전문점4,서울 성동구,커피전문점,뚝섬,20210827,,37.5463186,127.0495208,success,성동구,D,발달상권,"3120051",뚝섬역,204279,449686,"11200",성동구,"11200660",성수1가2동,218163
1B0AE78A30,서울특별시 성동구 아차산로 54,라쿵****,,서울 성동구,베이커리,뚝섬,20240517,,37.5461273,127.0500548,success,성동구,D,발달상권,"3120051",뚝섬역,204279,449686,"11200",성동구,"11200660",성수1가2동,218163
BF95976F07,서울특별시 성동구 아차산로 66,파트**********,,서울 성동구,커피전문점,성수,20240314,,37.5456831,127.0514649,success,성동구,D,발달상권,"3120051",뚝섬역,204279,449686,"11200",성동구,"11200660",성수1가2동,218163
D5845DCD06,서울특별시 성동구 왕십리로 84,멀티*******,,서울 성동구,커피전문점,뚝섬,20230829,,37.5451451,127.0453098,success,성동구,D,발달상권,"3120051",뚝섬역,204279,449686,"11200",성동구,"11200660",성수1가2동,218163
95697BBAEC,서울특별시 성동구 왕십리로 94,배스**********,아이스크림/빙수1,서울 성동구,아이스크림/빙수,뚝섬,20241114,,37.5458663,127.0449777,success,성동구,D,발달상권,"3120051",뚝섬역,204279,449686,"11200",성동구,"11200660",성수1가2동,218163
5099D60AF1,서울 성동구 성수일로12길 16-1.,남원******,,서울 성동구,한식-국밥/설렁탕,성수,20130111,,37.5485005,127.0528476,success,성동구,D,발달상권,"3120051",뚝섬역,204279,449686,"11200",성동구,"11200660",성수1가2동,218163
2C1B90C392,서울 성동구 왕십리로10길 19-2.,레타*********,,서울 성동구,한식-단품요리일반,뚝섬,20200602,,37.5465581,127.046834,success,성동구,D,발달상권,"3120051",뚝섬역,204279,449686,"11200",성동구,"11200660",성수1가2동,218163
28DC0855AC,서울 성동구 왕십리로14길 22-2.,비밀****,,서울 성동구,카페,뚝섬,20150330,,37.5484079,127.0460306,success,성동구,D,발달상권,"3120051",뚝섬역,204279,449686,"11200",성동구,"11200660",성수1가2동,218163
7EE617798C,서울 성동구 왕십리로14길 26-2.,자금*,,서울 성동구,중식당,뚝섬,20161208,,37.5483544,127.0463265,success,성동구,D,발달상권,"3120051",뚝섬역,204279,449686,"11200",성동구,"11200660",성수1가2동,218163
E2E58BA667,서울특별시 성동구 뚝섬로1길 63,오늘************,,서울 성동구,백반/가정식,뚝섬,20240426,,37.5467226,127.0476611,success,성동구,D,발달상권,"3120051",뚝섬역,204279,449686,"11200",성동구,"11200660",성수1가2동,218163
4F6821E9D7,서울특별시 성동구 상원1길 39-1,스시*****,,서울 성동구,일식당,뚝섬,20210625,,37.5470309,127.046911,success,성동구,D,발달상권,"3120051",뚝섬역,204279,449686,"11200",성동구,"11200660",성수1가2동,218163
AD8ADF090E,서울특별시 성동구 상원2길 1-10,용이******,,서울 성동구,분식,뚝섬,20230323,,37.5461995,127.0493273,success,성동구,D,발달상권,"3120051",뚝섬역,204279,449686,"11200",성동구,"11200660",성수1가2동,218163
8B9E003063,서울특별시 성동구 상원2길 1-10,프레****,,서울 성동구,양식,뚝섬,20230525,,37.5461995,127.0493273,success,성동구,D,발달상권,"3120051",뚝섬역,204279,449686,"11200",성동구,"11200660",성수1가2동,218163
FF2A41988A,서울특별시 성동구 상원2길 1-10,와아*****,,서울 성동구,와인바,뚝섬,20230919,,37.5461995,127.0493273,success,성동구,D,발달상권,"3120051",뚝섬역,204279,449686,"11200",성동구,"11200660",성수1가2동,218163
327194B461,서울특별시 성동구 상원2길 1-10,무*,,서울 성동구,일식당,뚝섬,20230404,,37.5461995,127.0493273,success,성동구,D,발달상권,"3120051",뚝섬역,204279,449686,"11200",성동구,"11200660",성수1가2동,218163
FBA935A166,서울특별시 성동구 상원2길 5-11,어썸***,,서울 성동구,양식,뚝섬,20180921,,37.5462406,127.0494814,success,성동구,D,발달상권,"3120051",뚝섬역,204279,449686,"11200",성동구,"11200660",성수1가2동,218163
FF03884FF0,서울특별시 성동구 상원2길 5-11,서후**,,서울 성동구,한식-육류/고기,뚝섬,20180821,,37.5462406,127.0494814,success,성동구,D,발달상권,"3120051",뚝섬역,204279,449686,"11200",성동구,"11200660",성수1가2동,218163
132078A4FE,서울특별시 성동구 연무장3길 13,플라*****,,서울 성동구,커피전문점,성수,20220401,,37.5449547,127.0516448,success,성동구,D,발달상권,"3120051",뚝섬역,204279,449686,"11200",성동구,"11200660",성수1가2동,218163
929615BC0A,서울특별시 성동구 왕십리로 100,빽다*******,커피전문점4,서울 성동구,커피전문점,뚝섬,20240405,,37.5464628,127.0448837,success,성동구,D,발달상권,"3120051",뚝섬역,204279,449686,"11200",성동구,"11200660",성수1가2동,218163
BCA89C9A13,서울특별시 성동구 왕십리로 102,커피*******,,서울 성동구,카페,뚝섬,20210125,,37.5466242,127.0448923,success,성동구,D,발달상권,"3120051",뚝섬역,204279,449686,"11200",성동구,"11200660",성수1가2동,218163
BE7CFBC6B2,서울특별시 성동구 왕십리로 102,피비**,,서울 성동구,와인바,뚝섬,20211224,,37.5466242,127.0448923,success,성동구,D,발달상권,"3120051",뚝섬역,204279,449686,"11200",성동구,"11200660",성수1가2동,218163
1A8BA43A9D,서울특별시 성동구 왕십리로 106,19***************,,서울 성동구,양식,뚝섬,20220527,,37.5469965,127.0448431,success,성동구,D,발달상권,"3120051",뚝섬역,204279,449686,"11200",성동구,"11200660",성수1가2동,218163
6A74F1538A,서울특별시 성동구 왕십리로 107,왕돈******,일식-덮밥/돈가스2,서울 성동구,일식-덮밥/돈가스,뚝섬,20171205,,37.5471534,127.0444056,success,성동구,D,발달상권,"3120051",뚝섬역,204279,449686,"11200",성동구,"11200660",성수1가2동,218163
9D63C0B760,서울특별시 성동구 왕십리로 108,쎄시*****,,서울 성동구,양식,뚝섬,20231221,,37.5471846,127.0448201,success,성동구,D,발달상권,"3120051",뚝섬역,204279,449686,"11200",성동구,"11200660",성수1가2동,218163
"0ACB344C1B",서울특별시 성동구 왕십리로 108,경성***,,서울 성동구,베이커리,뚝섬,20200514,,37.5471846,127.0448201,success,성동구,D,발달상권,"3120051",뚝섬역,204279,449686,"11200",성동구,"11200660",성수1가2동,218163
D20D8BF71F,서울특별시 성동구 왕십리로 108,본(****,,서울 성동구,일반 유흥주점,뚝섬,20220927,,37.5471846,127.0448201,success,성동구,D,발달상권,"3120051",뚝섬역,204279,449686,"11200",성동구,"11200660",성수1가2동,218163
F5A33FDFC2,서울특별시 성동구 왕십리로 108,뚝딱****,,서울 성동구,한식-육류/고기,뚝섬,20221028,,37.5471846,127.0448201,success,성동구,D,발달상권,"3120051",뚝섬역,204279,449686,"11200",성동구,"11200660",성수1가2동,218163
E5BF99B7A0,서울특별시 성동구 왕십리로 114,성수****,,서울 성동구,양식,뚝섬,20170704,,37.5477075,127.0447615,success,성동구,D,발달상권,"3120051",뚝섬역,204279,449686,"11200",성동구,"11200660",성수1가2동,218163
8C98E1C09B,서울특별시 성동구 왕십리로 114,파파********,피자7,서울 성동구,피자,뚝섬,20210429,,37.5477075,127.0447615,success,성동구,D,발달상권,"3120051",뚝섬역,204279,449686,"11200",성동구,"11200660",성수1가2동,218163
A412739857,서울특별시 성동구 왕십리로 115,디 *********,,서울 성동구,카페,뚝섬,20230714,,37.5478281,127.0441855,success,성동구,D,발달상권,"3120051",뚝섬역,204279,449686,"11200",성동구,"11200660",성수1가2동,218163
BA5B405677,서울특별시 성동구 상원1길 35-14,백소******,,서울 성동구,일식당,뚝섬,20210528,,37.5463215,127.0471507,success,성동구,D,발달상권,"3120051",뚝섬역,204279,449686,"11200",성동구,"11200660",성수1가2동,218163
1F7D63C933,서울특별시 성동구 상원1길 35-14,아루*,,서울 성동구,이자카야,뚝섬,20230523,,37.5463215,127.0471507,success,성동구,D,발달상권,"3120051",뚝섬역,204279,449686,"11200",성동구,"11200660",성수1가2동,218163
BF43B6D3DA,서울특별시 성동구 상원1길 35-18,크로*******,,서울 성동구,카페,뚝섬,20220705,,37.5462424,127.0471079,success,성동구,D,발달상권,"3120051",뚝섬역,204279,449686,"11200",성동구,"11200660",성수1가2동,218163
2403DDB210,서울특별시 성동구 상원1길 35-22,타코****,,서울 성동구,양식,뚝섬,20241128,,37.5461675,127.0470664,success,성동구,D,발달상권,"3120051",뚝섬역,204279,449686,"11200",성동구,"11200660",성수1가2동,218163
6D684E1B4C,서울특별시 성동구 상원1길 35-22,소코*****,,서울 성동구,한식-단품요리일반,뚝섬,20230302,,37.5461675,127.0470664,success,성동구,D,발달상권,"3120051",뚝섬역,204279,449686,"11200",성동구,"11200660",성수1가2동,218163
4BBF641656,서울특별시 성동구 성수일로8길 5,더카***********,카페2,서울 성동구,카페,성수,20241122,,37.5469016,127.0516608,success,성동구,D,발달상권,"3120051",뚝섬역,204279,449686,"11200",성동구,"11200660",성수1가2동,218163
10ED44611E,서울특별시 성동구 성수일로8길 5,에이***,,서울 성동구,피자,성수,20201030,,37.5469016,127.0516608,success,성동구,D,발달상권,"3120051",뚝섬역,204279,449686,"11200",성동구,"11200660",성수1가2동,218163
69C8736433,서울특별시 성동구 성수일로8길 5,파워*********,,서울 성동구,백반/가정식,성수,20201127,,37.5469016,127.0516608,success,성동구,D,발달상권,"3120051",뚝섬역,204279,449686,"11200",성동구,"11200660",성수1가2동,218163
5864A763E4,서울특별시 성동구 성수일로8길 5,마루***,,서울 성동구,한식-단품요리일반,성수,20211201,,37.5469016,127.0516608,success,성동구,D,발달상권,"3120051",뚝섬역,204279,449686,"11200",성동구,"11200660",성수1가2동,218163
3A52CE5658,서울특별시 성동구 아차산로3길 9,성일*******,,서울 성동구,한식-육류/고기,뚝섬,20170929,,37.5482472,127.0469416,success,성동구,D,발달상권,"3120051",뚝섬역,204279,449686,"11200",성동구,"11200660",성수1가2동,218163
28A86E02D8,서울특별시 성동구 아차산로3길 9,성일*******,,서울 성동구,한식-육류/고기,뚝섬,20171206,,37.5482472,127.0469416,success,성동구,D,발달상권,"3120051",뚝섬역,204279,449686,"11200",성동구,"11200660",성수1가2동,218163
5FA82D7B59,서울특별시 성동구 왕십리로 94-2,공차*****,차1,서울 성동구,차,뚝섬,20190715,,37.5461123,127.0449738,success,성동구,D,발달상권,"3120051",뚝섬역,204279,449686,"11200",성동구,"11200660",성수1가2동,218163
460FC7898C,서울특별시 성동구 왕십리로 96-1,미국*********,,서울 성동구,햄버거,뚝섬,20240202,,37.5463081,127.0448977,success,성동구,D,발달상권,"3120051",뚝섬역,204279,449686,"11200",성동구,"11200660",성수1가2동,218163
776F48CD6C,서울특별시 성동구 왕십리로 98-1,성수*****,,서울 성동구,베이커리,뚝섬,20220922,,37.5463966,127.0448759,success,성동구,D,발달상권,"3120051",뚝섬역,204279,449686,"11200",성동구,"11200660",성수1가2동,218163
C12009C4BE,서울특별시 성동구 왕십리로5길 3,퀴*,,서울 성동구,양식,뚝섬,20210617,,37.5463347,127.0443951,success,성동구,D,발달상권,"3120051",뚝섬역,204279,449686,"11200",성동구,"11200660",성수1가2동,218163
F7ED8A9A8C,서울특별시 성동구 왕십리로6길 4,명가*********,중식당2,서울 성동구,중식당,뚝섬,20200428,,37.5461123,127.0449738,success,성동구,D,발달상권,"3120051",뚝섬역,204279,449686,"11200",성동구,"11200660",성수1가2동,218163
33EA4BF6E9,서울특별시 성동구 왕십리로8길 5,고집********,,서울 성동구,한식-육류/고기,뚝섬,20210209,,37.5465226,127.045351,success,성동구,D,발달상권,"3120051",뚝섬역,204279,449686,"11200",성동구,"11200660",성수1가2동,218163
B8F3A35930,서울특별시 성동구 왕십리로8길 7,도슨***,,서울 성동구,양식,뚝섬,20220413,,37.546439,127.045742,success,성동구,D,발달상권,"3120051",뚝섬역,204279,449686,"11200",성동구,"11200660",성수1가2동,218163
995D6B6C92,서울특별시 성동구 왕십리로8길 8,에토******,,서울 성동구,카페,뚝섬,20220622,,37.546324,127.0456226,success,성동구,D,발달상권,"3120051",뚝섬역,204279,449686,"11200",성동구,"11200660",성수1가2동,218163
283E6BD7FF,서울특별시 성동구 왕십리로8길 8,봉평******,한식-국수/만두8,서울 성동구,한식-국수/만두,뚝섬,20230407,,37.546324,127.0456226,success,성동구,D,발달상권,"3120051",뚝섬역,204279,449686,"11200",성동구,"11200660",성수1가2동,218163
2F63B0EE20,서울특별시 성동구 왕십리로8길 8,서울*******,,서울 성동구,한식-육류/고기,뚝섬,20200827,,37.546324,127.0456226,success,성동구,D,발달상권,"3120051",뚝섬역,204279,449686,"11200",성동구,"11200660",성수1가2동,218163
9A9F63379E,서울특별시 성동구 왕십리로8길 8,춘천***,한식-육류/고기25,서울 성동구,한식-육류/고기,뚝섬,20240627,,37.546324,127.0456226,success,성동구,D,발달상권,"3120051",뚝섬역,204279,449686,"11200",성동구,"11200660",성수1가2동,218163
5ED1A1DEB4,서울특별시 성동구 왕십리로8길 8,안뜰******,,서울 성동구,한식-해물/생선,뚝섬,20180208,,37.546324,127.0456226,success,성동구,D,발달상권,"3120051",뚝섬역,204279,449686,"11200",성동구,"11200660",성수1가2동,218163
46401389CA,서울특별시 성동구 아차산로1길 10,호랭***,,서울 성동구,카페,뚝섬,20240820,,37.5488451,127.0458535,success,성동구,D,발달상권,"3120051",뚝섬역,204279,449686,"11200",성동구,"11200660",성수1가2동,218163
798CF98A22,서울특별시 성동구 연무장3길 9-14,이와**,,서울 성동구,요리주점,성수,20230424,,37.5448271,127.0515523,success,성동구,D,발달상권,"3120051",뚝섬역,204279,449686,"11200",성동구,"11200660",성수1가2동,218163
E8D1233979,서울특별시 성동구 연무장3길 9-14,해*,,서울 성동구,백반/가정식,성수,20241119,,37.5448271,127.0515523,success,성동구,D,발달상권,"3120051",뚝섬역,204279,449686,"11200",성동구,"11200660",성수1가2동,218163
5654DA6B2C,서울특별시 성동구 왕십리로 108-1,써브*******,샌드위치/토스트2,서울 성동구,샌드위치/토스트,뚝섬,20170908,,37.5473191,127.0448139,success,성동구,D,발달상권,"3120051",뚝섬역,204279,449686,"11200",성동구,"11200660",성수1가2동,218163
4A347AF852,서울특별시 성동구 왕십리로10길 6,라이****,,서울 성동구,베이커리,뚝섬,20240605,,37.5467356,127.0452839,success,성동구,D,발달상권,"3120051",뚝섬역,204279,449686,"11200",성동구,"11200660",성수1가2동,218163
9287BD85F2,서울특별시 성동구 왕십리로10길 6,역전**************,호프/맥주5,서울 성동구,호프/맥주,뚝섬,20231110,,37.5467356,127.0452839,success,성동구,D,발달상권,"3120051",뚝섬역,204279,449686,"11200",성동구,"11200660",성수1가2동,218163
623E90D289,서울특별시 성동구 왕십리로10길 6,커피**************,,서울 성동구,커피전문점,뚝섬,20241010,,37.5467356,127.0452839,success,성동구,D,발달상권,"3120051",뚝섬역,204279,449686,"11200",성동구,"11200660",성수1가2동,218163
"0BFA50A379",서울특별시 성동구 왕십리로10길 8,성수*********,,서울 성동구,포장마차,뚝섬,20241018,,37.5468175,127.0455122,success,성동구,D,발달상권,"3120051",뚝섬역,204279,449686,"11200",성동구,"11200660",성수1가2동,218163
755DCC736B,서울특별시 성동구 왕십리로4길 13,술래***,,서울 성동구,한식-감자탕,뚝섬,20190905,,37.5459709,127.0458523,success,성동구,D,발달상권,"3120051",뚝섬역,204279,449686,"11200",성동구,"11200660",성수1가2동,218163
7149E85111,서울특별시 성동구 왕십리로4길 19,맛닭*,치킨18,서울 성동구,치킨,뚝섬,20210427,,37.5464941,127.0461414,success,성동구,D,발달상권,"3120051",뚝섬역,204279,449686,"11200",성동구,"11200660",성수1가2동,218163
7C472E221F,서울특별시 성동구 왕십리로4길 24,오와***,,서울 성동구,요리주점,뚝섬,20241104,,37.5467557,127.0464984,success,성동구,D,발달상권,"3120051",뚝섬역,204279,449686,"11200",성동구,"11200660",성수1가2동,218163
"092717B584",서울특별시 성동구 왕십리로4길 26,나나**,,서울 성동구,한식-해물/생선,뚝섬,20200723,,37.5469372,127.0465849,success,성동구,D,발달상권,"3120051",뚝섬역,204279,449686,"11200",성동구,"11200660",성수1가2동,218163
2D956479FE,서울특별시 성동구 왕십리로5길 10,서울********,,서울 성동구,치킨,뚝섬,20190419,,37.5469641,127.0444086,success,성동구,D,발달상권,"3120051",뚝섬역,204279,449686,"11200",성동구,"11200660",성수1가2동,218163
C04EA4122D,서울특별시 성동구 왕십리로5길 12,홍성*,,서울 성동구,백반/가정식,뚝섬,20240509,,37.5470058,127.0443615,success,성동구,D,발달상권,"3120051",뚝섬역,204279,449686,"11200",성동구,"11200660",성수1가2동,218163
FB93D1F30E,서울특별시 성동구 왕십리로8길 10,고*,,서울 성동구,한식-육류/고기,뚝섬,20180503,,37.5462951,127.0458576,success,성동구,D,발달상권,"3120051",뚝섬역,204279,449686,"11200",성동구,"11200660",성수1가2동,218163
A864979D3D,서울특별시 성동구 왕십리로8길 21,까까**,,서울 성동구,양식,뚝섬,20201125,,37.5460947,127.0470273,success,성동구,D,발달상권,"3120051",뚝섬역,204279,449686,"11200",성동구,"11200660",성수1가2동,218163
A0ECC5DBE5,서울특별시 성동구 왕십리로8길 21,바타********,,서울 성동구,샌드위치/토스트,뚝섬,20240108,,37.5460947,127.0470273,success,성동구,D,발달상권,"3120051",뚝섬역,204279,449686,"11200",성동구,"11200660",성수1가2동,218163
5AA50A5A64,서울특별시 성동구 성수일로12길 20,엘*,,서울 성동구,일식당,성수,20221027,,37.548179,127.0532478,success,성동구,D,발달상권,"3120051",뚝섬역,204279,449686,"11200",성동구,"11200660",성수1가2동,218163
BE22760D64,서울특별시 성동구 성수일로12길 20,고기*,,서울 성동구,한식-육류/고기,성수,20191108,,37.548179,127.0532478,success,성동구,D,발달상권,"3120051",뚝섬역,204279,449686,"11200",성동구,"11200660",성수1가2동,218163
"695306E501",서울특별시 성동구 성수일로6길 7-1,중앙***,,서울 성동구,백반/가정식,성수,20200113,,37.5455719,127.0510934,success,성동구,D,발달상권,"3120051",뚝섬역,204279,449686,"11200",성동구,"11200660",성수1가2동,218163
E68206768A,서울특별시 성동구 왕십리로10길 10,타코********,,서울 성동구,양식,뚝섬,20220901,,37.5467285,127.0456066,success,성동구,D,발달상권,"3120051",뚝섬역,204279,449686,"11200",성동구,"11200660",성수1가2동,218163
A0EDA785C0,서울특별시 성동구 왕십리로10길 10,한*,,서울 성동구,요리주점,뚝섬,20220809,,37.5467285,127.0456066,success,성동구,D,발달상권,"3120051",뚝섬역,204279,449686,"11200",성동구,"11200660",성수1가2동,218163
733563490D,서울특별시 성동구 왕십리로10길 18,술있****,,서울 성동구,요리주점,뚝섬,20220802,,37.5465514,127.0464459,success,성동구,D,발달상권,"3120051",뚝섬역,204279,449686,"11200",성동구,"11200660",성수1가2동,218163
B113A0DC35,서울특별시 성동구 왕십리로10길 19,오버********,,서울 성동구,카페,뚝섬,20210115,,37.5466184,127.0466398,success,성동구,D,발달상권,"3120051",뚝섬역,204279,449686,"11200",성동구,"11200660",성수1가2동,218163
8CA6B75925,서울특별시 성동구 왕십리로10길 20,오프*******,,서울 성동구,요리주점,뚝섬,20210401,20250514,37.5464738,127.0466892,success,성동구,D,발달상권,"3120051",뚝섬역,204279,449686,"11200",성동구,"11200660",성수1가2동,218163
72DD5ED597,서울특별시 성동구 왕십리로10길 21,식당**,,서울 성동구,일식당,뚝섬,20241029,,37.5465295,127.0469252,success,성동구,D,발달상권,"3120051",뚝섬역,204279,449686,"11200",성동구,"11200660",성수1가2동,218163
87E8D36DE6,서울특별시 성동구 왕십리로14길 18,서울***,,서울 성동구,백반/가정식,뚝섬,20240328,,37.5485964,127.0456069,success,성동구,D,발달상권,"3120051",뚝섬역,204279,449686,"11200",성동구,"11200660",성수1가2동,218163
"0335548947",서울특별시 성동구 왕십리로14길 18,샌드**,,서울 성동구,샌드위치/토스트,뚝섬,20240115,,37.5485964,127.0456069,success,성동구,D,발달상권,"3120051",뚝섬역,204279,449686,"11200",성동구,"11200660",성수1가2동,218163
1676020CB1,서울특별시 성동구 왕십리로14길 23,터틀***,,서울 성동구,카페,뚝섬,20241021,,37.5486047,127.0463124,success,성동구,D,발달상권,"3120051",뚝섬역,204279,449686,"11200",성동구,"11200660",성수1가2동,218163
553B878E02,서울특별시 성동구 왕십리로14길 23,온*,,서울 성동구,베이커리,뚝섬,20200730,,37.5486047,127.0463124,success,성동구,D,발달상권,"3120051",뚝섬역,204279,449686,"11200",성동구,"11200660",성수1가2동,218163
3F53A733C8,서울특별시 성동구 왕십리로14길 25,쿠키***,,서울 성동구,베이커리,뚝섬,20230104,20250408,37.5485289,127.0465245,success,성동구,D,발달상권,"3120051",뚝섬역,204279,449686,"11200",성동구,"11200660",성수1가2동,218163
9E161EE38E,서울특별시 성동구 왕십리로14길 25,탐*,,서울 성동구,동남아/인도음식,뚝섬,20240513,,37.5485289,127.0465245,success,성동구,D,발달상권,"3120051",뚝섬역,204279,449686,"11200",성동구,"11200660",성수1가2동,218163
E86582DC31,서울특별시 성동구 왕십리로14길 28,맷돌***,,서울 성동구,한식-감자탕,뚝섬,20231208,,37.5483074,127.0467526,success,성동구,D,발달상권,"3120051",뚝섬역,204279,449686,"11200",성동구,"11200660",성수1가2동,218163
7A193CFDAB,서울특별시 성동구 왕십리로6길 4-5,간빠*****,,서울 성동구,이자카야,뚝섬,20240517,,37.546022,127.0452952,success,성동구,D,발달상권,"3120051",뚝섬역,204279,449686,"11200",성동구,"11200660",성수1가2동,218163
260F71BF9B,서울특별시 성동구 성수일로10가길 4,올드**,,서울 성동구,기타세계요리,성수,20240206,20250722,37.5479966,127.0519594,success,성동구,D,발달상권,"3120051",뚝섬역,204279,449686,"11200",성동구,"11200660",성수1가2동,218163
EBE76155D3,서울특별시 성동구 아차산로1가길 10,플로*********,,서울 성동구,카페,뚝섬,20230224,,37.5485383,127.0466362,success,성동구,D,발달상권,"3120051",뚝섬역,204279,449686,"11200",성동구,"11200660",성수1가2동,218163
43B89D891C,서울특별시 성동구 아차산로1가길 11,아워**,,서울 성동구,카페,뚝섬,20231023,,37.5485326,127.0468249,success,성동구,D,발달상권,"3120051",뚝섬역,204279,449686,"11200",성동구,"11200660",성수1가2동,218163
97F4462B0F,서울특별시 성동구 왕십리로10길 5-1,간다****,,서울 성동구,한식-단품요리일반,뚝섬,20240510,,37.5470078,127.0454174,success,성동구,D,발달상권,"3120051",뚝섬역,204279,449686,"11200",성동구,"11200660",성수1가2동,218163
3B4CB64E6A,서울특별시 성동구 왕십리로10길 5-6,세븐******************************,,서울 성동구,햄버거,뚝섬,20231120,,37.5471144,127.0454432,success,성동구,D,발달상권,"3120051",뚝섬역,204279,449686,"11200",성동구,"11200660",성수1가2동,218163
4ECBDBFE0C,서울특별시 성동구 왕십리로10길 5-9,브샤*****,,서울 성동구,일식-샤브샤브,뚝섬,20241211,,37.5472028,127.0452731,success,성동구,D,발달상권,"3120051",뚝섬역,204279,449686,"11200",성동구,"11200660",성수1가2동,218163
"06283FED4E",서울특별시 성동구 왕십리로10길 9-9,어린*,,서울 성동구,요리주점,뚝섬,20231212,,37.5470873,127.0456168,success,성동구,D,발달상권,"3120051",뚝섬역,204279,449686,"11200",성동구,"11200660",성수1가2동,218163
37BCC1D215,서울특별시 성동구 왕십리로10길 9-9,제*,,서울 성동구,백반/가정식,뚝섬,20170810,,37.5470873,127.0456168,success,성동구,D,발달상권,"3120051",뚝섬역,204279,449686,"11200",성동구,"11200660",성수1가2동,218163
AE73D0174A,서울특별시 성동구 왕십리로4길 13-1,유메**,,서울 성동구,일식당,뚝섬,20180402,,37.5460595,127.0458777,success,성동구,D,발달상권,"3120051",뚝섬역,204279,449686,"11200",성동구,"11200660",성수1가2동,218163
E42018568E,서울특별시 성동구 왕십리로4길 13-1,춘배**,,서울 성동구,햄버거,뚝섬,20221021,,37.5460595,127.0458777,success,성동구,D,발달상권,"3120051",뚝섬역,204279,449686,"11200",성동구,"11200660",성수1가2동,218163
4888E1AE6C,서울특별시 성동구 왕십리로4길 13-1,다*,,서울 성동구,요리주점,뚝섬,20240509,,37.5460595,127.0458777,success,성동구,D,발달상권,"3120051",뚝섬역,204279,449686,"11200",성동구,"11200660",성수1가2동,218163
4A98122A06,서울특별시 성동구 왕십리로4길 13-1,신*,,서울 성동구,요리주점,뚝섬,20241203,,37.5460595,127.0458777,success,성동구,D,발달상권,"3120051",뚝섬역,204279,449686,"11200",성동구,"11200660",성수1가2동,218163
98C7FA4198,서울특별시 성동구 왕십리로4길 13-1,성수*,,서울 성동구,백반/가정식,뚝섬,20230621,,37.5460595,127.0458777,success,성동구,D,발달상권,"3120051",뚝섬역,204279,449686,"11200",성동구,"11200660",성수1가2동,218163
60ABA7FA01,서울특별시 성동구 왕십리로4길 19-1,또보******,,서울 성동구,분식,뚝섬,20230626,,37.5465848,127.046187,success,성동구,D,발달상권,"3120051",뚝섬역,204279,449686,"11200",성동구,"11200660",성수1가2동,218163
"0C290BC270",서울특별시 성동구 왕십리로4길 19-1,이태*****,,서울 성동구,민속주점,뚝섬,20241002,,37.5465848,127.046187,success,성동구,D,발달상권,"3120051",뚝섬역,204279,449686,"11200",성동구,"11200660",성수1가2동,218163
F99B9D223F,서울특별시 성동구 왕십리로4길 22-1,성수**,,서울 성동구,백반/가정식,뚝섬,20231220,,37.5466746,127.0464575,success,성동구,D,발달상권,"3120051",뚝섬역,204279,449686,"11200",성동구,"11200660",성수1가2동,218163
E17006A999,서울특별시 성동구 왕십리로4길 23-1,홍화*,,서울 성동구,한식-육류/고기,뚝섬,20200210,,37.5469638,127.0463449,success,성동구,D,발달상권,"3120051",뚝섬역,204279,449686,"11200",성동구,"11200660",성수1가2동,218163
9FA86D6876,서울특별시 성동구 왕십리로4길 24-3,면화****,,서울 성동구,한식-국수/만두,뚝섬,20230518,,37.5468579,127.0465473,success,성동구,D,발달상권,"3120051",뚝섬역,204279,449686,"11200",성동구,"11200660",성수1가2동,218163
96728A7226,서울특별시 성동구 왕십리로4길 24-7,비도*******,,서울 성동구,카페,뚝섬,20230216,,37.5468255,127.0466479,success,성동구,D,발달상권,"3120051",뚝섬역,204279,449686,"11200",성동구,"11200660",성수1가2동,218163
"02886FCA36",서울특별시 성동구 왕십리로4길 24-7,현 ****,,서울 성동구,이자카야,뚝섬,20221220,,37.5468255,127.0466479,success,성동구,D,발달상권,"3120051",뚝섬역,204279,449686,"11200",성동구,"11200660",성수1가2동,218163
B0C882072B,서울특별시 성동구 왕십리로4길 24-8,제이****,,서울 성동구,호프/맥주,뚝섬,20181221,,37.5467243,127.0466021,success,성동구,D,발달상권,"3120051",뚝섬역,204279,449686,"11200",성동구,"11200660",성수1가2동,218163
6FCAE1B526,서울특별시 성동구 왕십리로4길 26-7,아카*****,,서울 성동구,와인바,뚝섬,20221013,,37.5469372,127.0465849,success,성동구,D,발달상권,"3120051",뚝섬역,204279,449686,"11200",성동구,"11200660",성수1가2동,218163
B2FF6DD7D1,서울특별시 성동구 왕십리로4길 26-7,카타***,,서울 성동구,일반 유흥주점,뚝섬,20230707,,37.5469372,127.0465849,success,성동구,D,발달상권,"3120051",뚝섬역,204279,449686,"11200",성동구,"11200660",성수1가2동,218163
6385DDECF1,서울특별시 성동구 왕십리로4길 28-2,넘버***,,서울 성동구,양식,뚝섬,20200218,,37.5471333,127.0466301,success,성동구,D,발달상권,"3120051",뚝섬역,204279,449686,"11200",성동구,"11200660",성수1가2동,218163
F79C44E620,서울특별시 성동구 왕십리로4길 28-2,양복*,,서울 성동구,꼬치구이,뚝섬,20200701,,37.5471333,127.0466301,success,성동구,D,발달상권,"3120051",뚝섬역,204279,449686,"11200",성동구,"11200660",성수1가2동,218163
"02FE4FD151",서울특별시 성동구 왕십리로4길 28-2,로우*****,,서울 성동구,커피전문점,뚝섬,20180814,,37.5471333,127.0466301,success,성동구,D,발달상권,"3120051",뚝섬역,204279,449686,"11200",성동구,"11200660",성수1가2동,218163
7EC6C6C075,서울특별시 성동구 왕십리로4길 28-8,다이********,,서울 성동구,이자카야,뚝섬,20210615,,37.5471096,127.0467368,success,성동구,D,발달상권,"3120051",뚝섬역,204279,449686,"11200",성동구,"11200660",성수1가2동,218163
4C9FAA2C92,서울특별시 성동구 왕십리로4길 28-8,감성**,,서울 성동구,한식-단품요리일반,뚝섬,20200316,,37.5471096,127.0467368,success,성동구,D,발달상권,"3120051",뚝섬역,204279,449686,"11200",성동구,"11200660",성수1가2동,218163
86D8C44904,서울특별시 성동구 왕십리로5길 12-1,성수****,,서울 성동구,양식,뚝섬,20180328,,37.5470416,127.0443456,success,성동구,D,발달상권,"3120051",뚝섬역,204279,449686,"11200",성동구,"11200660",성수1가2동,218163
FF55272DEB,서울특별시 성동구 왕십리로5길 12-2,수원****,,서울 성동구,한식-육류/고기,뚝섬,20211129,,37.5470762,127.0443309,success,성동구,D,발달상권,"3120051",뚝섬역,204279,449686,"11200",성동구,"11200660",성수1가2동,218163
26F68BFF02,서울특별시 성동구 왕십리로5길 12-3,뚝섬****,,서울 성동구,한식-육류/고기,뚝섬,20180817,,37.5471244,127.0442981,success,성동구,D,발달상권,"3120051",뚝섬역,204279,449686,"11200",성동구,"11200660",성수1가2동,218163
7571EA0116,서울특별시 성동구 왕십리로8길 19-4,뚝섬**,,서울 성동구,한식-해물/생선,뚝섬,20220223,,37.5461518,127.0469109,success,성동구,D,발달상권,"3120051",뚝섬역,204279,449686,"11200",성동구,"11200660",성수1가2동,218163
9E3D0E7F50,서울특별시 성동구 왕십리로8길 19-4,마하*******,,서울 성동구,동남아/인도음식,뚝섬,20240412,,37.5461518,127.0469109,success,성동구,D,발달상권,"3120051",뚝섬역,204279,449686,"11200",성동구,"11200660",성수1가2동,218163
1C0AE3E10C,서울특별시 성동구 왕십리로8길 19-6,하우***,,서울 성동구,카페,뚝섬,20240329,,37.5462554,127.0469623,success,성동구,D,발달상권,"3120051",뚝섬역,204279,449686,"11200",성동구,"11200660",성수1가2동,218163
2E0CA58847,서울특별시 성동구 왕십리로8길 19-6,경주**,,서울 성동구,한식-단품요리일반,뚝섬,20230428,,37.5462554,127.0469623,success,성동구,D,발달상권,"3120051",뚝섬역,204279,449686,"11200",성동구,"11200660",성수1가2동,218163
DF8B176772,서울특별시 성동구 성수일로12길 18-1,예셰*************,,서울 성동구,카페,성수,20210419,,37.5483821,127.0531266,success,성동구,D,발달상권,"3120051",뚝섬역,204279,449686,"11200",성동구,"11200660",성수1가2동,218163
6FDC82A57D,서울특별시 성동구 왕십리로10길 10-1,우불**,,서울 성동구,한식-단품요리일반,뚝섬,20220630,,37.5467947,127.0456587,success,성동구,D,발달상권,"3120051",뚝섬역,204279,449686,"11200",성동구,"11200660",성수1가2동,218163
BC04FDC81C,서울특별시 성동구 왕십리로10길 18-1,미디***,,서울 성동구,카페,뚝섬,20200911,,37.5465252,127.0465314,success,성동구,D,발달상권,"3120051",뚝섬역,204279,449686,"11200",성동구,"11200660",성수1가2동,218163
C829E2FF48,서울특별시 성동구 왕십리로10길 18-1,토리**,,서울 성동구,일식당,뚝섬,20240628,,37.5465252,127.0465314,success,성동구,D,발달상권,"3120051",뚝섬역,204279,449686,"11200",성동구,"11200660",성수1가2동,218163
"0A1F11604A",서울특별시 성동구 왕십리로10길 20-1,아끄*************,,서울 성동구,양식,뚝섬,20191029,,37.5464415,127.0467897,success,성동구,D,발달상권,"3120051",뚝섬역,204279,449686,"11200",성동구,"11200660",성수1가2동,218163
4C8A0648B0,서울특별시 성동구 왕십리로10길 9-14,갓잇**************,,서울 성동구,기타세계요리,뚝섬,20231220,,37.5469979,127.0458673,success,성동구,D,발달상권,"3120051",뚝섬역,204279,449686,"11200",성동구,"11200660",성수1가2동,218163
150889572A,서울특별시 성동구 왕십리로10길 9-31,스트*****,,서울 성동구,베이커리,뚝섬,20211217,20250814,37.5468258,127.0462873,success,성동구,D,발달상권,"3120051",뚝섬역,204279,449686,"11200",성동구,"11200660",성수1가2동,218163
BC7E71B9C9,서울특별시 성동구 왕십리로10길 9-31,스트*********,,서울 성동구,한식-단품요리일반,뚝섬,20230728,,37.5468258,127.0462873,success,성동구,D,발달상권,"3120051",뚝섬역,204279,449686,"11200",성동구,"11200660",성수1가2동,218163
8B4134D934,서울특별시 성동구 왕십리로14길 19-2,칠*,,서울 성동구,일반 유흥주점,뚝섬,20240328,,37.5487537,127.0459109,success,성동구,D,발달상권,"3120051",뚝섬역,204279,449686,"11200",성동구,"11200660",성수1가2동,218163
E655648F43,서울특별시 성동구 왕십리로14길 30-1,구*,,서울 성동구,카페,뚝섬,20200709,,37.548365,127.0470001,success,성동구,D,발달상권,"3120051",뚝섬역,204279,449686,"11200",성동구,"11200660",성수1가2동,218163
9BF052D283,서울특별시 성동구 왕십리로14길 30-1,파이*******,,서울 성동구,식료품,뚝섬,20211001,,37.548365,127.0470001,success,성동구,D,발달상권,"3120051",뚝섬역,204279,449686,"11200",성동구,"11200660",성수1가2동,218163
4C9BC35AD4,서울특별시 성동구 왕십리로4길 24-19,파머********,,서울 성동구,샌드위치/토스트,뚝섬,20240507,,37.546728,127.0469651,success,성동구,D,발달상권,"3120051",뚝섬역,204279,449686,"11200",성동구,"11200660",성수1가2동,218163
D9C06C8643,서울특별시 성동구 왕십리로4길 26-14,성수**,,서울 성동구,한식-단품요리일반,뚝섬,20210819,,37.546851,127.0468581,success,성동구,D,발달상권,"3120051",뚝섬역,204279,449686,"11200",성동구,"11200660",성수1가2동,218163
DD282F5170,서울특별시 성동구 왕십리로4길 26-18,식당*,,서울 성동구,일식당,뚝섬,20241023,,37.5468267,127.0469351,success,성동구,D,발달상권,"3120051",뚝섬역,204279,449686,"11200",성동구,"11200660",성수1가2동,218163
47654FAE2A,서울특별시 성동구 왕십리로4길 26-18,엘*,,서울 성동구,식품 제조,뚝섬,20190530,,37.5468267,127.0469351,success,성동구,D,발달상권,"3120051",뚝섬역,204279,449686,"11200",성동구,"11200660",성수1가2동,218163
BCB8BCC1D2,서울특별시 성동구 왕십리로4길 26-18,스윗***,,서울 성동구,커피전문점,뚝섬,20220930,,37.5468267,127.0469351,success,성동구,D,발달상권,"3120051",뚝섬역,204279,449686,"11200",성동구,"11200660",성수1가2동,218163
B01C36F034,서울특별시 성동구 왕십리로4길 26-20,소바**,,서울 성동구,일식당,뚝섬,20211021,,37.5468041,127.0470079,success,성동구,D,발달상권,"3120051",뚝섬역,204279,449686,"11200",성동구,"11200660",성수1가2동,218163
A6324E2F43,서울특별시 성동구 왕십리로4길 26-22,맥문*,,서울 성동구,한식-단품요리일반,뚝섬,20190605,,37.5467803,127.0470809,success,성동구,D,발달상권,"3120051",뚝섬역,204279,449686,"11200",성동구,"11200660",성수1가2동,218163
F74D26733C,서울특별시 성동구 왕십리로14길 28-15,플디**********,,서울 성동구,베이커리,뚝섬,20240731,,37.5483074,127.0467526,success,성동구,D,발달상권,"3120051",뚝섬역,204279,449686,"11200",성동구,"11200660",성수1가2동,218163
"01EBAA3D0F",서울특별시 성동구 왕십리로8길 15,샐러****************,,서울 성동구,샌드위치/토스트,뚝섬,20210614,,37.5462843,127.0465289,success,성동구,D,발달상권,"3120051",뚝섬역,204279,449686,"11200",성동구,"11200660",성수1가2동,218163
3F320BF290,서울 성동구 뚝섬로 321.,국수***,,서울 성동구,한식-국수/만두,,20091103,,37.5412355,127.046636,success,성동구,D,발달상권,"3120050",서울숲역,204150,449189,"11200",성동구,"11200650",성수1가1동,58913
5C14F5FBA3,서울 성동구 뚝섬로 327 .,도미********,피자2,서울 성동구,피자,,20140410,,37.5409557,127.0476967,success,성동구,D,발달상권,"3120050",서울숲역,204150,449189,"11200",성동구,"11200650",성수1가1동,58913
86EC52846C,서울 성동구 왕십리로 58.,팜티*****,,서울 성동구,동남아/인도음식,,20130603,,37.5426627,127.0451987,success,성동구,D,발달상권,"3120050",서울숲역,204150,449189,"11200",성동구,"11200650",성수1가1동,58913
134895DA5B,서울 성동구 성수일로 11-2.,키베***,,서울 성동구,베이커리,성수,20180319,,37.5417664,127.0484108,success,성동구,D,발달상권,"3120050",서울숲역,204150,449189,"11200",성동구,"11200650",성수1가1동,58913
FCBC6ED9BA,서울 성동구 성수일로3길 2.,마이*********,,서울 성동구,샌드위치/토스트,성수,20220426,,37.542109,127.0485521,success,성동구,D,발달상권,"3120050",서울숲역,204150,449189,"11200",성동구,"11200650",성수1가1동,58913
B269C5084C,서울 성동구 성수일로3길 7-7.,바로*,,서울 성동구,양식,,20151021,,37.542026,127.0479193,success,성동구,D,발달상권,"3120050",서울숲역,204150,449189,"11200",성동구,"11200650",성수1가1동,58913
741144A2CD,서울특별시 성동구 뚝섬로 317,한입***,,서울 성동구,샌드위치/토스트,,20240507,,37.5413935,127.0462429,success,성동구,D,발달상권,"3120050",서울숲역,204150,449189,"11200",성동구,"11200650",성수1가1동,58913
"08A8D396B4",서울특별시 성동구 성수일로 9,요커***********,,서울 성동구,카페,성수,20230412,,37.5414931,127.0482809,success,성동구,D,발달상권,"3120050",서울숲역,204150,449189,"11200",성동구,"11200650",성수1가1동,58913
9F2719B624,서울특별시 성동구 성수일로 9,중앙***,,서울 성동구,요리주점,성수,20230302,,37.5414931,127.0482809,success,성동구,D,발달상권,"3120050",서울숲역,204150,449189,"11200",성동구,"11200650",성수1가1동,58913
119F4FB3E3,서울특별시 성동구 성수일로 9,마포***,,서울 성동구,한식-국밥/설렁탕,성수,20190920,,37.5414931,127.0482809,success,성동구,D,발달상권,"3120050",서울숲역,204150,449189,"11200",성동구,"11200650",성수1가1동,58913
DA9FEE893A,서울특별시 성동구 성수일로 21,누메*****,,서울 성동구,양식,성수,20200302,,37.5426033,127.0485903,success,성동구,D,발달상권,"3120050",서울숲역,204150,449189,"11200",성동구,"11200650",성수1가1동,58913
C3D51FA850,서울특별시 성동구 왕십리로 58,소랑**,,서울 성동구,양식,,20200818,,37.5426627,127.0451987,success,성동구,D,발달상권,"3120050",서울숲역,204150,449189,"11200",성동구,"11200650",성수1가1동,58913
32425BE27F,서울특별시 성동구 왕십리로 58,도쎄***,,서울 성동구,양식,,20210712,20230530,37.5426627,127.0451987,success,성동구,D,발달상권,"3120050",서울숲역,204150,449189,"11200",성동구,"11200650",성수1가1동,58913
43A4217D54,서울특별시 성동구 왕십리로 58,도쎄***,,서울 성동구,양식,,20230530,,37.5426627,127.0451987,success,성동구,D,발달상권,"3120050",서울숲역,204150,449189,"11200",성동구,"11200650",성수1가1동,58913
B162012869,서울특별시 성동구 왕십리로 58,스낵****,,서울 성동구,일식당,,20230816,,37.5426627,127.0451987,success,성동구,D,발달상권,"3120050",서울숲역,204150,449189,"11200",성동구,"11200650",성수1가1동,58913
B021B15DA5,서울특별시 성동구 왕십리로 58,프랭*********,,서울 성동구,햄버거,,20240701,,37.5426627,127.0451987,success,성동구,D,발달상권,"3120050",서울숲역,204150,449189,"11200",성동구,"11200650",성수1가1동,58913
936ABF3C7F,서울특별시 성동구 왕십리로 58,육*,,서울 성동구,한식-육류/고기,,20240104,,37.5426627,127.0451987,success,성동구,D,발달상권,"3120050",서울숲역,204150,449189,"11200",성동구,"11200650",성수1가1동,58913
9A27CDDD2A,서울특별시 성동구 왕십리로 64,서울******,,서울 성동구,커피전문점,,20200423,,37.5432943,127.0448408,success,성동구,D,발달상권,"3120050",서울숲역,204150,449189,"11200",성동구,"11200650",성수1가1동,58913
FAB0188A01,서울특별시 성동구 왕십리로 66,비엔************,카페6,서울 성동구,카페,,20200217,,37.5434613,127.0450286,success,성동구,D,발달상권,"3120050",서울숲역,204150,449189,"11200",성동구,"11200650",성수1가1동,58913
CD14EDE90F,서울특별시 성동구 뚝섬로1길 10,카페**,,서울 성동구,카페,,20240315,,37.542127,127.0465066,success,성동구,D,발달상권,"3120050",서울숲역,204150,449189,"11200",성동구,"11200650",성수1가1동,58913
D67C0BE6A2,서울특별시 성동구 성수일로1길 8,뇨끼*,,서울 성동구,양식,,20230509,,37.5417047,127.0477917,success,성동구,D,발달상권,"3120050",서울숲역,204150,449189,"11200",성동구,"11200650",성수1가1동,58913
A479497AF2,서울특별시 성동구 성수일로3길 2,록*,,서울 성동구,일식-우동/소바/라면,성수,20200814,,37.542109,127.0485521,success,성동구,D,발달상권,"3120050",서울숲역,204150,449189,"11200",성동구,"11200650",성수1가1동,58913
C1B6121B9C,서울특별시 성동구 뚝섬로1가길 14,치카*****************,,서울 성동구,베이커리,,20221222,,37.5423383,127.0471594,success,성동구,D,발달상권,"3120050",서울숲역,204150,449189,"11200",성동구,"11200650",성수1가1동,58913
296E11B196,서울특별시 성동구 성수일로1길 10,유어******,,서울 성동구,와인샵,,20190509,,37.5418574,127.0475791,success,성동구,D,발달상권,"3120050",서울숲역,204150,449189,"11200",성동구,"11200650",성수1가1동,58913
8939E02566,서울특별시 성동구 성수일로1길 10,성수***,,서울 성동구,일식당,,20220210,20250814,37.5418574,127.0475791,success,성동구,D,발달상권,"3120050",서울숲역,204150,449189,"11200",성동구,"11200650",성수1가1동,58913
80498D20B0,서울특별시 성동구 성수일로1길 13,아이********,,서울 성동구,한식-단품요리일반,,20220516,,37.5419342,127.0469995,success,성동구,D,발달상권,"3120050",서울숲역,204150,449189,"11200",성동구,"11200650",성수1가1동,58913
19FD619523,서울특별시 성동구 성수일로1길 18,오카*****,,서울 성동구,카페,,20220509,,37.5421749,127.0468017,success,성동구,D,발달상권,"3120050",서울숲역,204150,449189,"11200",성동구,"11200650",성수1가1동,58913
CED054F322,서울특별시 성동구 성수일로1길 18,퀴바*,,서울 성동구,와인바,,20200617,,37.5421749,127.0468017,success,성동구,D,발달상권,"3120050",서울숲역,204150,449189,"11200",성동구,"11200650",성수1가1동,58913
66FCF97ECE,서울특별시 성동구 성수일로3길 12,찬마**,,서울 성동구,이자카야,,20230619,,37.5423642,127.0479248,success,성동구,D,발달상권,"3120050",서울숲역,204150,449189,"11200",성동구,"11200650",성수1가1동,58913
40057A0E5A,서울특별시 성동구 왕십리로 66-10,벨라***,,서울 성동구,양식,,20220126,,37.543216,127.0449685,success,성동구,D,발달상권,"3120050",서울숲역,204150,449189,"11200",성동구,"11200650",성수1가1동,58913
8BD25C78F3,서울특별시 성동구 왕십리로 66-26,한냄*,,서울 성동구,일식당,,20191217,,37.5430628,127.0450406,success,성동구,D,발달상권,"3120050",서울숲역,204150,449189,"11200",성동구,"11200650",성수1가1동,58913
EC4C74B567,서울특별시 성동구 왕십리로 66-26,혁신***********,,서울 성동구,한식-해물/생선,,20190711,,37.5430628,127.0450406,success,성동구,D,발달상권,"3120050",서울숲역,204150,449189,"11200",성동구,"11200650",성수1가1동,58913
6186386DED,서울특별시 성동구 왕십리로 66-29,역삼***,,서울 성동구,한식-국수/만두,,20200820,,37.5430687,127.0453187,success,성동구,D,발달상권,"3120050",서울숲역,204150,449189,"11200",성동구,"11200650",성수1가1동,58913
21B52E1F0F,서울특별시 성동구 왕십리로 66-33,단일**,,서울 성동구,카페,,20200615,,37.5430007,127.0454699,success,성동구,D,발달상권,"3120050",서울숲역,204150,449189,"11200",성동구,"11200650",성수1가1동,58913
2E4CDEA048,서울특별시 성동구 왕십리로2길 30,라플***********,,서울 성동구,카페,뚝섬,20231102,,37.5427935,127.0480461,success,성동구,D,발달상권,"3120050",서울숲역,204150,449189,"11200",성동구,"11200650",성수1가1동,58913
"9149125725",서울특별시 성동구 왕십리로2길 34,목*,,서울 성동구,양식,성수,20200313,,37.5426033,127.0485903,success,성동구,D,발달상권,"3120050",서울숲역,204150,449189,"11200",성동구,"11200650",성수1가1동,58913
BBE9114104,서울특별시 성동구 왕십리로2길 34,희*,,서울 성동구,양식,성수,20210607,,37.5426033,127.0485903,success,성동구,D,발달상권,"3120050",서울숲역,204150,449189,"11200",성동구,"11200650",성수1가1동,58913
6ED7CA8900,서울특별시 성동구 성수일로3길 5-7,테이****************************,,서울 성동구,양식,,20230118,20250811,37.54197,127.0481454,success,성동구,D,발달상권,"3120050",서울숲역,204150,449189,"11200",성동구,"11200650",성수1가1동,58913
9E1B58CB83,서울특별시 성동구 성수일로3길 7-1,새촌***,,서울 성동구,한식-단품요리일반,,20180622,,37.5421187,127.0479571,success,성동구,D,발달상권,"3120050",서울숲역,204150,449189,"11200",성동구,"11200650",성수1가1동,58913
FCC34C30CB,서울특별시 성동구 성수일로3길 4-13,아도*******,,서울 성동구,양식,,20240423,,37.5424175,127.0482431,success,성동구,D,발달상권,"3120050",서울숲역,204150,449189,"11200",성동구,"11200650",성수1가1동,58913
36CF6C8B70,서울특별시 성동구 성수일로3길 4-13,핀*,,서울 성동구,베이커리,,20220623,,37.5424175,127.0482431,success,성동구,D,발달상권,"3120050",서울숲역,204150,449189,"11200",성동구,"11200650",성수1가1동,58913
BBD2264CC9,서울특별시 성동구 성수일로3길 5-12,바*,,서울 성동구,요리주점,,20211220,,37.5419274,127.0479857,success,성동구,D,발달상권,"3120050",서울숲역,204150,449189,"11200",성동구,"11200650",성수1가1동,58913
F0EEF6ECD0,서울특별시 성동구 성수일로3길 5-12,퍼멘******,,서울 성동구,요리주점,,20220427,,37.5419274,127.0479857,success,성동구,D,발달상권,"3120050",서울숲역,204150,449189,"11200",성동구,"11200650",성수1가1동,58913
DD406CC456,서울특별시 성동구 성수일로1길 12-12,20****,,서울 성동구,양식,,20230530,,37.5421139,127.0475354,success,성동구,D,발달상권,"3120050",서울숲역,204150,449189,"11200",성동구,"11200650",성수1가1동,58913
811AC91E1F,서울  성동구  성수2가1동,김밥**,,서울 성동구,분식,성수,20080220,,37.5407929,127.0546096,success,성동구,A,골목상권,"3110131",성수동카페거리,204716,449234,"11200",성동구,"11200670",성수2가1동,131865
B3116E5135,서울  성동구  성수2가1동,장미***,,서울 성동구,치킨,성수,20100305,,37.5407929,127.0546096,success,성동구,A,골목상권,"3110131",성수동카페거리,204716,449234,"11200",성동구,"11200670",성수2가1동,131865
E5E8F3F456,서울  성동구  성수2가1동,뚝섬***,,서울 성동구,건강원,성수,20040823,,37.5407929,127.0546096,success,성동구,A,골목상권,"3110131",성수동카페거리,204716,449234,"11200",성동구,"11200670",성수2가1동,131865
91988A5415,서울  성동구  성수2가1동,파리***,베이커리10,서울 성동구,베이커리,성수,20011217,,37.5407929,127.0546096,success,성동구,A,골목상권,"3110131",성수동카페거리,204716,449234,"11200",성동구,"11200670",성수2가1동,131865
87EDAB1CB3,서울  성동구  성수2가1동,머니**,,서울 성동구,호프/맥주,성수,20000705,,37.5407929,127.0546096,success,성동구,A,골목상권,"3110131",성수동카페거리,204716,449234,"11200",성동구,"11200670",성수2가1동,131865
B3517137A0,서울  성동구  성수2가1동,명원***,,서울 성동구,한식-육류/고기,,20100506,,37.5407929,127.0546096,success,성동구,A,골목상권,"3110131",성수동카페거리,204716,449234,"11200",성동구,"11200670",성수2가1동,131865
2DCB06D5D5,서울 성동구 성수이로 51.,김가***********,분식1,서울 성동구,분식,성수,20111108,,37.5402636,127.0550814,success,성동구,A,골목상권,"3110131",성수동카페거리,204716,449234,"11200",성동구,"11200670",성수2가1동,131865
D413A3CF88,서울 성동구 성수이로 69.,성수**,,서울 성동구,호프/맥주,성수,20160704,,37.5413581,127.0556442,success,성동구,A,골목상권,"3110131",성수동카페거리,204716,449234,"11200",성동구,"11200670",성수2가1동,131865
5D4EDA13E3,서울 성동구 성수이로 75.,건너*,,서울 성동구,한식-육류/고기,성수,20161102,,37.5420247,127.0557997,success,성동구,A,골목상권,"3110131",성수동카페거리,204716,449234,"11200",성동구,"11200670",성수2가1동,131865
297AE548DB,서울 성동구 연무장5길 6.,문츠***,,서울 성동구,한식-단품요리일반,성수,20170811,,37.5436511,127.0524371,success,성동구,A,골목상권,"3110131",성수동카페거리,204716,449234,"11200",성동구,"11200670",성수2가1동,131865
A62225962A,서울 성동구 연무장길 39.,에이***,,서울 성동구,피자,성수,20220711,,37.5430482,127.0537658,success,성동구,A,골목상권,"3110131",성수동카페거리,204716,449234,"11200",성동구,"11200670",성수2가1동,131865
7A2D621B50,서울 성동구 연무장3길 12.,쓰윗********,,서울 성동구,아이스크림/빙수,성수,20240530,,37.5446613,127.051779,success,성동구,A,골목상권,"3110131",성수동카페거리,204716,449234,"11200",성동구,"11200670",성수2가1동,131865
57E5E99129,서울 성동구 연무장길 17-1,우리***,,서울 성동구,농산물,성수,20121227,,37.5436788,127.051679,success,성동구,A,골목상권,"3110131",성수동카페거리,204716,449234,"11200",성동구,"11200670",성수2가1동,131865
3EB675E82D,서울  성동구  연무장길  45,혜성**,,서울 성동구,분식,성수,20120105,,37.5428851,127.0544297,success,성동구,A,골목상권,"3110131",성수동카페거리,204716,449234,"11200",성동구,"11200670",성수2가1동,131865
DE2C6A8F93,서울 성동구 연무장3길 5-1.,찌마**,,서울 성동구,이자카야,성수,20190220,,37.5442379,127.0513749,success,성동구,A,골목상권,"3110131",성수동카페거리,204716,449234,"11200",성동구,"11200670",성수2가1동,131865
96BE5D7758,서울 성동구 연무장7가길 5.,메종****,,서울 성동구,한식-육류/고기,성수,20140916,,37.5431839,127.0549706,success,성동구,A,골목상권,"3110131",성수동카페거리,204716,449234,"11200",성동구,"11200670",성수2가1동,131865
1F9B203919,서울 성동구 연무장길 39-25,루*,,서울 성동구,양식,성수,20141226,,37.5435038,127.0539827,success,성동구,A,골목상권,"3110131",성수동카페거리,204716,449234,"11200",성동구,"11200670",성수2가1동,131865
1E745D32BC,서울 성동구 성수이로7길 27.,장*,,서울 성동구,중식당,성수,20140221,,37.5415779,127.053455,success,성동구,A,골목상권,"3110131",성수동카페거리,204716,449234,"11200",성동구,"11200670",성수2가1동,131865
727D65C942,서울 성동구 성수이로7길 27.,파리**********,베이커리10,서울 성동구,베이커리,성수,20101111,,37.5415779,127.053455,success,성동구,A,골목상권,"3110131",성수동카페거리,204716,449234,"11200",성동구,"11200670",성수2가1동,131865
63F465C28C,서울 성동구 성수이로7길 27.,이야******,,서울 성동구,백반/가정식,성수,20150601,,37.5415779,127.053455,success,성동구,A,골목상권,"3110131",성수동카페거리,204716,449234,"11200",성동구,"11200670",성수2가1동,131865
"07C53B9164",서울 성동구 성수일로4길 25.,브라***,,서울 성동구,주류,성수,20110119,,37.542575,127.0519572,success,성동구,A,골목상권,"3110131",성수동카페거리,204716,449234,"11200",성동구,"11200670",성수2가1동,131865
CA43DFDEA8,서울 성동구 성수일로4길 25.,롸카********,,서울 성동구,햄버거,성수,20211014,,37.542575,127.0519572,success,성동구,A,골목상권,"3110131",성수동카페거리,204716,449234,"11200",성동구,"11200670",성수2가1동,131865
"29421280E6",서울 성동구 성수일로4길 25.,서울********,일식-덮밥/돈가스1,서울 성동구,일식-덮밥/돈가스,성수,20100419,,37.542575,127.0519572,success,성동구,A,골목상권,"3110131",성수동카페거리,204716,449234,"11200",성동구,"11200670",성수2가1동,131865
40FF885FCA,서울 성동구 성수일로4길 33.,잇프*************,,서울 성동구,농산물,성수,20201111,,37.542154,127.0524379,success,성동구,A,골목상권,"3110131",성수동카페거리,204716,449234,"11200",성동구,"11200670",성수2가1동,131865
75296C3F60,서울 성동구 성수일로4길 45.,원빈**********,,서울 성동구,카페,성수,20130725,,37.5423066,127.0538122,success,성동구,A,골목상권,"3110131",성수동카페거리,204716,449234,"11200",성동구,"11200670",성수2가1동,131865
ED55416BF9,서울 성동구 성수일로4길 45.,파케**,,서울 성동구,식료품,성수,20221017,,37.5423066,127.0538122,success,성동구,A,골목상권,"3110131",성수동카페거리,204716,449234,"11200",성동구,"11200670",성수2가1동,131865
874FCFE46F,서울 성동구 성수일로4길 48.,성닭*,,서울 성동구,한식-육류/고기,성수,20190917,,37.542247,127.0540659,success,성동구,A,골목상권,"3110131",성수동카페거리,204716,449234,"11200",성동구,"11200670",성수2가1동,131865
E006ED6B32,서울 성동구 연무장5가길 22.,구시******,,서울 성동구,백반/가정식,성수,20140704,,37.5432947,127.0550231,success,성동구,A,골목상권,"3110131",성수동카페거리,204716,449234,"11200",성동구,"11200670",성수2가1동,131865
9A64F9D3E4,서울 성동구 연무장길 39-13.,타코***,,서울 성동구,양식,성수,20200727,,37.5432498,127.0538614,success,성동구,A,골목상권,"3110131",성수동카페거리,204716,449234,"11200",성동구,"11200670",성수2가1동,131865
8722E9522F,서울 성동구 연무장길 39-15.,오카*,,서울 성동구,일식-덮밥/돈가스,성수,20180627,,37.5433349,127.0539018,success,성동구,A,골목상권,"3110131",성수동카페거리,204716,449234,"11200",성동구,"11200670",성수2가1동,131865
FC9A5609D6,서울 성동구 연무장길 39-21.,대낚**,,서울 성동구,한식-단품요리일반,성수,20200923,,37.5434197,127.0539427,success,성동구,A,골목상권,"3110131",성수동카페거리,204716,449234,"11200",성동구,"11200670",성수2가1동,131865
ED180381CA,서울 성동구 성수이로7가길 21,피터*,,서울 성동구,백반/가정식,성수,20070406,,37.5420606,127.0553838,success,성동구,A,골목상권,"3110131",성수동카페거리,204716,449234,"11200",성동구,"11200670",성수2가1동,131865
15467D0BEC,서울 성동구 성수이로7가길 6.,한세***,,서울 성동구,백반/가정식,성수,20070330,,37.540744,127.0550798,success,성동구,A,골목상권,"3110131",성수동카페거리,204716,449234,"11200",성동구,"11200670",성수2가1동,131865
2791AA9D19,서울특별시 성동구 연무장길 3,백이*,,서울 성동구,호프/맥주,성수,20220615,,37.5441616,127.050092,success,성동구,A,골목상권,"3110131",성수동카페거리,204716,449234,"11200",성동구,"11200670",성수2가1동,131865
64687C0A87,서울 성동구 성수일로4길 48-2.,세*,,서울 성동구,양식,성수,20201208,,37.5423297,127.0540919,success,성동구,A,골목상권,"3110131",성수동카페거리,204716,449234,"11200",성동구,"11200670",성수2가1동,131865
4018B532A8,서울특별시 성동구 성수이로 51,탐앤********,카페13,서울 성동구,카페,성수,20200131,,37.5402636,127.0550814,success,성동구,A,골목상권,"3110131",성수동카페거리,204716,449234,"11200",성동구,"11200670",성수2가1동,131865
F9740CF3C4,서울특별시 성동구 성수이로 51,갈*,,서울 성동구,한식-냉면,성수,20210503,,37.5402636,127.0550814,success,성동구,A,골목상권,"3110131",성수동카페거리,204716,449234,"11200",성동구,"11200670",성수2가1동,131865
"0B5E2CA162",서울특별시 성동구 성수이로 51,남영*********,,서울 성동구,백반/가정식,성수,20230425,,37.5402636,127.0550814,success,성동구,A,골목상권,"3110131",성수동카페거리,204716,449234,"11200",성동구,"11200670",성수2가1동,131865
"095A791091",서울특별시 성동구 성수이로 51,담소***************,한식-단품요리일반3,서울 성동구,한식-단품요리일반,성수,20220304,,37.5402636,127.0550814,success,성동구,A,골목상권,"3110131",성수동카페거리,204716,449234,"11200",성동구,"11200670",성수2가1동,131865
E4C901B00D,서울특별시 성동구 성수이로 65,성수****,,서울 성동구,중식당,성수,20190228,,37.5410195,127.0555027,success,성동구,A,골목상권,"3110131",성수동카페거리,204716,449234,"11200",성동구,"11200670",성수2가1동,131865
3EA2263A90,서울특별시 성동구 성수이로 71,성수**,,서울 성동구,한식-육류/고기,성수,20210722,,37.541629,127.0557991,success,성동구,A,골목상권,"3110131",성수동카페거리,204716,449234,"11200",성동구,"11200670",성수2가1동,131865
47B04D5AF9,서울특별시 성동구 성수이로 75,페이**,,서울 성동구,양식,성수,20220711,,37.5420247,127.0557997,success,성동구,A,골목상권,"3110131",성수동카페거리,204716,449234,"11200",성동구,"11200670",성수2가1동,131865
96CC46E113,서울특별시 성동구 연무장1길 7,따우******,,서울 성동구,카페,성수,20240730,,37.5445381,127.0505583,success,성동구,A,골목상권,"3110131",성수동카페거리,204716,449234,"11200",성동구,"11200670",성수2가1동,131865
404C43C6FA,서울특별시 성동구 연무장3길 3,마야******,,서울 성동구,양식,성수,20240626,,37.5439782,127.0512689,success,성동구,A,골목상권,"3110131",성수동카페거리,204716,449234,"11200",성동구,"11200670",성수2가1동,131865
2445E4D19D,서울특별시 성동구 연무장3길 6,로우*,,서울 성동구,카페,성수,20180703,,37.5441954,127.0515838,success,성동구,A,골목상권,"3110131",성수동카페거리,204716,449234,"11200",성동구,"11200670",성수2가1동,131865
108EC801B1,서울특별시 성동구 연무장7길 4,성수******,,서울 성동구,한식-감자탕,성수,20170424,,37.5430178,127.0545723,success,성동구,A,골목상권,"3110131",성수동카페거리,204716,449234,"11200",성동구,"11200670",성수2가1동,131865
9A37DEDA8A,서울특별시 성동구 연무장7길 4,소문**************,,서울 성동구,한식-감자탕,성수,20220829,,37.5430178,127.0545723,success,성동구,A,골목상권,"3110131",성수동카페거리,204716,449234,"11200",성동구,"11200670",성수2가1동,131865
C950C04B17,서울특별시 성동구 연무장7길 5,노다*,,서울 성동구,식료품,성수,20190524,,37.5432428,127.0543366,success,성동구,A,골목상권,"3110131",성수동카페거리,204716,449234,"11200",성동구,"11200670",성수2가1동,131865
B671472E12,서울특별시 성동구 연무장7길 7,토원****,,서울 성동구,백반/가정식,성수,20190821,,37.5433653,127.0543937,success,성동구,A,골목상권,"3110131",성수동카페거리,204716,449234,"11200",성동구,"11200670",성수2가1동,131865
A1B1D7C33E,서울특별시 성동구 연무장7길 7,핵밥****,,서울 성동구,일식-덮밥/돈가스,성수,20231129,,37.5433653,127.0543937,success,성동구,A,골목상권,"3110131",성수동카페거리,204716,449234,"11200",성동구,"11200670",성수2가1동,131865
56AB36BDAF,서울특별시 성동구 연무장7길 8,메탈***,,서울 성동구,카페,성수,20230809,,37.5432929,127.0546113,success,성동구,A,골목상권,"3110131",성수동카페거리,204716,449234,"11200",성동구,"11200670",성수2가1동,131865
6958CB3DC0,서울특별시 성동구 연무장길 12,이로*,,서울 성동구,이자카야,성수,20190409,,37.5436974,127.050804,success,성동구,A,골목상권,"3110131",성수동카페거리,204716,449234,"11200",성동구,"11200670",성수2가1동,131865
B8D4C536C4,서울특별시 성동구 연무장길 12,뮤직******,,서울 성동구,한식-단품요리일반,성수,20240311,,37.5436974,127.050804,success,성동구,A,골목상권,"3110131",성수동카페거리,204716,449234,"11200",성동구,"11200670",성수2가1동,131865
FC4D2DC52C,서울특별시 성동구 연무장길 14,롤앤*,,서울 성동구,기타세계요리,성수,20230711,,37.5436099,127.0510807,success,성동구,A,골목상권,"3110131",성수동카페거리,204716,449234,"11200",성동구,"11200670",성수2가1동,131865
19C9B789DA,서울특별시 성동구 연무장길 18,이오*,,서울 성동구,양식,성수,20200729,,37.5434815,127.0513713,success,성동구,A,골목상권,"3110131",성수동카페거리,204716,449234,"11200",성동구,"11200670",성수2가1동,131865
23F50506A9,서울특별시 성동구 연무장길 20,칸토*******,,서울 성동구,한식-단품요리일반,성수,20200120,,37.5434325,127.0515319,success,성동구,A,골목상권,"3110131",성수동카페거리,204716,449234,"11200",성동구,"11200670",성수2가1동,131865
2A4B681277,서울특별시 성동구 연무장길 38,기러******,,서울 성동구,양식,성수,20220228,,37.54284,127.0534637,success,성동구,A,골목상권,"3110131",성수동카페거리,204716,449234,"11200",성동구,"11200670",성수2가1동,131865
F6B42598BE,서울특별시 성동구 연무장길 44,길동**,,서울 성동구,일식-우동/소바/라면,성수,20180723,,37.5427077,127.0540668,success,성동구,A,골목상권,"3110131",성수동카페거리,204716,449234,"11200",성동구,"11200670",성수2가1동,131865
D5D64A7CE8,서울특별시 성동구 연무장길 50,초이*******,,서울 성동구,일식당,성수,20230420,,37.5424768,127.0548315,success,성동구,A,골목상권,"3110131",성수동카페거리,204716,449234,"11200",성동구,"11200670",성수2가1동,131865
8D4E12726C,서울특별시 성동구 연무장길 54,소프**,,서울 성동구,아이스크림/빙수,성수,20230421,,37.5423752,127.0551909,success,성동구,A,골목상권,"3110131",성수동카페거리,204716,449234,"11200",성동구,"11200670",성수2가1동,131865
680E102527,서울특별시 성동구 연무장길 60,헤이**,,서울 성동구,피자,성수,20190104,,37.5420247,127.0557997,success,성동구,A,골목상권,"3110131",성수동카페거리,204716,449234,"11200",성동구,"11200670",성수2가1동,131865
"0B08F64E3F",서울특별시 성동구 연무장길 60,32******,,서울 성동구,요리주점,성수,20170615,,37.5420247,127.0557997,success,성동구,A,골목상권,"3110131",성수동카페거리,204716,449234,"11200",성동구,"11200670",성수2가1동,131865
3183771CC5,서울특별시 성동구 연무장길 60,성수**,,서울 성동구,한식-국수/만두,성수,20231122,,37.5420247,127.0557997,success,성동구,A,골목상권,"3110131",성수동카페거리,204716,449234,"11200",성동구,"11200670",성수2가1동,131865
2E8B2318F2,서울특별시 성동구 연무장3길 14,스탠*****,,서울 성동구,카페,성수,20210119,,37.5447613,127.0518596,success,성동구,A,골목상권,"3110131",성수동카페거리,204716,449234,"11200",성동구,"11200670",성수2가1동,131865
9CF8A5D7BA,서울특별시 성동구 연무장길 5-9,신사********,한식-육류/고기15,서울 성동구,한식-육류/고기,성수,20241014,,37.5442502,127.0503724,success,성동구,A,골목상권,"3110131",성수동카페거리,204716,449234,"11200",성동구,"11200670",성수2가1동,131865
285AE413AF,서울특별시 성동구 연무장길 8-1,윈야****,,서울 성동구,양식,성수,20220127,,37.5437945,127.0504107,success,성동구,A,골목상권,"3110131",성수동카페거리,204716,449234,"11200",성동구,"11200670",성수2가1동,131865
82E74E7BC1,서울특별시 성동구 연무장길 9-1,고우**,,서울 성동구,백반/가정식,성수,20221027,,37.5439298,127.0507312,success,성동구,A,골목상권,"3110131",성수동카페거리,204716,449234,"11200",성동구,"11200670",성수2가1동,131865
"3991680872",서울특별시 성동구 연무장길 9-1,밀키****,,서울 성동구,한식-단품요리일반,성수,20231121,,37.5439298,127.0507312,success,성동구,A,골목상권,"3110131",성수동카페거리,204716,449234,"11200",성동구,"11200670",성수2가1동,131865
A93F318601,서울특별시 성동구 연무장7가길 2,대*,,서울 성동구,요리주점,성수,20230405,,37.5431172,127.0546499,success,성동구,A,골목상권,"3110131",성수동카페거리,204716,449234,"11200",성동구,"11200670",성수2가1동,131865
155685F58E,서울특별시 성동구 연무장7가길 2,스시**,,서울 성동구,일식-초밥/롤,성수,20241031,,37.5431172,127.0546499,success,성동구,A,골목상권,"3110131",성수동카페거리,204716,449234,"11200",성동구,"11200670",성수2가1동,131865
"007BE37BA2",서울특별시 성동구 연무장7가길 2,토리******,,서울 성동구,한식-단품요리일반,성수,20211013,,37.5431172,127.0546499,success,성동구,A,골목상권,"3110131",성수동카페거리,204716,449234,"11200",성동구,"11200670",성수2가1동,131865
B72212ED1C,서울특별시 성동구 연무장7가길 5,온*,,서울 성동구,요리주점,성수,20210705,,37.5431839,127.0549706,success,성동구,A,골목상권,"3110131",성수동카페거리,204716,449234,"11200",성동구,"11200670",성수2가1동,131865
3E5737823F,서울특별시 성동구 연무장7길 7-1,오늘********,와인바1,서울 성동구,와인바,성수,20240530,,37.5434696,127.0544401,success,성동구,A,골목상권,"3110131",성수동카페거리,204716,449234,"11200",성동구,"11200670",성수2가1동,131865
C93B3BC4D1,서울특별시 성동구 연무장7길 7-1,스시**,,서울 성동구,일식당,성수,20170713,,37.5434696,127.0544401,success,성동구,A,골목상권,"3110131",성수동카페거리,204716,449234,"11200",성동구,"11200670",성수2가1동,131865
646D7BE313,서울특별시 성동구 연무장7길 7-1,성수**,,서울 성동구,한식-찌개/전골,성수,20200416,,37.5434696,127.0544401,success,성동구,A,골목상권,"3110131",성수동카페거리,204716,449234,"11200",성동구,"11200670",성수2가1동,131865
57ECFF0227,서울특별시 성동구 연무장7길 7-1,시옹**,,서울 성동구,동남아/인도음식,성수,20220225,,37.5434696,127.0544401,success,성동구,A,골목상권,"3110131",성수동카페거리,204716,449234,"11200",성동구,"11200670",성수2가1동,131865
63064A8A5C,서울특별시 성동구 연무장7길 8-1,메가**************,커피전문점2,서울 성동구,커피전문점,성수,20181017,,37.5433998,127.0546644,success,성동구,A,골목상권,"3110131",성수동카페거리,204716,449234,"11200",성동구,"11200670",성수2가1동,131865
8D7C69A199,서울특별시 성동구 연무장7길 8-1,커피**********,,서울 성동구,커피전문점,성수,20191028,20230418,37.5433998,127.0546644,success,성동구,A,골목상권,"3110131",성수동카페거리,204716,449234,"11200",성동구,"11200670",성수2가1동,131865
FC1BE5CBBF,서울특별시 성동구 연무장7길 8-1,태양*****,,서울 성동구,한식-찌개/전골,성수,20240612,,37.5433998,127.0546644,success,성동구,A,골목상권,"3110131",성수동카페거리,204716,449234,"11200",성동구,"11200670",성수2가1동,131865
E74932DE0A,서울특별시 성동구 연무장길 16-2,웜브**************,,서울 성동구,베이커리,성수,20230619,20250731,37.5435296,127.0512103,success,성동구,A,골목상권,"3110131",성수동카페거리,204716,449234,"11200",성동구,"11200670",성수2가1동,131865
81920AB1D5,서울특별시 성동구 연무장길 20-1,르 ***************,,서울 성동구,베이커리,성수,20221107,,37.5433815,127.0517036,success,성동구,A,골목상권,"3110131",성수동카페거리,204716,449234,"11200",성동구,"11200670",성수2가1동,131865
12C9656088,서울특별시 성동구 연무장길 29-1,드렁*******,,서울 성동구,양식,성수,20230120,,37.5433459,127.0527052,success,성동구,A,골목상권,"3110131",성수동카페거리,204716,449234,"11200",성동구,"11200670",성수2가1동,131865
B360E93D13,서울특별시 성동구 연무장길 29-1,칠렉******,,서울 성동구,식료품,성수,20240612,,37.5433459,127.0527052,success,성동구,A,골목상권,"3110131",성수동카페거리,204716,449234,"11200",성동구,"11200670",성수2가1동,131865
20B4D65D66,서울특별시 성동구 연무장길 31-1,51*******,,서울 성동구,베이커리,성수,20230726,,37.5435834,127.05314,success,성동구,A,골목상권,"3110131",성수동카페거리,204716,449234,"11200",성동구,"11200670",성수2가1동,131865
E781672309,서울특별시 성동구 연무장길 37-5,에트**************************,,서울 성동구,베이커리,성수,20241113,,37.5432641,127.0534653,success,성동구,A,골목상권,"3110131",성수동카페거리,204716,449234,"11200",성동구,"11200670",성수2가1동,131865
8B137D6875,서울특별시 성동구 연무장길 41-9,키 **,,서울 성동구,일반 유흥주점,성수,20180326,,37.5431195,127.0539674,success,성동구,A,골목상권,"3110131",성수동카페거리,204716,449234,"11200",성동구,"11200670",성수2가1동,131865
E4D0E6B1B0,서울특별시 성동구 연무장길 54-1,시브****,,서울 성동구,카페,성수,20241220,,37.5423505,127.0552736,success,성동구,A,골목상권,"3110131",성수동카페거리,204716,449234,"11200",성동구,"11200670",성수2가1동,131865
BF9955B7C9,서울특별시 성동구 성수이로7길 27,코스****,,서울 성동구,카페,성수,20220414,,37.5415779,127.053455,success,성동구,A,골목상권,"3110131",성수동카페거리,204716,449234,"11200",성동구,"11200670",성수2가1동,131865
9AFEF6448B,서울특별시 성동구 성수이로7길 27,버터*,,서울 성동구,카페,성수,20220713,,37.5415779,127.053455,success,성동구,A,골목상권,"3110131",성수동카페거리,204716,449234,"11200",성동구,"11200670",성수2가1동,131865
882C56DA42,서울특별시 성동구 성수이로7길 27,보배******,,서울 성동구,중식당,성수,20230407,,37.5415779,127.053455,success,성동구,A,골목상권,"3110131",성수동카페거리,204716,449234,"11200",성동구,"11200670",성수2가1동,131865
9F3DC019F2,서울특별시 성동구 성수이로7길 27,조이**,,서울 성동구,한정식,성수,20190527,,37.5415779,127.053455,success,성동구,A,골목상권,"3110131",성수동카페거리,204716,449234,"11200",성동구,"11200670",성수2가1동,131865
85265A7A7A,서울특별시 성동구 성수이로7길 27,천하*****,,서울 성동구,한식-육류/고기,성수,20211208,,37.5415779,127.053455,success,성동구,A,골목상권,"3110131",성수동카페거리,204716,449234,"11200",성동구,"11200670",성수2가1동,131865
"0E1F126D2B",서울특별시 성동구 성수이로7길 38,헤이**********,,서울 성동구,양식,성수,20230921,,37.5425018,127.053482,success,성동구,A,골목상권,"3110131",성수동카페거리,204716,449234,"11200",성동구,"11200670",성수2가1동,131865
7AF854D0D5,서울특별시 성동구 성수이로7길 46,에이********,,서울 성동구,피자,성수,20210414,,37.5429455,127.0532156,success,성동구,A,골목상권,"3110131",성수동카페거리,204716,449234,"11200",성동구,"11200670",성수2가1동,131865
5653B531F7,서울특별시 성동구 성수일로4길 25,라스*******,,서울 성동구,카페,성수,20211125,,37.542575,127.0519572,success,성동구,A,골목상권,"3110131",성수동카페거리,204716,449234,"11200",성동구,"11200670",성수2가1동,131865
4F4288168A,서울특별시 성동구 성수일로4길 25,매머****************,,서울 성동구,커피전문점,성수,20220831,,37.542575,127.0519572,success,성동구,A,골목상권,"3110131",성수동카페거리,204716,449234,"11200",성동구,"11200670",성수2가1동,131865
1E8F8916F6,서울특별시 성동구 성수일로4길 37,스윗**,,서울 성동구,카페,성수,20240425,,37.542174,127.0529287,success,성동구,A,골목상권,"3110131",성수동카페거리,204716,449234,"11200",성동구,"11200670",성수2가1동,131865
9C38AF2E2C,서울특별시 성동구 성수일로4길 37,본죽******************,한식-죽2,서울 성동구,한식-죽,성수,20200811,,37.542174,127.0529287,success,성동구,A,골목상권,"3110131",성수동카페거리,204716,449234,"11200",성동구,"11200670",성수2가1동,131865
D9A86A4A3C,서울특별시 성동구 성수일로4길 37,하루*,,서울 성동구,일식-덮밥/돈가스,성수,20170323,,37.542174,127.0529287,success,성동구,A,골목상권,"3110131",성수동카페거리,204716,449234,"11200",성동구,"11200670",성수2가1동,131865
69C015926E,서울특별시 성동구 성수일로4길 45,성수******,,서울 성동구,한식-육류/고기,성수,20220126,20250820,37.5423066,127.0538122,success,성동구,A,골목상권,"3110131",성수동카페거리,204716,449234,"11200",성동구,"11200670",성수2가1동,131865
738376575C,서울특별시 성동구 성수일로4길 45,문화**,,서울 성동구,한식-단품요리일반,성수,20230421,,37.5423066,127.0538122,success,성동구,A,골목상권,"3110131",성수동카페거리,204716,449234,"11200",성동구,"11200670",성수2가1동,131865
42C1209E01,서울특별시 성동구 성수일로4길 46,우리***,,서울 성동구,한식-국수/만두,성수,20200629,,37.542136,127.0538995,success,성동구,A,골목상권,"3110131",성수동카페거리,204716,449234,"11200",성동구,"11200670",성수2가1동,131865
7B78BDBDBA,서울특별시 성동구 성수일로4길 46,도담***,,서울 성동구,한식-국밥/설렁탕,성수,20200701,,37.542136,127.0538995,success,성동구,A,골목상권,"3110131",성수동카페거리,204716,449234,"11200",성동구,"11200670",성수2가1동,131865
EC9F8C60ED,서울특별시 성동구 성수일로4길 48,성수****,,서울 성동구,백반/가정식,성수,20230306,,37.542247,127.0540659,success,성동구,A,골목상권,"3110131",성수동카페거리,204716,449234,"11200",성동구,"11200670",성수2가1동,131865
DC1615940E,서울특별시 성동구 연무장1길 15-1,르베**,,서울 성동구,한식-단품요리일반,성수,20210727,,37.5445381,127.0505583,success,성동구,A,골목상권,"3110131",성수동카페거리,204716,449234,"11200",성동구,"11200670",성수2가1동,131865
D83C7B324D,서울특별시 성동구 연무장5가길 20,까사*********,,서울 성동구,양식,성수,20170905,,37.543364,127.0547905,success,성동구,A,골목상권,"3110131",성수동카페거리,204716,449234,"11200",성동구,"11200670",성수2가1동,131865
1CFE4CFBFB,서울특별시 성동구 연무장5가길 20,성수**,,서울 성동구,양식,성수,20210831,,37.543364,127.0547905,success,성동구,A,골목상권,"3110131",성수동카페거리,204716,449234,"11200",성동구,"11200670",성수2가1동,131865
B6CBC8DA9A,서울특별시 성동구 연무장길 37-17,오우*,,서울 성동구,이자카야,성수,20240513,,37.5434135,127.0536364,success,성동구,A,골목상권,"3110131",성수동카페거리,204716,449234,"11200",성동구,"11200670",성수2가1동,131865
DC3C4F794B,서울특별시 성동구 연무장길 37-18,리호********,,서울 성동구,와인바,성수,20230403,,37.5433702,127.0537867,success,성동구,A,골목상권,"3110131",성수동카페거리,204716,449234,"11200",성동구,"11200670",성수2가1동,131865
607010FDDB,서울특별시 성동구 연무장길 37-22,샤베*,,서울 성동구,이자카야,성수,20240220,,37.5434548,127.0538268,success,성동구,A,골목상권,"3110131",성수동카페거리,204716,449234,"11200",성동구,"11200670",성수2가1동,131865
C83AA6A77D,서울특별시 성동구 연무장길 39-13,성수***,,서울 성동구,요리주점,성수,20230920,,37.5432498,127.0538614,success,성동구,A,골목상권,"3110131",성수동카페거리,204716,449234,"11200",성동구,"11200670",성수2가1동,131865
53F2CA13C6,서울특별시 성동구 연무장길 39-13,목*,,서울 성동구,이자카야,성수,20231123,,37.5432498,127.0538614,success,성동구,A,골목상권,"3110131",성수동카페거리,204716,449234,"11200",성동구,"11200670",성수2가1동,131865
32B3B5A4E4,서울특별시 성동구 연무장길 39-15,소바******,,서울 성동구,일식-우동/소바/라면,성수,20230809,,37.5433349,127.0539018,success,성동구,A,골목상권,"3110131",성수동카페거리,204716,449234,"11200",성동구,"11200670",성수2가1동,131865
71C2A58868,서울특별시 성동구 연무장길 39-21,요이****,,서울 성동구,일식당,성수,20241206,,37.5434197,127.0539427,success,성동구,A,골목상권,"3110131",성수동카페거리,204716,449234,"11200",성동구,"11200670",성수2가1동,131865
6C347DBCB1,서울특별시 성동구 연무장길 39-29,레이********,,서울 성동구,카페,성수,20191128,,37.5435964,127.054027,success,성동구,A,골목상권,"3110131",성수동카페거리,204716,449234,"11200",성동구,"11200670",성수2가1동,131865
C5DBF39698,서울특별시 성동구 연무장길 41-19,아가*******,,서울 성동구,아이스크림/빙수,성수,20230417,,37.5433753,127.054089,success,성동구,A,골목상권,"3110131",성수동카페거리,204716,449234,"11200",성동구,"11200670",성수2가1동,131865
C3EB37225E,서울특별시 성동구 연무장길 41-19,37***********,,서울 성동구,한식-단품요리일반,성수,20230512,,37.5433753,127.054089,success,성동구,A,골목상권,"3110131",성수동카페거리,204716,449234,"11200",성동구,"11200670",성수2가1동,131865
11C88CAEC4,서울특별시 성동구 연무장길 41-22,굿갓**********,,서울 성동구,양식,성수,20200227,,37.5433311,127.0542361,success,성동구,A,골목상권,"3110131",성수동카페거리,204716,449234,"11200",성동구,"11200670",성수2가1동,131865
36BADF35EC,서울특별시 성동구 연무장길 41-22,텐*,,서울 성동구,일식당,성수,20211209,,37.5433311,127.0542361,success,성동구,A,골목상권,"3110131",성수동카페거리,204716,449234,"11200",성동구,"11200670",성수2가1동,131865
8DD2137D28,서울특별시 성동구 연무장길 41-22,청주**,,서울 성동구,요리주점,성수,20200407,20250814,37.5433311,127.0542361,success,성동구,A,골목상권,"3110131",성수동카페거리,204716,449234,"11200",성동구,"11200670",성수2가1동,131865
BCC0F33208,서울특별시 성동구 연무장길 41-26,금*,,서울 성동구,백반/가정식,성수,20230504,,37.5434149,127.0542767,success,성동구,A,골목상권,"3110131",성수동카페거리,204716,449234,"11200",성동구,"11200670",성수2가1동,131865
D612EC720C,서울특별시 성동구 연무장길 41-26,성수**,,서울 성동구,한식-해물/생선,성수,20191218,,37.5434149,127.0542767,success,성동구,A,골목상권,"3110131",성수동카페거리,204716,449234,"11200",성동구,"11200670",성수2가1동,131865
42F4442B86,서울특별시 성동구 연무장길 41-26,포유***,,서울 성동구,동남아/인도음식,성수,20240216,,37.5434149,127.0542767,success,성동구,A,골목상권,"3110131",성수동카페거리,204716,449234,"11200",성동구,"11200670",성수2가1동,131865
6A5E5F1964,서울특별시 성동구 성수이로7가길 6,티포**************,,서울 성동구,식료품,성수,20240829,,37.540744,127.0550798,success,성동구,A,골목상권,"3110131",성수동카페거리,204716,449234,"11200",성동구,"11200670",성수2가1동,131865
7B133114D0,서울특별시 성동구 성수이로7가길 6,등촌*********,한식-국수/만두4,서울 성동구,한식-국수/만두,성수,20191223,,37.540744,127.0550798,success,성동구,A,골목상권,"3110131",성수동카페거리,204716,449234,"11200",성동구,"11200670",성수2가1동,131865
"01D70FA491",서울특별시 성동구 성수이로7가길 6,등촌*********,한식-국수/만두4,서울 성동구,한식-국수/만두,성수,20220124,,37.540744,127.0550798,success,성동구,A,골목상권,"3110131",성수동카페거리,204716,449234,"11200",성동구,"11200670",성수2가1동,131865
1CC86C2EB2,서울특별시 성동구 성수일로4가길 2,창창**,,서울 성동구,카페,성수,20201214,,37.5420608,127.0540015,success,성동구,A,골목상권,"3110131",성수동카페거리,204716,449234,"11200",성동구,"11200670",성수2가1동,131865
CCC1A20AF8,서울특별시 성동구 성수일로4가길 2,벱(****,,서울 성동구,동남아/인도음식,성수,20210625,,37.5420608,127.0540015,success,성동구,A,골목상권,"3110131",성수동카페거리,204716,449234,"11200",성동구,"11200670",성수2가1동,131865
BE795585AC,서울특별시 성동구 연무장7가길 5-1,대림******,,서울 성동구,분식,성수,20210804,20250709,37.543149,127.0550893,success,성동구,A,골목상권,"3110131",성수동카페거리,204716,449234,"11200",성동구,"11200670",성수2가1동,131865
D83FD7E108,서울특별시 성동구 연무장7가길 6-1,토라**,,서울 성동구,일식당,성수,20180919,,37.5429793,127.0551107,success,성동구,A,골목상권,"3110131",성수동카페거리,204716,449234,"11200",성동구,"11200670",성수2가1동,131865
15CFCB9040,서울특별시 성동구 성수이로7길 41-1,옹근*,,서울 성동구,카페,성수,20200326,,37.5427829,127.0530018,success,성동구,A,골목상권,"3110131",성수동카페거리,204716,449234,"11200",성동구,"11200670",성수2가1동,131865
5BE0890F4A,서울특별시 성동구 성수일로4가길 10,더블*********,,서울 성동구,카페,성수,20221109,,37.5415242,127.0545826,success,성동구,A,골목상권,"3110131",성수동카페거리,204716,449234,"11200",성동구,"11200670",성수2가1동,131865
D21FE6A7B4,서울특별시 성동구 연무장5가길 22-1,브루******,,서울 성동구,카페,성수,20190731,,37.5432581,127.055141,success,성동구,A,골목상권,"3110131",성수동카페거리,204716,449234,"11200",성동구,"11200670",성수2가1동,131865
F58CA84077,서울특별시 성동구 성수일로4길 35-11,커피********,,서울 성동구,커피전문점,성수,20230925,,37.5423913,127.0529458,success,성동구,A,골목상권,"3110131",성수동카페거리,204716,449234,"11200",성동구,"11200670",성수2가1동,131865
2477DC6A37,서울특별시 성동구 성수이로7가길 21-17,하람**,,서울 성동구,청과물,성수,20170525,,37.5421783,127.0549982,success,성동구,A,골목상권,"3110131",성수동카페거리,204716,449234,"11200",성동구,"11200670",성수2가1동,131865
9E4161542A,서울특별시 성동구 성수일로4가길 10-14,스켓******,,서울 성동구,식료품,성수,20241008,,37.5415242,127.0545826,success,성동구,A,골목상권,"3110131",성수동카페거리,204716,449234,"11200",성동구,"11200670",성수2가1동,131865
9E719E496C,서울 성동구 서울숲2길 8-8.,라프*,,서울 성동구,카페,,20210317,,37.5472477,127.0394561,success,성동구,A,골목상권,"3110120",서울숲카페거리,203629,449746,"11200",성동구,"11200660",성수1가2동,34852
FF3C3A8704,서울 성동구 서울숲2길 15-12.,스페******,,서울 성동구,카페,,20230621,,37.5474512,127.0406287,success,성동구,A,골목상권,"3110120",서울숲카페거리,203629,449746,"11200",성동구,"11200660",성수1가2동,34852
94502BA9DC,서울특별시 성동구 서울숲2길 2,묘*,,서울 성동구,카페,,20190930,,37.5478318,127.0397466,success,성동구,A,골목상권,"3110120",서울숲카페거리,203629,449746,"11200",성동구,"11200660",성수1가2동,34852
320A02A60D,서울특별시 성동구 서울숲2길 2,소와****,,서울 성동구,한식-육류/고기,,20230920,,37.5478318,127.0397466,success,성동구,A,골목상권,"3110120",서울숲카페거리,203629,449746,"11200",성동구,"11200660",성수1가2동,34852
73DBE0BFDF,서울특별시 성동구 서울숲2길 6,산도*********,,서울 성동구,햄버거,,20221026,,37.5476664,127.0396657,success,성동구,A,골목상권,"3110120",서울숲카페거리,203629,449746,"11200",성동구,"11200660",성수1가2동,34852
3DE5786D97,서울특별시 성동구 서울숲2길 8,위켄********************,,서울 성동구,카페,,20230703,,37.5474941,127.0395793,success,성동구,A,골목상권,"3110120",서울숲카페거리,203629,449746,"11200",성동구,"11200660",성수1가2동,34852
8D65C5B594,서울특별시 성동구 서울숲2길 9,글레****,,서울 성동구,아이스크림/빙수,,20200310,,37.5474383,127.039764,success,성동구,A,골목상권,"3110120",서울숲카페거리,203629,449746,"11200",성동구,"11200660",성수1가2동,34852
161867AF15,서울특별시 성동구 서울숲길 20,아이***************,,서울 성동구,베이커리,,20170420,,37.5479167,127.0397896,success,성동구,A,골목상권,"3110120",서울숲카페거리,203629,449746,"11200",성동구,"11200660",성수1가2동,34852
5095698AC0,서울특별시 성동구 서울숲2길 13,지티******,,서울 성동구,양식,,20240129,,37.5473066,127.0401988,success,성동구,A,골목상권,"3110120",서울숲카페거리,203629,449746,"11200",성동구,"11200660",성수1가2동,34852
"0A4491652C",서울특별시 성동구 서울숲2길 13,카프******,,서울 성동구,양식,,20240829,,37.5473066,127.0401988,success,성동구,A,골목상권,"3110120",서울숲카페거리,203629,449746,"11200",성동구,"11200660",성수1가2동,34852
468982150B,서울특별시 성동구 서울숲2길 13,암암*,,서울 성동구,백반/가정식,,20210728,,37.5473066,127.0401988,success,성동구,A,골목상권,"3110120",서울숲카페거리,203629,449746,"11200",성동구,"11200660",성수1가2동,34852
95CED9DF82,서울특별시 성동구 서울숲2길 14,숲*,,서울 성동구,분식,,20200714,,37.5471512,127.0401225,success,성동구,A,골목상권,"3110120",서울숲카페거리,203629,449746,"11200",성동구,"11200660",성수1가2동,34852
CF19A96F63,서울특별시 성동구 서울숲2길 14,피키**,,서울 성동구,양식,,20210909,20241114,37.5471512,127.0401225,success,성동구,A,골목상권,"3110120",서울숲카페거리,203629,449746,"11200",성동구,"11200660",성수1가2동,34852
D77841D9B4,서울특별시 성동구 서울숲2길 15,뽈로***,,서울 성동구,스테이크,,20230605,,37.5472717,127.0403748,success,성동구,A,골목상권,"3110120",서울숲카페거리,203629,449746,"11200",성동구,"11200660",성수1가2동,34852
"812202E747",서울특별시 성동구 서울숲2길 15,뮐(******,,서울 성동구,한식-육류/고기,,20240412,,37.5472717,127.0403748,success,성동구,A,골목상권,"3110120",서울숲카페거리,203629,449746,"11200",성동구,"11200660",성수1가2동,34852
E549A26D24,서울특별시 성동구 서울숲2길 34,쎄콩*****,,서울 성동구,양식,뚝섬,20210908,,37.546525,127.0423527,success,성동구,A,골목상권,"3110120",서울숲카페거리,203629,449746,"11200",성동구,"11200660",성수1가2동,34852
4482179D1C,서울특별시 성동구 서울숲2길 36,밥잘*******,,서울 성동구,백반/가정식,뚝섬,20240925,,37.5464643,127.0425176,success,성동구,A,골목상권,"3110120",서울숲카페거리,203629,449746,"11200",성동구,"11200660",성수1가2동,34852
3DDD63B1FA,서울특별시 성동구 서울숲2길 8-7,리글*,,서울 성동구,카페,,20220708,,37.5471925,127.0396297,success,성동구,A,골목상권,"3110120",서울숲카페거리,203629,449746,"11200",성동구,"11200660",성수1가2동,34852
C70D8E86E1,서울특별시 성동구 서울숲2길 12-8,웨스***,,서울 성동구,베이커리,,20230607,,37.5471468,127.0397732,success,성동구,A,골목상권,"3110120",서울숲카페거리,203629,449746,"11200",성동구,"11200660",성수1가2동,34852
A4A1BC46DF,서울특별시 성동구 서울숲2길 14-8,고스****,,서울 성동구,카페,,20241202,,37.5470524,127.0400733,success,성동구,A,골목상권,"3110120",서울숲카페거리,203629,449746,"11200",성동구,"11200660",성수1가2동,34852
"098BA50B44",서울특별시 성동구 서울숲2길 14-8,온*,,서울 성동구,백반/가정식,,20230511,,37.5470524,127.0400733,success,성동구,A,골목상권,"3110120",서울숲카페거리,203629,449746,"11200",성동구,"11200660",성수1가2동,34852
1938F6377B,서울특별시 성동구 서울숲2길 16-9,븨브*****,,서울 성동구,양식,,20240716,,37.5469823,127.0404009,success,성동구,A,골목상권,"3110120",서울숲카페거리,203629,449746,"11200",성동구,"11200660",성수1가2동,34852
203E53DC61,서울특별시 성동구 서울숲2길 20-8,오일**********,,서울 성동구,백반/가정식,,20220404,,37.5468757,127.0407807,success,성동구,A,골목상권,"3110120",서울숲카페거리,203629,449746,"11200",성동구,"11200660",성수1가2동,34852
125C6AE5AF,서울특별시 성동구 서울숲2길 24-8,섬타*****,,서울 성동구,베이커리,,20231219,,37.5467875,127.041082,success,성동구,A,골목상권,"3110120",서울숲카페거리,203629,449746,"11200",성동구,"11200660",성수1가2동,34852
4916AD88E4,서울특별시 성동구 서울숲2길 11-12,그린****,,서울 성동구,동남아/인도음식,,20220419,,37.5475187,127.0401619,success,성동구,A,골목상권,"3110120",서울숲카페거리,203629,449746,"11200",성동구,"11200660",성수1가2동,34852
1D76CBF64B,서울특별시 성동구 서울숲2길 16-12,부우*,,서울 성동구,양식,,20241002,,37.5469416,127.0401963,success,성동구,A,골목상권,"3110120",서울숲카페거리,203629,449746,"11200",성동구,"11200660",성수1가2동,34852
808E997108,서울특별시 성동구 서울숲2길 16-12,글루*,,서울 성동구,카페,,20240724,,37.5469416,127.0401963,success,성동구,A,골목상권,"3110120",서울숲카페거리,203629,449746,"11200",성동구,"11200660",성수1가2동,34852
EDDF492971,서울특별시 성동구 서울숲2길 18-14,서울****,,서울 성동구,양식,,20170622,20250715,37.5468649,127.0404691,success,성동구,A,골목상권,"3110120",서울숲카페거리,203629,449746,"11200",성동구,"11200660",성수1가2동,34852
78C040B05F,서울특별시 성동구 서울숲2길 19-13,구스***,,서울 성동구,양식,,20210507,,37.5473292,127.0410047,success,성동구,A,골목상권,"3110120",서울숲카페거리,203629,449746,"11200",성동구,"11200660",성수1가2동,34852
37B095C0EA,서울특별시 성동구 서울숲2길 19-13,버틀*********,,서울 성동구,양식,,20230127,,37.5473292,127.0410047,success,성동구,A,골목상권,"3110120",서울숲카페거리,203629,449746,"11200",성동구,"11200660",성수1가2동,34852
8DDCE4944D,서울특별시 성동구 서울숲2길 19-17,피리**,,서울 성동구,카페,,20220816,,37.5474204,127.0410508,success,성동구,A,골목상권,"3110120",서울숲카페거리,203629,449746,"11200",성동구,"11200660",성수1가2동,34852
FEAAE06C47,서울특별시 성동구 서울숲2길 19-18,블랙********,,서울 성동구,카페,,20240514,,37.5473991,127.0412157,success,성동구,A,골목상권,"3110120",서울숲카페거리,203629,449746,"11200",성동구,"11200660",성수1가2동,34852
5EF2C0673B,서울 성동구 왕십리로 88.,블레*,,서울 성동구,식료품,뚝섬,20160108,,37.5452017,127.0457522,success,성동구,A,골목상권,"3110126",서울숲역 1번,204113,449554,"11200",성동구,"11200650",성수1가1동,18531
5A5B5CC478,서울 성동구 왕십리로6길 11.,파머***,,서울 성동구,카페,뚝섬,20151030,,37.5460053,127.0460921,success,성동구,A,골목상권,"3110126",서울숲역 1번,204113,449554,"11200",성동구,"11200650",성수1가1동,18531
E5849C4673,서울 성동구 왕십리로4가길 3.,성수**,,서울 성동구,한식-육류/고기,뚝섬,20241107,,37.5455389,127.0460009,success,성동구,A,골목상권,"3110126",서울숲역 1번,204113,449554,"11200",성동구,"11200650",성수1가1동,18531
96AD55E474,서울 성동구 왕십리로6길 18-1.,베러********,,서울 성동구,한식-단품요리일반,뚝섬,20160627,,37.5456698,127.0466206,success,성동구,A,골목상권,"3110126",서울숲역 1번,204113,449554,"11200",성동구,"11200650",성수1가1동,18531
2996AB4D5A,서울특별시 성동구 왕십리로4길 16,야몽**,,서울 성동구,양식,뚝섬,20240919,,37.5461719,127.0461698,success,성동구,A,골목상권,"3110126",서울숲역 1번,204113,449554,"11200",성동구,"11200650",성수1가1동,18531
"025B95F178",서울특별시 성동구 왕십리로4길 16,짬뽕**,,서울 성동구,중식당,뚝섬,20170816,,37.5461719,127.0461698,success,성동구,A,골목상권,"3110126",서울숲역 1번,204113,449554,"11200",성동구,"11200650",성수1가1동,18531
4774C089CA,서울특별시 성동구 왕십리로6길 16,이*,,서울 성동구,백반/가정식,뚝섬,20230630,,37.5457419,127.046324,success,성동구,A,골목상권,"3110126",서울숲역 1번,204113,449554,"11200",성동구,"11200650",성수1가1동,18531
268A868E38,서울특별시 성동구 왕십리로8길 24,이곳**********,,서울 성동구,카페,뚝섬,20211224,,37.5458126,127.0472406,success,성동구,A,골목상권,"3110126",서울숲역 1번,204113,449554,"11200",성동구,"11200650",성수1가1동,18531
"02EECADFE6",서울특별시 성동구 왕십리로4가길 3,아이*,,서울 성동구,카페,뚝섬,20240430,,37.5455389,127.0460009,success,성동구,A,골목상권,"3110126",서울숲역 1번,204113,449554,"11200",성동구,"11200650",성수1가1동,18531
BA6E1B1FB4,서울특별시 성동구 왕십리로4가길 3,진도*****,,서울 성동구,이자카야,뚝섬,20240214,,37.5455389,127.0460009,success,성동구,A,골목상권,"3110126",서울숲역 1번,204113,449554,"11200",성동구,"11200650",성수1가1동,18531
71E8C02B1A,서울특별시 성동구 왕십리로4가길 3,한양****,,서울 성동구,떡/한과 제조,뚝섬,20240123,,37.5455389,127.0460009,success,성동구,A,골목상권,"3110126",서울숲역 1번,204113,449554,"11200",성동구,"11200650",성수1가1동,18531
"000F03E44A",서울특별시 성동구 왕십리로4가길 9,육육**,,서울 성동구,중식-딤섬/중식만두,뚝섬,20220225,,37.5454363,127.04636,success,성동구,A,골목상권,"3110126",서울숲역 1번,204113,449554,"11200",성동구,"11200650",성수1가1동,18531
CF851F9D05,서울특별시 성동구 왕십리로4길 10-1,멘야******,,서울 성동구,한식-단품요리일반,뚝섬,20191030,,37.5456591,127.0458976,success,성동구,A,골목상권,"3110126",서울숲역 1번,204113,449554,"11200",성동구,"11200650",성수1가1동,18531
CFA4B1B1C8,서울특별시 성동구 왕십리로4길 10-9,밤토*,,서울 성동구,요리주점,뚝섬,20230308,,37.5456951,127.0461376,success,성동구,A,골목상권,"3110126",서울숲역 1번,204113,449554,"11200",성동구,"11200650",성수1가1동,18531
487926887C,서울특별시 성동구 왕십리로8길 18-1,뱅인**,,서울 성동구,양식,뚝섬,20240624,,37.5460471,127.0467101,success,성동구,A,골목상권,"3110126",서울숲역 1번,204113,449554,"11200",성동구,"11200650",성수1가1동,18531
7D48C168B3,서울특별시 성동구 왕십리로8길 18-1,모피*,,서울 성동구,카페,뚝섬,20240415,,37.5460471,127.0467101,success,성동구,A,골목상권,"3110126",서울숲역 1번,204113,449554,"11200",성동구,"11200650",성수1가1동,18531
A7BC78E695,서울특별시 성동구 왕십리로4가길 2-9,바버******,,서울 성동구,카페,뚝섬,20230711,,37.5452821,127.0458052,success,성동구,A,골목상권,"3110126",서울숲역 1번,204113,449554,"11200",성동구,"11200650",성수1가1동,18531
5FE5C42B70,서울특별시 성동구 왕십리로4길 10-12,칼리*****************,,서울 성동구,양식,뚝섬,20230706,,37.545587,127.0461928,success,성동구,A,골목상권,"3110126",서울숲역 1번,204113,449554,"11200",성동구,"11200650",성수1가1동,18531
D98E86E1EF,서울특별시 성동구 왕십리로4길 10-12,제비*,,서울 성동구,한식-단품요리일반,뚝섬,20211125,,37.545587,127.0461928,success,성동구,A,골목상권,"3110126",서울숲역 1번,204113,449554,"11200",성동구,"11200650",성수1가1동,18531
75F892EF1E,서울특별시 성동구 왕십리로4길 10-12,서울**,,서울 성동구,한식-단품요리일반,뚝섬,20240514,,37.545587,127.0461928,success,성동구,A,골목상권,"3110126",서울숲역 1번,204113,449554,"11200",성동구,"11200650",성수1가1동,18531
F42D0B483B,서울 성동구 성수1가1동,동부**,,서울 성동구,축산물,성수,20140212,,37.5420391,127.0496855,success,성동구,A,골목상권,"3110127",성수1가1동주민센터,204367,449119,"11200",성동구,"11200650",성수1가1동,38774
5BF5A99836,서울 성동구 뚝섬로 337.,성수**,,서울 성동구,분식,성수,20141127,,37.5407409,127.0484618,success,성동구,A,골목상권,"3110127",성수1가1동주민센터,204367,449119,"11200",성동구,"11200650",성수1가1동,38774
6F97F23CDB,서울  성동구  성수1가1동,한*,,서울 성동구,양식,성수,20020425,,37.5420391,127.0496855,success,성동구,A,골목상권,"3110127",성수1가1동주민센터,204367,449119,"11200",성동구,"11200650",성수1가1동,38774
314D411B19,서울  성동구  성수1가1동,비어**,,서울 성동구,치킨,성수,20030507,,37.5420391,127.0496855,success,성동구,A,골목상권,"3110127",성수1가1동주민센터,204367,449119,"11200",성동구,"11200650",성수1가1동,38774
BBE10BA891,서울  성동구  성수1가1동,초원**,,서울 성동구,백반/가정식,,20071120,,37.5420391,127.0496855,success,성동구,A,골목상권,"3110127",성수1가1동주민센터,204367,449119,"11200",성동구,"11200650",성수1가1동,38774
C9EC8F7695,서울  성동구  성수1가1동,장원**,,서울 성동구,백반/가정식,성수,20090304,,37.5420391,127.0496855,success,성동구,A,골목상권,"3110127",성수1가1동주민센터,204367,449119,"11200",성동구,"11200650",성수1가1동,38774
D395BA1A40,서울 성동구 뚝섬로 341-8,10**,,서울 성동구,일식당,성수,20100607,,37.5407128,127.048654,success,성동구,A,골목상권,"3110127",성수1가1동주민센터,204367,449119,"11200",성동구,"11200650",성수1가1동,38774
C8DB619114,서울 성동구 뚝섬로3길 9.,고흥*,,서울 성동구,백반/가정식,성수,20141202,,37.5410415,127.0492251,success,성동구,A,골목상권,"3110127",성수1가1동주민센터,204367,449119,"11200",성동구,"11200650",성수1가1동,38774
D9D5B30E21,서울 성동구 성수일로 20.,뺑드**,,서울 성동구,베이커리,성수,20180129,,37.5422372,127.0490618,success,성동구,A,골목상권,"3110127",성수1가1동주민센터,204367,449119,"11200",성동구,"11200650",성수1가1동,38774
5C6A6CA90A,서울 성동구 성수일로4길 2.,유월*,,서울 성동구,한식-육류/고기,성수,20240626,,37.5430401,127.0493605,success,성동구,A,골목상권,"3110127",성수1가1동주민센터,204367,449119,"11200",성동구,"11200650",성수1가1동,38774
70F032FFD5,서울 성동구 뚝섬로3길 11-5.,로드*************,,서울 성동구,커피전문점,방배역,20221027,,37.5411811,127.0493009,success,성동구,A,골목상권,"3110127",성수1가1동주민센터,204367,449119,"11200",성동구,"11200650",성수1가1동,38774
E254F12E10,서울특별시 성동구 뚝섬로3길 9,치즈****,,서울 성동구,샌드위치/토스트,성수,20210311,,37.5410415,127.0492251,success,성동구,A,골목상권,"3110127",성수1가1동주민센터,204367,449119,"11200",성동구,"11200650",성수1가1동,38774
2E4264DFBD,서울특별시 성동구 뚝섬로3길 16,쿠켄**,,서울 성동구,치킨,성수,20190228,,37.541602,127.0496887,success,성동구,A,골목상권,"3110127",성수1가1동주민센터,204367,449119,"11200",성동구,"11200650",성수1가1동,38774
37075F1B6D,서울특별시 성동구 뚝섬로3길 16,성수**,,서울 성동구,한식-육류/고기,성수,20231103,,37.541602,127.0496887,success,성동구,A,골목상권,"3110127",성수1가1동주민센터,204367,449119,"11200",성동구,"11200650",성수1가1동,38774
89D3C820E9,서울특별시 성동구 뚝섬로5길 11,하피********,,서울 성동구,카페,성수,20210420,,37.5411177,127.0505878,success,성동구,A,골목상권,"3110127",성수1가1동주민센터,204367,449119,"11200",성동구,"11200650",성수1가1동,38774
FE56C99A69,서울특별시 성동구 뚝섬로 341-18,아후*****,,서울 성동구,베이커리,성수,20221102,,37.5409349,127.0485467,success,성동구,A,골목상권,"3110127",성수1가1동주민센터,204367,449119,"11200",성동구,"11200650",성수1가1동,38774
EAF82B5862,서울특별시 성동구 뚝섬로 341-18,시냅*,,서울 성동구,일반 유흥주점,성수,20221020,,37.5409349,127.0485467,success,성동구,A,골목상권,"3110127",성수1가1동주민센터,204367,449119,"11200",성동구,"11200650",성수1가1동,38774
8BA38E4DD1,서울특별시 성동구 뚝섬로 341-18,이키**,,서울 성동구,일식-덮밥/돈가스,성수,20221123,,37.5409349,127.0485467,success,성동구,A,골목상권,"3110127",성수1가1동주민센터,204367,449119,"11200",성동구,"11200650",성수1가1동,38774
D5F0182675,서울특별시 성동구 뚝섬로3나길 11,정*,,서울 성동구,카페,성수,20240424,,37.5417317,127.0499485,success,성동구,A,골목상권,"3110127",성수1가1동주민센터,204367,449119,"11200",성동구,"11200650",성수1가1동,38774
66FA72C189,서울 성동구 둘레5길 15,지성**,,서울 성동구,백반/가정식,성수,20081103,,37.5383634,127.0481919,success,성동구,A,골목상권,"3110128",성원중학교,204412,448741,"11200",성동구,"11200650",성수1가1동,247340
E23D8D8DEC,서울 성동구 둘레11길 26,우*,,서울 성동구,축산물,성수,20020715,,37.5376056,127.0531639,success,성동구,A,골목상권,"3110128",성원중학교,204412,448741,"11200",성동구,"11200650",성수1가1동,247340
9CAEFAC424,서울 성동구 뚝섬로 338.,뚝섬***,,서울 성동구,한식-육류/고기,성수,20080801,,37.5403005,127.0482724,success,성동구,A,골목상권,"3110128",성원중학교,204412,448741,"11200",성동구,"11200650",성수1가1동,247340
561E2A96EF,서울 성동구 성덕정길 25,영구********,피자5,서울 성동구,피자,,20010723,,37.5393158,127.0467156,success,성동구,A,골목상권,"3110128",성원중학교,204412,448741,"11200",성동구,"11200650",성수1가1동,247340
A54A81ABB2,서울 성동구 성덕정길 37,얼큰****,,서울 성동구,한식-냉면,성수,20060612,,37.5389535,127.0478279,success,성동구,A,골목상권,"3110128",성원중학교,204412,448741,"11200",성동구,"11200650",성수1가1동,247340
F43CAD08EC,서울 성동구 성덕정길 46,백두**,한식-단품요리일반6,서울 성동구,한식-단품요리일반,성수,20031009,,37.5384267,127.0486786,success,성동구,A,골목상권,"3110128",성원중학교,204412,448741,"11200",성동구,"11200650",성수1가1동,247340
F0892BD2A8,서울 성동구 성덕정길 75,옛날*****,,서울 성동구,한식-단품요리일반,성수,20101209,,37.5380806,127.0518065,success,성동구,A,골목상권,"3110128",성원중학교,204412,448741,"11200",성동구,"11200650",성수1가1동,247340
426E9843AA,서울 성동구 성덕정길 78,피자****,피자8,서울 성동구,피자,성수,20060906,,37.5378347,127.0520645,success,성동구,A,골목상권,"3110128",성원중학교,204412,448741,"11200",성동구,"11200650",성수1가1동,247340
90B44E35DE,서울 성동구 성덕정길 90,싱싱**,,서울 성동구,한식-해물/생선,성수,20050928,,37.537672,127.0534048,success,성동구,A,골목상권,"3110128",성원중학교,204412,448741,"11200",성동구,"11200650",성수1가1동,247340
8960400ECA,서울 성동구 성덕정길 91,떡마*,,서울 성동구,베이커리,성수,20070712,,37.5378403,127.053591,success,성동구,A,골목상권,"3110128",성원중학교,204412,448741,"11200",성동구,"11200650",성수1가1동,247340
66BFBD2ADE,서울 성동구 성덕정15길 5,강남***,,서울 성동구,한식-단품요리일반,성수,20090128,,37.5380941,127.0536406,success,성동구,A,골목상권,"3110128",성원중학교,204412,448741,"11200",성동구,"11200650",성수1가1동,247340
D6267FEEEA,서울 성동구 성덕정15길 5,숙영**,,서울 성동구,한식-단품요리일반,성수,20110411,,37.5380941,127.0536406,success,성동구,A,골목상권,"3110128",성원중학교,204412,448741,"11200",성동구,"11200650",성수1가1동,247340
B9BF272ED9,서울 성동구 성덕정15길 7,삼미*****,,서울 성동구,한식-국수/만두,성수,20130225,,37.5383048,127.0536418,success,성동구,A,골목상권,"3110128",성원중학교,204412,448741,"11200",성동구,"11200650",성수1가1동,247340
BEFFE2D107,서울 성동구 성덕정7길 13,홍보*,,서울 성동구,중식당,성수,20030307,,37.5391575,127.0497172,success,성동구,A,골목상권,"3110128",성원중학교,204412,448741,"11200",성동구,"11200650",성수1가1동,247340
641DC575A8,서울 성동구 성덕정9길 4.,미리*,,서울 성동구,백반/가정식,성수,20121123,,37.5386007,127.0496495,success,성동구,A,골목상권,"3110128",성원중학교,204412,448741,"11200",성동구,"11200650",성수1가1동,247340
2CA32048EF,서울 성동구 성덕정길 32.,오복**,,서울 성동구,떡/한과 제조,성수,20070823,,37.5389328,127.0471599,success,성동구,A,골목상권,"3110128",성원중학교,204412,448741,"11200",성동구,"11200650",성수1가1동,247340
2540E29770,서울 성동구 성덕정길 34.,홍도**,,서울 성동구,백반/가정식,성수,20150213,,37.5388314,127.0473533,success,성동구,A,골목상권,"3110128",성원중학교,204412,448741,"11200",성동구,"11200650",성수1가1동,247340
62968F5FF3,서울 성동구 성덕정길 40.,두근****,,서울 성동구,축산물,성수,20140625,,37.5386814,127.0479379,success,성동구,A,골목상권,"3110128",성원중학교,204412,448741,"11200",성동구,"11200650",성수1가1동,247340
A2E3C22A56,서울 성동구 성덕정길 53.,성연******,,서울 성동구,한식-국밥/설렁탕,성수,20111219,,37.5383881,127.0495476,success,성동구,A,골목상권,"3110128",성원중학교,204412,448741,"11200",성동구,"11200650",성수1가1동,247340
3DE26BC841,서울 성동구 성덕정길 56.,BH*****,치킨3,서울 성동구,치킨,성수,20150605,,37.5381163,127.0495721,success,성동구,A,골목상권,"3110128",성원중학교,204412,448741,"11200",성동구,"11200650",성수1가1동,247340
F305B5BE93,서울 성동구 성덕정길 59.,비비***,치킨2,서울 성동구,치킨,성수,20140609,,37.5382081,127.0501369,success,성동구,A,골목상권,"3110128",성원중학교,204412,448741,"11200",성동구,"11200650",성수1가1동,247340
E03321589B,서울 성동구 성덕정길 74.,앙심*****,,서울 성동구,한식-육류/고기,성수,20150527,,37.5379362,127.0516187,success,성동구,A,골목상권,"3110128",성원중학교,204412,448741,"11200",성동구,"11200650",성수1가1동,247340
6F0D9A7C86,서울 성동구 성덕정길 77.,압구**********,,서울 성동구,샌드위치/토스트,성수,20240725,,37.53808,127.0520155,success,성동구,A,골목상권,"3110128",성원중학교,204412,448741,"11200",성동구,"11200650",성수1가1동,247340
78BFAC9BF1,서울 성동구 뚝섬로 360-5.,왕십*****,,서울 성동구,한식-찌개/전골,성수,20140129,,37.5397277,127.050709,success,성동구,A,골목상권,"3110128",성원중학교,204412,448741,"11200",성동구,"11200650",성수1가1동,247340
A54C5C9D46,서울 성동구 뚝섬로4길 10.,덕수**,,서울 성동구,백반/가정식,성수,20001208,,37.5393308,127.0495732,success,성동구,A,골목상권,"3110128",성원중학교,204412,448741,"11200",성동구,"11200650",성수1가1동,247340
E9807AD4C2,서울 성동구 뚝섬로4길 11.,가마****,,서울 성동구,한식-해물/생선,성수,20081211,,37.5392791,127.0501041,success,성동구,A,골목상권,"3110128",성원중학교,204412,448741,"11200",성동구,"11200650",성수1가1동,247340
208B37B8E4,서울 성동구 성덕정15길 3.,대성*,,서울 성동구,백반/가정식,성수,20090216,,37.5379717,127.0536446,success,성동구,A,골목상권,"3110128",성원중학교,204412,448741,"11200",성동구,"11200650",성수1가1동,247340
2F255C75E1,서울 성동구 성덕정3길 12.,장수**,,서울 성동구,한식-국밥/설렁탕,성수,20090102,,37.5399732,127.0477667,success,성동구,A,골목상권,"3110128",성원중학교,204412,448741,"11200",성동구,"11200650",성수1가1동,247340
3E65F94B3C,서울 성동구 성덕정11길 22.,한남***********,,서울 성동구,요리주점,성수,20140814,,37.5390451,127.0535341,success,성동구,A,골목상권,"3110128",성원중학교,204412,448741,"11200",성동구,"11200650",성수1가1동,247340
56BE624635,서울 성동구 성덕정길 47-1.,찬찬*,,서울 성동구,한식-단품요리일반,성수,20150424,,37.5385735,127.0490226,success,성동구,A,골목상권,"3110128",성원중학교,204412,448741,"11200",성동구,"11200650",성수1가1동,247340
88E4663BB3,서울 성동구 성덕정길 48-1.,달라***,,서울 성동구,한식-단품요리일반,성수,20130703,,37.5383525,127.048944,success,성동구,A,골목상권,"3110128",성원중학교,204412,448741,"11200",성동구,"11200650",성수1가1동,247340
52FFF088FE,서울 성동구 성수이로3길 19,어랑**,,서울 성동구,한식-해물/생선,성수,20050329,,37.5373528,127.0524332,success,성동구,A,골목상권,"3110128",성원중학교,204412,448741,"11200",성동구,"11200650",성수1가1동,247340
9D343EC3C4,서울 성동구 성수이로3길 21,태상**,,서울 성동구,식품 제조,성수,20080314,,37.5375168,127.0523303,success,성동구,A,골목상권,"3110128",성원중학교,204412,448741,"11200",성동구,"11200650",성수1가1동,247340
81A9553F88,서울 성동구 성수이로5길 1.,굴*,,서울 성동구,카페,성수,20190227,,37.536296,127.0535679,success,성동구,A,골목상권,"3110128",성원중학교,204412,448741,"11200",성동구,"11200650",성수1가1동,247340
50A2E31DF5,서울특별시 성동구 둘레1길 2,해리****************,,서울 성동구,카페,,20210728,,37.5376463,127.0456051,success,성동구,A,골목상권,"3110128",성원중학교,204412,448741,"11200",성동구,"11200650",성수1가1동,247340
6FD404C819,서울특별시 성동구 둘레1길 12,가내*******,,서울 성동구,한식-육류/고기,,20200903,,37.5385404,127.0462099,success,성동구,A,골목상권,"3110128",성원중학교,204412,448741,"11200",성동구,"11200650",성수1가1동,247340
378C662D8E,서울특별시 성동구 둘레9길 17,빌라******************,,서울 성동구,카페,성수,20230703,,37.5376511,127.0509955,success,성동구,A,골목상권,"3110128",성원중학교,204412,448741,"11200",성동구,"11200650",성수1가1동,247340
885A9CCE76,서울특별시 성동구 둘레11길 26,모어******,,서울 성동구,와인바,성수,20210630,,37.5376056,127.0531639,success,성동구,A,골목상권,"3110128",성원중학교,204412,448741,"11200",성동구,"11200650",성수1가1동,247340
9194148F99,서울특별시 성동구 둘레9가길 9,도믹*,,서울 성동구,양식,성수,20190215,,37.5367038,127.0498104,success,성동구,A,골목상권,"3110128",성원중학교,204412,448741,"11200",성동구,"11200650",성수1가1동,247340
"0305234DDB",서울특별시 성동구 둘레9나길 7,이디**********,,서울 성동구,식료품,성수,20170830,,37.5371175,127.0510727,success,성동구,A,골목상권,"3110128",성원중학교,204412,448741,"11200",성동구,"11200650",성수1가1동,247340
FD2188337A,서울특별시 성동구 뚝섬로4길 5,한*,,서울 성동구,한식-육류/고기,성수,20180214,,37.539709,127.0498593,success,성동구,A,골목상권,"3110128",성원중학교,204412,448741,"11200",성동구,"11200650",성수1가1동,247340
E9D11C9FFC,서울특별시 성동구 성덕정3길 8,브와*,,서울 성동구,와인바,성수,20230622,,37.5395487,127.0476323,success,성동구,A,골목상권,"3110128",성원중학교,204412,448741,"11200",성동구,"11200650",성수1가1동,247340
1164A7B9D5,서울특별시 성동구 성덕정3길 8,성수****,,서울 성동구,햄버거,성수,20211008,,37.5395487,127.0476323,success,성동구,A,골목상권,"3110128",성원중학교,204412,448741,"11200",성동구,"11200650",성수1가1동,247340
3B758AC2A1,서울특별시 성동구 성덕정9길 3,성수**,,서울 성동구,분식,성수,20210910,,37.5386776,127.0494599,success,성동구,A,골목상권,"3110128",성원중학교,204412,448741,"11200",성동구,"11200650",성수1가1동,247340
1E6E98E3FB,서울특별시 성동구 성덕정9길 8,논스*****,,서울 성동구,샌드위치/토스트,성수,20181214,,37.5388439,127.0498229,success,성동구,A,골목상권,"3110128",성원중학교,204412,448741,"11200",성동구,"11200650",성수1가1동,247340
"09544ED347",서울특별시 성동구 성덕정9길 9,또*,,서울 성동구,포장마차,성수,20210309,,37.5390518,127.0496844,success,성동구,A,골목상권,"3110128",성원중학교,204412,448741,"11200",성동구,"11200650",성수1가1동,247340
DB3164F768,서울특별시 성동구 성덕정길 27,최가******,,서울 성동구,분식,,20220803,,37.5393223,127.0468566,success,성동구,A,골목상권,"3110128",성원중학교,204412,448741,"11200",성동구,"11200650",성수1가1동,247340
8E6C738921,서울특별시 성동구 성덕정길 27,네네**,치킨10,서울 성동구,치킨,,20171205,,37.5393223,127.0468566,success,성동구,A,골목상권,"3110128",성원중학교,204412,448741,"11200",성동구,"11200650",성수1가1동,247340
FD3AE857A6,서울특별시 성동구 성덕정길 32,후라*********,치킨40,서울 성동구,치킨,성수,20161012,,37.5389328,127.0471599,success,성동구,A,골목상권,"3110128",성원중학교,204412,448741,"11200",성동구,"11200650",성수1가1동,247340
"0E5900ADFC",서울특별시 성동구 성덕정길 39,성공*******,,서울 성동구,호프/맥주,성수,20200421,,37.538874,127.0480005,success,성동구,A,골목상권,"3110128",성원중학교,204412,448741,"11200",성동구,"11200650",성수1가1동,247340
857B7267B0,서울특별시 성동구 성덕정길 42,조프****,,서울 성동구,베이커리,성수,20190611,,37.5385485,127.0482218,success,성동구,A,골목상권,"3110128",성원중학교,204412,448741,"11200",성동구,"11200650",성수1가1동,247340
79D7D3DBF2,서울특별시 성동구 성덕정길 44,일*,,서울 성동구,한식-단품요리일반,성수,20201119,,37.5384958,127.0485149,success,성동구,A,골목상권,"3110128",성원중학교,204412,448741,"11200",성동구,"11200650",성수1가1동,247340
8ED8FEB618,서울특별시 성동구 성덕정길 47,기댈*,,서울 성동구,아이스크림/빙수,성수,20230522,,37.5386107,127.0488315,success,성동구,A,골목상권,"3110128",성원중학교,204412,448741,"11200",성동구,"11200650",성수1가1동,247340
699C421ABB,서울특별시 성동구 성덕정길 48,공릉**********,한식-국수/만두2,서울 성동구,한식-국수/만두,성수,20220204,,37.5383624,127.0488212,success,성동구,A,골목상권,"3110128",성원중학교,204412,448741,"11200",성동구,"11200650",성수1가1동,247340
B4760EE910,서울특별시 성동구 성덕정길 56,스태*,,서울 성동구,호프/맥주,성수,20230303,,37.5381163,127.0495721,success,성동구,A,골목상권,"3110128",성원중학교,204412,448741,"11200",성동구,"11200650",성수1가1동,247340
768E71CF20,서울특별시 성동구 성덕정길 57,플란**********,,서울 성동구,샌드위치/토스트,성수,20240805,,37.538273,127.0498598,success,성동구,A,골목상권,"3110128",성원중학교,204412,448741,"11200",성동구,"11200650",성수1가1동,247340
B90AD96CF9,서울특별시 성동구 성덕정길 63,맷*,,서울 성동구,양식,성수,20230411,,37.5380818,127.0506573,success,성동구,A,골목상권,"3110128",성원중학교,204412,448741,"11200",성동구,"11200650",성수1가1동,247340
51BEB72D68,서울특별시 성동구 성덕정길 65,국보*,,서울 성동구,백반/가정식,성수,20200228,,37.5381009,127.0508352,success,성동구,A,골목상권,"3110128",성원중학교,204412,448741,"11200",성동구,"11200650",성수1가1동,247340
8C96D7ED90,서울특별시 성동구 성덕정길 66,까사*****,,서울 성동구,카페,성수,20210901,,37.5379011,127.0508967,success,성동구,A,골목상권,"3110128",성원중학교,204412,448741,"11200",성동구,"11200650",성수1가1동,247340
CCAD277073,서울특별시 성동구 성덕정길 71,도깨*,,서울 성동구,룸살롱/단란주점,성수,20181121,,37.5381585,127.0513492,success,성동구,A,골목상권,"3110128",성원중학교,204412,448741,"11200",성동구,"11200650",성수1가1동,247340
248ED10705,서울특별시 성동구 성덕정길 75,타코***,,서울 성동구,이자카야,성수,20230802,,37.5380806,127.0518065,success,성동구,A,골목상권,"3110128",성원중학교,204412,448741,"11200",성동구,"11200650",성수1가1동,247340
9E02C6BC7C,서울특별시 성동구 성덕정길 76,쫄랑*****,,서울 성동구,일반 유흥주점,성수,20190813,,37.53787,127.0518904,success,성동구,A,골목상권,"3110128",성원중학교,204412,448741,"11200",성동구,"11200650",성수1가1동,247340
C8BFE622A5,서울특별시 성동구 성덕정길 78,앵무****,,서울 성동구,구내식당/푸드코트,성수,20230927,20250721,37.5378347,127.0520645,success,성동구,A,골목상권,"3110128",성원중학교,204412,448741,"11200",성동구,"11200650",성수1가1동,247340
"0DA8A07267",서울특별시 성동구 성덕정길 79,자애**,,서울 성동구,인삼제품,성수,20170517,,37.5380589,127.0525044,success,성동구,A,골목상권,"3110128",성원중학교,204412,448741,"11200",성동구,"11200650",성수1가1동,247340
1F803A0080,서울특별시 성동구 성덕정길 80,진식*,,서울 성동구,백반/가정식,성수,20200827,,37.5377739,127.052418,success,성동구,A,골목상권,"3110128",성원중학교,204412,448741,"11200",성동구,"11200650",성수1가1동,247340
7F2B4924B4,서울특별시 성동구 성덕정길 82,마블*****,,서울 성동구,축산물,성수,20240516,,37.5377702,127.0524811,success,성동구,A,골목상권,"3110128",성원중학교,204412,448741,"11200",성동구,"11200650",성수1가1동,247340
224FBAD80C,서울특별시 성동구 성덕정길 91,지수**,,서울 성동구,베이커리,성수,20200327,,37.5378403,127.053591,success,성동구,A,골목상권,"3110128",성원중학교,204412,448741,"11200",성동구,"11200650",성수1가1동,247340
355A49D07D,서울특별시 성동구 성덕정길 92,씨장*********,,서울 성동구,베이커리,성수,20240222,,37.5375385,127.0536004,success,성동구,A,골목상권,"3110128",성원중학교,204412,448741,"11200",성동구,"11200650",성수1가1동,247340
C53BCF7844,서울특별시 성동구 성덕정길 94,수제*****,,서울 성동구,한식-단품요리일반,성수,20230802,,37.5374948,127.0538979,success,성동구,A,골목상권,"3110128",성원중학교,204412,448741,"11200",성동구,"11200650",성수1가1동,247340
"0CD2370AA8",서울특별시 성동구 성수이로 23,호식**********,치킨38,서울 성동구,치킨,성수,20170727,,37.5373358,127.0540674,success,성동구,A,골목상권,"3110128",성원중학교,204412,448741,"11200",성동구,"11200650",성수1가1동,247340
E2D2AE237A,서울특별시 성동구 둘레9가길 23,태광**,,서울 성동구,농산물,성수,20180418,,37.5374111,127.0497164,success,성동구,A,골목상권,"3110128",성원중학교,204412,448741,"11200",성동구,"11200650",성수1가1동,247340
5F4E878B3F,서울특별시 성동구 둘레9가길 36,시골**,,서울 성동구,백반/가정식,성수,20180222,,37.5377894,127.0505294,success,성동구,A,골목상권,"3110128",성원중학교,204412,448741,"11200",성동구,"11200650",성수1가1동,247340
266F94FF9C,서울특별시 성동구 둘레9가길 36,최가**,,서울 성동구,한식-단품요리일반,성수,20210729,,37.5377894,127.0505294,success,성동구,A,골목상권,"3110128",성원중학교,204412,448741,"11200",성동구,"11200650",성수1가1동,247340
4C60EE6CA4,서울특별시 성동구 둘레9길 18-7,카페****,,서울 성동구,카페,성수,20240115,,37.5375958,127.0513336,success,성동구,A,골목상권,"3110128",성원중학교,204412,448741,"11200",성동구,"11200650",성수1가1동,247340
7036B6AC6E,서울특별시 성동구 성덕정13길 4,산약***,,서울 성동구,한식-육류/고기,성수,20190207,,37.5380968,127.0533993,success,성동구,A,골목상권,"3110128",성원중학교,204412,448741,"11200",성동구,"11200650",성수1가1동,247340
6B3F9F91EA,서울특별시 성동구 성덕정15길 3,빵양**,,서울 성동구,꼬치구이,성수,20241122,,37.5379717,127.0536446,success,성동구,A,골목상권,"3110128",성원중학교,204412,448741,"11200",성동구,"11200650",성수1가1동,247340
30262EF19E,서울특별시 성동구 성덕정9길 10,하이************,,서울 성동구,카페,성수,20240712,,37.5389944,127.0499414,success,성동구,A,골목상권,"3110128",성원중학교,204412,448741,"11200",성동구,"11200650",성수1가1동,247340
C4B2112114,서울특별시 성동구 뚝섬로 366-46,리브*,,서울 성동구,양식,성수,20211109,,37.53966,127.050825,success,성동구,A,골목상권,"3110128",성원중학교,204412,448741,"11200",성동구,"11200650",성수1가1동,247340
B4C8D0B6AD,서울특별시 성동구 성덕정11길 18,베티*,,서울 성동구,카페,성수,20210217,,37.5389603,127.0531838,success,성동구,A,골목상권,"3110128",성원중학교,204412,448741,"11200",성동구,"11200650",성수1가1동,247340
36E8832157,서울특별시 성동구 성덕정11길 20,행복****,,서울 성동구,한식-국수/만두,성수,20230405,,37.5389915,127.0532944,success,성동구,A,골목상권,"3110128",성원중학교,204412,448741,"11200",성동구,"11200650",성수1가1동,247340
31EC330DC9,서울특별시 성동구 성덕정3가길 1,회현*,,서울 성동구,백반/가정식,성수,20210310,,37.5399132,127.0477859,success,성동구,A,골목상권,"3110128",성원중학교,204412,448741,"11200",성동구,"11200650",성수1가1동,247340
CCE28D1338,서울특별시 성동구 성덕정3길 5-1,팔레*,,서울 성동구,백반/가정식,,20200106,,37.5395457,127.0473739,success,성동구,A,골목상권,"3110128",성원중학교,204412,448741,"11200",성동구,"11200650",성수1가1동,247340
"0E0486902E",서울특별시 성동구 성덕정3길 7-1,혼합**,,서울 성동구,한식-단품요리일반,,20190418,,37.5396954,127.0473947,success,성동구,A,골목상권,"3110128",성원중학교,204412,448741,"11200",성동구,"11200650",성수1가1동,247340
3574088A21,서울특별시 성동구 성덕정9가길 2,뵈르************,,서울 성동구,식료품,성수,20210317,,37.5394462,127.0502127,success,성동구,A,골목상권,"3110128",성원중학교,204412,448741,"11200",성동구,"11200650",성수1가1동,247340
E82E2D91C7,서울특별시 성동구 성덕정9가길 2,벌스*********************,,서울 성동구,식료품,성수,20230725,,37.5394462,127.0502127,success,성동구,A,골목상권,"3110128",성원중학교,204412,448741,"11200",성동구,"11200650",성수1가1동,247340
44A9291640,서울특별시 성동구 성덕정9가길 2,후프***************,,서울 성동구,커피전문점,성수,20210504,,37.5394462,127.0502127,success,성동구,A,골목상권,"3110128",성원중학교,204412,448741,"11200",성동구,"11200650",성수1가1동,247340
9B6F07D54C,서울특별시 성동구 성덕정9가길 2,강진*****,,서울 성동구,한식-육류/고기,성수,20230918,,37.5394462,127.0502127,success,성동구,A,골목상권,"3110128",성원중학교,204412,448741,"11200",성동구,"11200650",성수1가1동,247340
932E799577,서울특별시 성동구 성덕정9가길 6,룸템****,,서울 성동구,양식,성수,20241010,,37.5392681,127.0505205,success,성동구,A,골목상권,"3110128",성원중학교,204412,448741,"11200",성동구,"11200650",성수1가1동,247340
ED1FCA35E8,서울특별시 성동구 성덕정길 52-1,레드*********,,서울 성동구,양식,성수,20201224,,37.5382579,127.0492406,success,성동구,A,골목상권,"3110128",성원중학교,204412,448741,"11200",성동구,"11200650",성수1가1동,247340
3C16CE8803,서울특별시 성동구 성덕정길 72-4,순심**,,서울 성동구,백반/가정식,성수,20181023,,37.537859,127.0514183,success,성동구,A,골목상권,"3110128",성원중학교,204412,448741,"11200",성동구,"11200650",성수1가1동,247340
9D2CF29F75,서울특별시 성동구 성덕정길 72-4,시크******,,서울 성동구,일반 유흥주점,성수,20201014,,37.537859,127.0514183,success,성동구,A,골목상권,"3110128",성원중학교,204412,448741,"11200",성동구,"11200650",성수1가1동,247340
EB036FFB76,서울특별시 성동구 성덕정길 74-1,교동*,,서울 성동구,식료품,성수,20170707,,37.5379375,127.0517536,success,성동구,A,골목상권,"3110128",성원중학교,204412,448741,"11200",성동구,"11200650",성수1가1동,247340
452E7CAA14,서울특별시 성동구 성덕정길 82-1,작*,,서울 성동구,일식당,성수,20200619,,37.5377767,127.0525642,success,성동구,A,골목상권,"3110128",성원중학교,204412,448741,"11200",성동구,"11200650",성수1가1동,247340
BB15AB32DE,서울특별시 성동구 성덕정길 82-1,이안**,,서울 성동구,백반/가정식,성수,20220627,,37.5377767,127.0525642,success,성동구,A,골목상권,"3110128",성원중학교,204412,448741,"11200",성동구,"11200650",성수1가1동,247340
2604CC295C,서울특별시 성동구 성덕정길 90-1,분식***,,서울 성동구,분식,성수,20231115,,37.5376308,127.0535208,success,성동구,A,골목상권,"3110128",성원중학교,204412,448741,"11200",성동구,"11200650",성수1가1동,247340
"7679418849",서울특별시 성동구 성덕정길 92-2,플록******,,서울 성동구,한식-단품요리일반,성수,20210423,,37.5375703,127.0537797,success,성동구,A,골목상권,"3110128",성원중학교,204412,448741,"11200",성동구,"11200650",성수1가1동,247340
90D9F5AEB2,서울특별시 성동구 성덕정15길 5-1,성수***,,서울 성동구,와인바,성수,20220502,,37.5381801,127.0536405,success,성동구,A,골목상권,"3110128",성원중학교,204412,448741,"11200",성동구,"11200650",성수1가1동,247340
2EBD1956DE,서울특별시 성동구 성덕정3길 10-1,성수******,,서울 성동구,분식,성수,20220221,,37.5398194,127.0476934,success,성동구,A,골목상권,"3110128",성원중학교,204412,448741,"11200",성동구,"11200650",성수1가1동,247340
44EEDD0526,서울특별시 성동구 성수이로3길 23,성수*****,아이스크림/빙수4,서울 성동구,아이스크림/빙수,성수,20210527,,37.5377182,127.0521782,success,성동구,A,골목상권,"3110128",성원중학교,204412,448741,"11200",성동구,"11200650",성수1가1동,247340
D529C1154C,서울특별시 성동구 성덕정11길 5-12,새들**********,,서울 성동구,샌드위치/토스트,성수,20240729,,37.5386899,127.0519793,success,성동구,A,골목상권,"3110128",성원중학교,204412,448741,"11200",성동구,"11200650",성수1가1동,247340
A0EB1A75A7,서울특별시 성동구 성덕정11길 5-12,새들*****************,,서울 성동구,한식-단품요리일반,성수,20210203,20240729,37.5386899,127.0519793,success,성동구,A,골목상권,"3110128",성원중학교,204412,448741,"11200",성동구,"11200650",성수1가1동,247340
"0EED6D3006",서울특별시 성동구 성덕정15길 13-1,성수*,,서울 성동구,백반/가정식,성수,20230816,,37.5388941,127.053644,success,성동구,A,골목상권,"3110128",성원중학교,204412,448741,"11200",성동구,"11200650",성수1가1동,247340
5B0E07A8BA,서울특별시 성동구 성수이로3길 10-1,성수******************,,서울 성동구,카페,성수,20230912,,37.5367025,127.0531377,success,성동구,A,골목상권,"3110128",성원중학교,204412,448741,"11200",성동구,"11200650",성수1가1동,247340
3DEF9DCDB9,서울 성동구 아차산로 6,김밥**,분식4,서울 성동구,분식,뚝섬,20060427,,37.5463387,127.0535209,success,성동구,R,전통시장,"3130071",성수역 골목형상점가,204684,449660,"11200",성동구,"11200690",성수2가3동,10659
6FC1133E9A,서울 성동구 성수일로10길 26.,예바*,,서울 성동구,한식-단품요리일반,성수,20140725,,37.5466732,127.0529269,success,성동구,R,전통시장,"3130071",성수역 골목형상점가,204684,449660,"11200",성동구,"11200690",성수2가3동,10659
62EF38C706,서울특별시 성동구 아차산로 6,라바******,,서울 성동구,카페,뚝섬,20231205,,37.5463387,127.0535209,success,성동구,R,전통시장,"3130071",성수역 골목형상점가,204684,449660,"11200",성동구,"11200690",성수2가3동,10659
3F3F64EAED,서울특별시 성동구 아차산로 18,어묵******,,서울 성동구,식료품,뚝섬,20220706,,37.5463387,127.0535209,success,성동구,R,전통시장,"3130071",성수역 골목형상점가,204684,449660,"11200",성동구,"11200690",성수2가3동,10659
12F2E42AEC,서울특별시 성동구 성수일로10길 26,일상**,,서울 성동구,일식당,성수,20231205,,37.5466732,127.0529269,success,성동구,R,전통시장,"3130071",성수역 골목형상점가,204684,449660,"11200",성동구,"11200690",성수2가3동,10659
EE6A4602A2,서울특별시 성동구 성수일로10길 26,탕화******,,서울 성동구,중식당,성수,20191023,,37.5466732,127.0529269,success,성동구,R,전통시장,"3130071",성수역 골목형상점가,204684,449660,"11200",성동구,"11200690",성수2가3동,10659
D3A976635B,서울특별시 성동구 성수일로10길 26,천미*,,서울 성동구,중식당,성수,20240531,,37.5466732,127.0529269,success,성동구,R,전통시장,"3130071",성수역 골목형상점가,204684,449660,"11200",성동구,"11200690",성수2가3동,10659
9F42371A46,서울특별시 성동구 성수일로10길 26,커피**********,커피전문점8,서울 성동구,커피전문점,성수,20190107,,37.5466732,127.0529269,success,성동구,R,전통시장,"3130071",성수역 골목형상점가,204684,449660,"11200",성동구,"11200690",성수2가3동,10659
3AC0517B5B,서울특별시 성동구 성수일로10길 26,미분*****,,서울 성동구,기타세계요리,성수,20230613,,37.5466732,127.0529269,success,성동구,R,전통시장,"3130071",성수역 골목형상점가,204684,449660,"11200",성동구,"11200690",성수2가3동,10659
64DAA985AE,서울특별시 성동구 성수일로10길 26,복준*,,서울 성동구,한식-국수/만두,성수,20240412,,37.5466732,127.0529269,success,성동구,R,전통시장,"3130071",성수역 골목형상점가,204684,449660,"11200",성동구,"11200690",성수2가3동,10659
E6A2D6AB86,서울특별시 성동구 성수일로10길 26,복*,,서울 성동구,한식-육류/고기,성수,20200507,,37.5466732,127.0529269,success,성동구,R,전통시장,"3130071",성수역 골목형상점가,204684,449660,"11200",성동구,"11200690",성수2가3동,10659
8B1D7FD077,서울특별시 성동구 성수일로10길 26,찐미****,,서울 성동구,한식-육류/고기,성수,20210824,,37.5466732,127.0529269,success,성동구,R,전통시장,"3130071",성수역 골목형상점가,204684,449660,"11200",성동구,"11200690",성수2가3동,10659
"050A4E0A6D",서울특별시 성동구 성수일로10길 26,사거****,,서울 성동구,한식-찌개/전골,성수,20240408,,37.5466732,127.0529269,success,성동구,R,전통시장,"3130071",성수역 골목형상점가,204684,449660,"11200",성동구,"11200690",성수2가3동,10659
30888E19A2,서울특별시 성동구 성수일로10길 26,샐러*****,한식-단품요리일반8,서울 성동구,한식-단품요리일반,성수,20210610,,37.5466732,127.0529269,success,성동구,R,전통시장,"3130071",성수역 골목형상점가,204684,449660,"11200",성동구,"11200690",성수2가3동,10659
224AE94A24,서울  성동구  상원12길,예*,,서울 성동구,백반/가정식,뚝섬,20121022,,37.5503347,127.0496138,success,성동구,A,골목상권,"3110129",성원어린이공원,204438,450088,"11200",성동구,"11200660",성수1가2동,70693
9EE29A7918,서울 성동구 상원12길 12,강북**,,서울 성동구,수산물,뚝섬,20140225,,37.5504033,127.0490057,success,성동구,A,골목상권,"3110129",성원어린이공원,204438,450088,"11200",성동구,"11200660",성수1가2동,70693
61A3133822,서울 성동구 상원12길 19.,낫띵***,,서울 성동구,카페,뚝섬,20200615,,37.5507312,127.0498141,success,성동구,A,골목상권,"3110129",성원어린이공원,204438,450088,"11200",성동구,"11200660",성수1가2동,70693
F64BE13740,서울 성동구 상원12길 30.,성수*******************,,서울 성동구,한식-찌개/전골,뚝섬,20070829,,37.5500416,127.0506325,success,성동구,A,골목상권,"3110129",성원어린이공원,204438,450088,"11200",성동구,"11200660",성수1가2동,70693
1F0AAE3EBE,서울 성동구 성수일로 99.,윤*,,서울 성동구,일식-덮밥/돈가스,뚝섬,20191211,,37.5493916,127.0512067,success,성동구,A,골목상권,"3110129",성원어린이공원,204438,450088,"11200",성동구,"11200660",성수1가2동,70693
9F5EE1AC15,서울 성동구 상원10다길 10,킴스**,,서울 성동구,치킨,뚝섬,20010523,,37.5497993,127.0488988,success,성동구,A,골목상권,"3110129",성원어린이공원,204438,450088,"11200",성동구,"11200660",성수1가2동,70693
942B127362,서울 성동구 상원10길 13-1.,집*,,서울 성동구,백반/가정식,뚝섬,20060914,,37.5496929,127.0492905,success,성동구,A,골목상권,"3110129",성원어린이공원,204438,450088,"11200",성동구,"11200660",성수1가2동,70693
2716FFD10A,서울 성동구 상원12길 20-14.,소울*************************,,서울 성동구,커피전문점,뚝섬,20171120,,37.5503346,127.049814,success,성동구,A,골목상권,"3110129",성원어린이공원,204438,450088,"11200",성동구,"11200660",성수1가2동,70693
8BA83008CB,서울 성동구 성수일로11길 8.,주식******,,서울 성동구,커피전문점,뚝섬,20161104,,37.5491335,127.0507064,success,성동구,A,골목상권,"3110129",성원어린이공원,204438,450088,"11200",성동구,"11200660",성수1가2동,70693
274F7C9F52,서울 성동구 성수일로11길 10.,H커*****,,서울 성동구,커피전문점,뚝섬,20140529,,37.5491831,127.0505733,success,성동구,A,골목상권,"3110129",성원어린이공원,204438,450088,"11200",성동구,"11200660",성수1가2동,70693
E06F67F152,서울특별시 성동구 상원10길 9,현*,,서울 성동구,이자카야,뚝섬,20171212,,37.5495361,127.0489799,success,성동구,A,골목상권,"3110129",성원어린이공원,204438,450088,"11200",성동구,"11200660",성수1가2동,70693
C078C96A10,서울특별시 성동구 상원10길 23,피카***,,서울 성동구,카페,뚝섬,20210409,,37.5502773,127.050327,success,성동구,A,골목상권,"3110129",성원어린이공원,204438,450088,"11200",성동구,"11200660",성수1가2동,70693
F1A9A57B7B,서울특별시 성동구 상원10길 25,먼데******************,,서울 성동구,양식,뚝섬,20231114,,37.5503239,127.0504117,success,성동구,A,골목상권,"3110129",성원어린이공원,204438,450088,"11200",성동구,"11200660",성수1가2동,70693
CD4D9C986E,서울특별시 성동구 상원10길 25,르셀*******,,서울 성동구,베이커리,뚝섬,20220518,,37.5503239,127.0504117,success,성동구,A,골목상권,"3110129",성원어린이공원,204438,450088,"11200",성동구,"11200660",성수1가2동,70693
312F1E6B7B,서울특별시 성동구 상원12길 19,에이*********,,서울 성동구,카페,뚝섬,20221013,,37.5507312,127.0498141,success,성동구,A,골목상권,"3110129",성원어린이공원,204438,450088,"11200",성동구,"11200660",성수1가2동,70693
670C37D448,서울특별시 성동구 상원12길 28,김밥**,,서울 성동구,분식,뚝섬,20210615,,37.5503702,127.0504938,success,성동구,A,골목상권,"3110129",성원어린이공원,204438,450088,"11200",성동구,"11200660",성수1가2동,70693
E474B338BD,서울특별시 성동구 상원12길 30,레스***********,,서울 성동구,카페,뚝섬,20210712,,37.5500416,127.0506325,success,성동구,A,골목상권,"3110129",성원어린이공원,204438,450088,"11200",성동구,"11200660",성수1가2동,70693
89DFC2D95C,서울특별시 성동구 상원12길 30,성일**,,서울 성동구,백반/가정식,뚝섬,20220718,,37.5500416,127.0506325,success,성동구,A,골목상권,"3110129",성원어린이공원,204438,450088,"11200",성동구,"11200660",성수1가2동,70693
57C7DFB21A,서울특별시 성동구 상원12길 30,성수*,,서울 성동구,동남아/인도음식,뚝섬,20240823,,37.5500416,127.0506325,success,성동구,A,골목상권,"3110129",성원어린이공원,204438,450088,"11200",성동구,"11200660",성수1가2동,70693
9A4D14C1AA,서울특별시 성동구 상원12길 34,60*******,치킨1,서울 성동구,치킨,뚝섬,20220518,,37.5496078,127.0505749,success,성동구,A,골목상권,"3110129",성원어린이공원,204438,450088,"11200",성동구,"11200660",성수1가2동,70693
39C80568CC,서울특별시 성동구 상원12길 34,안*,,서울 성동구,한식-육류/고기,뚝섬,20241017,,37.5496078,127.0505749,success,성동구,A,골목상권,"3110129",성원어린이공원,204438,450088,"11200",성동구,"11200660",성수1가2동,70693
C7F49C4961,서울특별시 성동구 성수일로 89,제이*,,서울 성동구,카페,뚝섬,20171018,,37.5484661,127.0508089,success,성동구,A,골목상권,"3110129",성원어린이공원,204438,450088,"11200",성동구,"11200660",성수1가2동,70693
510366DAA4,서울특별시 성동구 성수일로 95,일차**,,서울 성동구,백반/가정식,뚝섬,20230628,,37.5488407,127.0511589,success,성동구,A,골목상권,"3110129",성원어린이공원,204438,450088,"11200",성동구,"11200660",성수1가2동,70693
"04A4FBD34D",서울특별시 성동구 성수일로 95,턴업********,,서울 성동구,한식-단품요리일반,뚝섬,20210325,,37.5488407,127.0511589,success,성동구,A,골목상권,"3110129",성원어린이공원,204438,450088,"11200",성동구,"11200660",성수1가2동,70693
5A9FD5F5CD,서울특별시 성동구 성수일로 99,김밥**,분식4,서울 성동구,분식,뚝섬,20191122,,37.5493916,127.0512067,success,성동구,A,골목상권,"3110129",성원어린이공원,204438,450088,"11200",성동구,"11200660",성수1가2동,70693
55D6CC671E,서울특별시 성동구 성수일로 99,아로**,,서울 성동구,백반/가정식,뚝섬,20230330,,37.5493916,127.0512067,success,성동구,A,골목상권,"3110129",성원어린이공원,204438,450088,"11200",성동구,"11200660",성수1가2동,70693
590A329DB9,서울특별시 성동구 성수일로 99,소유*****,,서울 성동구,한식-단품요리일반,뚝섬,20241011,,37.5493916,127.0512067,success,성동구,A,골목상권,"3110129",성원어린이공원,204438,450088,"11200",성동구,"11200660",성수1가2동,70693
25B6936E82,서울특별시 성동구 성수일로 111,쇼콜****,,서울 성동구,식료품,뚝섬,20231127,,37.5502733,127.0515434,success,성동구,A,골목상권,"3110129",성원어린이공원,204438,450088,"11200",성동구,"11200660",성수1가2동,70693
4A01501171,서울특별시 성동구 성수일로 111,커피************,,서울 성동구,커피전문점,뚝섬,20240531,,37.5502733,127.0515434,success,성동구,A,골목상권,"3110129",성원어린이공원,204438,450088,"11200",성동구,"11200660",성수1가2동,70693
613B8B6375,서울특별시 성동구 상원12길 24-1,그라*****,,서울 성동구,커피전문점,뚝섬,20200810,,37.550539,127.0502928,success,성동구,A,골목상권,"3110129",성원어린이공원,204438,450088,"11200",성동구,"11200660",성수1가2동,70693
CE70A9427E,서울특별시 성동구 성수일로11길 10,바인*********,,서울 성동구,일반 유흥주점,뚝섬,20220414,,37.5491831,127.0505733,success,성동구,A,골목상권,"3110129",성원어린이공원,204438,450088,"11200",성동구,"11200660",성수1가2동,70693
DF5E6C949C,서울특별시 성동구 성수일로11길 6-1,소바*,,서울 성동구,한식-해물/생선,뚝섬,20170320,,37.5489881,127.0507785,success,성동구,A,골목상권,"3110129",성원어린이공원,204438,450088,"11200",성동구,"11200660",성수1가2동,70693
995EDF27A3,서울  성동구  성수2가3동,파리*********,베이커리10,서울 성동구,베이커리,성수,20030624,,37.5482051,127.0552403,success,성동구,A,골목상권,"3110132",성수2가3동주민센터,204767,449989,"11200",성동구,"11200690",성수2가3동,76450
8219FA9E99,서울  성동구  성수2가3동,동맛******,,서울 성동구,한식-국수/만두,성수,20071220,,37.5482051,127.0552403,success,성동구,A,골목상권,"3110132",성수2가3동주민센터,204767,449989,"11200",성동구,"11200690",성수2가3동,76450
A117CDA53E,서울  성동구  성수2가3동,옛골***,,서울 성동구,한식-단품요리일반,성수,19900228,,37.5482051,127.0552403,success,성동구,A,골목상권,"3110132",성수2가3동주민센터,204767,449989,"11200",성동구,"11200690",성수2가3동,76450
6624D7D635,서울 성동구 아차산로7길 41,아름**,,서울 성동구,식료품,성수,20070921,,37.548884,127.0555983,success,성동구,A,골목상권,"3110132",성수2가3동주민센터,204767,449989,"11200",성동구,"11200690",성수2가3동,76450
F2E74AE874,서울 성동구 아차산로7길 42.,리슨***,,서울 성동구,베이커리,성수,20161019,,37.548653,127.055858,success,성동구,A,골목상권,"3110132",성수2가3동주민센터,204767,449989,"11200",성동구,"11200690",성수2가3동,76450
"055EDDDD01",서울 성동구 광나루로 240-20.,이현*****,,서울 성동구,한식-단품요리일반,뚝섬,20200626,,37.5488883,127.0561232,success,성동구,A,골목상권,"3110132",성수2가3동주민센터,204767,449989,"11200",성동구,"11200690",성수2가3동,76450
7825F19A1A,서울 성동구 광나루로4길 8-1.,쁘띠**,,서울 성동구,베이커리,성수,20140714,,37.5495925,127.0537422,success,성동구,A,골목상권,"3110132",성수2가3동주민센터,204767,449989,"11200",성동구,"11200690",성수2가3동,76450
DC88E0D1FD,서울 성동구 성수일로12길 23.,리틀****,,서울 성동구,양식,성수,20160721,,37.5483246,127.0537221,success,성동구,A,골목상권,"3110132",성수2가3동주민센터,204767,449989,"11200",성동구,"11200690",성수2가3동,76450
F24F0E217A,서울 성동구 광나루로4가길 24.,피어***,,서울 성동구,커피전문점,성수,20131030,,37.5489186,127.0548742,success,성동구,A,골목상권,"3110132",성수2가3동주민센터,204767,449989,"11200",성동구,"11200690",성수2가3동,76450
BF12B3B125,서울 성동구 광나루로4가길 33.,성동**,,서울 성동구,식료품,성수,20121008,,37.548783,127.0555427,success,성동구,A,골목상권,"3110132",성수2가3동주민센터,204767,449989,"11200",성동구,"11200690",성수2가3동,76450
B6B42FF4A3,서울 성동구 성수일로12길 15-1,광주**,,서울 성동구,백반/가정식,성수,20130528,,37.5486314,127.0530793,success,성동구,A,골목상권,"3110132",성수2가3동주민센터,204767,449989,"11200",성동구,"11200690",성수2가3동,76450
7670A96873,서울 성동구 성수일로12길 19-1,성수**,,서울 성동구,백반/가정식,성수,20010723,,37.5484304,127.0534454,success,성동구,A,골목상권,"3110132",성수2가3동주민센터,204767,449989,"11200",성동구,"11200690",성수2가3동,76450
62DCAD38F6,서울특별시 성동구 광나루로4길 12,어커*******,,서울 성동구,카페,성수,20210602,,37.5493674,127.0534012,success,성동구,A,골목상권,"3110132",성수2가3동주민센터,204767,449989,"11200",성동구,"11200690",성수2가3동,76450
44A595A22B,서울특별시 성동구 아차산로5길 33,미듬**,,서울 성동구,한식뷔페,성수,20240718,,37.5484421,127.0538656,success,성동구,A,골목상권,"3110132",성수2가3동주민센터,204767,449989,"11200",성동구,"11200690",성수2가3동,76450
4D639B5299,서울특별시 성동구 아차산로7길 41,레드***,,서울 성동구,양식,성수,20220705,,37.548884,127.0555983,success,성동구,A,골목상권,"3110132",성수2가3동주민센터,204767,449989,"11200",성동구,"11200690",성수2가3동,76450
AAC0448147,서울특별시 성동구 아차산로7길 41,호담****,,서울 성동구,한식-국밥/설렁탕,성수,20240802,,37.548884,127.0555983,success,성동구,A,골목상권,"3110132",성수2가3동주민센터,204767,449989,"11200",성동구,"11200690",성수2가3동,76450
F8BB3FFD0D,서울특별시 성동구 아차산로7길 43,슈퍼**,,서울 성동구,한식-육류/고기,성수,20210719,,37.5489934,127.0557524,success,성동구,A,골목상권,"3110132",성수2가3동주민센터,204767,449989,"11200",성동구,"11200690",성수2가3동,76450
80839BC327,서울특별시 성동구 광나루로4가길 5,윕W****,,서울 성동구,와인바,성수,20200917,,37.5495981,127.0543622,success,성동구,A,골목상권,"3110132",성수2가3동주민센터,204767,449989,"11200",성동구,"11200690",성수2가3동,76450
"019E31E4C6",서울특별시 성동구 광나루로4길 4-1,엔엠*,,서울 성동구,양식,성수,20220325,,37.5498242,127.0540321,success,성동구,A,골목상권,"3110132",성수2가3동주민센터,204767,449989,"11200",성동구,"11200690",성수2가3동,76450
F4BEB03DA2,서울특별시 성동구 성수일로12길 17,어피*****,,서울 성동구,카페,성수,20221031,,37.5485672,127.0531972,success,성동구,A,골목상권,"3110132",성수2가3동주민센터,204767,449989,"11200",성동구,"11200690",성수2가3동,76450
6B61E9F331,서울특별시 성동구 성수일로12길 21,어퍼************,,서울 성동구,카페,성수,20220331,,37.548396,127.053607,success,성동구,A,골목상권,"3110132",성수2가3동주민센터,204767,449989,"11200",성동구,"11200690",성수2가3동,76450
C508123D9A,서울특별시 성동구 성수일로12길 23,전자*,,서울 성동구,중식당,성수,20170731,,37.5483246,127.0537221,success,성동구,A,골목상권,"3110132",성수2가3동주민센터,204767,449989,"11200",성동구,"11200690",성수2가3동,76450
F8A788D183,서울특별시 성동구 광나루로4가길 13,본지*****,,서울 성동구,카페,성수,20240118,,37.5493455,127.054661,success,성동구,A,골목상권,"3110132",성수2가3동주민센터,204767,449989,"11200",성동구,"11200690",성수2가3동,76450
7D42A19B65,서울특별시 성동구 광나루로4가길 13,본지*****,,서울 성동구,베이커리,성수,20231019,,37.5493455,127.054661,success,성동구,A,골목상권,"3110132",성수2가3동주민센터,204767,449989,"11200",성동구,"11200690",성수2가3동,76450
10BF2110CC,서울특별시 성동구 광나루로4길 1-10,올드*********,,서울 성동구,커피전문점,성수,20240805,,37.5496774,127.0544739,success,성동구,A,골목상권,"3110132",성수2가3동주민센터,204767,449989,"11200",성동구,"11200690",성수2가3동,76450
FA4EC253FD,서울특별시 성동구 광나루로4길 1-16,우오*******,,서울 성동구,양식,성수,20210428,,37.5495681,127.054601,success,성동구,A,골목상권,"3110132",성수2가3동주민센터,204767,449989,"11200",성동구,"11200690",성수2가3동,76450
8A9ADB6743,서울특별시 성동구 광나루로4길 1-16,우오*****,,서울 성동구,양식,성수,20240610,,37.5495681,127.054601,success,성동구,A,골목상권,"3110132",성수2가3동주민센터,204767,449989,"11200",성동구,"11200690",성수2가3동,76450
6B7B1EE6FA,서울특별시 성동구 아차산로7길 42-1,온유*****,,서울 성동구,카페,성수,20220203,,37.5487889,127.0559143,success,성동구,A,골목상권,"3110132",성수2가3동주민센터,204767,449989,"11200",성동구,"11200690",성수2가3동,76450
225DC4C12C,서울특별시 성동구 성수일로12길 19-1,카페***,,서울 성동구,카페,성수,20200707,,37.5484304,127.0534454,success,성동구,A,골목상권,"3110132",성수2가3동주민센터,204767,449989,"11200",성동구,"11200690",성수2가3동,76450
B977CB2FBC,서울 성동구 광나루로 287,싸리*,,서울 성동구,한식-육류/고기,,20021227,,37.5483597,127.0616826,success,성동구,A,골목상권,"3110135",성동세무서,205254,449984,"11200",성동구,"11200720",송정동,136762
88714937FD,서울 성동구 광나루로 289,닭한*****,,서울 성동구,한식-국수/만두,,20010726,,37.5483431,127.0619529,success,성동구,A,골목상권,"3110135",성동세무서,205254,449984,"11200",성동구,"11200720",송정동,136762
923C5B0B85,서울 성동구 광나루로 307.,문화****,,서울 성동구,중식당,,20060315,,37.5483866,127.0640216,success,성동구,A,골목상권,"3110135",성동세무서,205254,449984,"11200",성동구,"11200720",송정동,136762
85D8F9D9BB,서울 성동구 광나루로 319.,불백***,,서울 성동구,백반/가정식,,20131126,,37.5483976,127.0652635,success,성동구,A,골목상권,"3110135",성동세무서,205254,449984,"11200",성동구,"11200720",송정동,136762
97852377C5,서울 성동구 광나루로 323.,왕호***,,서울 성동구,치킨,,20130213,,37.5484318,127.0656747,success,성동구,A,골목상권,"3110135",성동세무서,205254,449984,"11200",성동구,"11200720",송정동,136762
6B516F9C6C,서울 성동구 광나루로9길 3,골목**,,서울 성동구,백반/가정식,,20100428,,37.5485248,127.0636814,success,성동구,A,골목상권,"3110135",성동세무서,205254,449984,"11200",성동구,"11200720",송정동,136762
2257171AD9,서울 성동구 광나루로11길 3,석천*******,,서울 성동구,한식-국밥/설렁탕,,20160513,,37.5485306,127.0653287,success,성동구,A,골목상권,"3110135",성동세무서,205254,449984,"11200",성동구,"11200720",송정동,136762
E7EF031D24,서울특별시 성동구 송정길 22,비가*,,서울 성동구,카페,,20201019,,37.5485309,127.0623422,success,성동구,A,골목상권,"3110135",성동세무서,205254,449984,"11200",성동구,"11200720",송정동,136762
AE54B681DC,서울특별시 성동구 송정길 40,스위****,,서울 성동구,카페,,20240409,,37.5491952,127.0641902,success,성동구,A,골목상권,"3110135",성동세무서,205254,449984,"11200",성동구,"11200720",송정동,136762
D3A10D3E66,서울특별시 성동구 송정4길 10,하루**,,서울 성동구,한식-단품요리일반,,20240628,,37.5489598,127.0652741,success,성동구,A,골목상권,"3110135",성동세무서,205254,449984,"11200",성동구,"11200720",송정동,136762
B3DAD00A6C,서울특별시 성동구 광나루로 229,서브***********************,,서울 성동구,카페,성수,20240923,,37.5500205,127.055668,success,성동구,A,골목상권,"3110135",성동세무서,205254,449984,"11200",성동구,"11200720",송정동,136762
F200A12359,서울특별시 성동구 광나루로 233,신가*,,서울 성동구,한식-단품요리일반,성수,20230802,20250821,37.5497757,127.056015,success,성동구,A,골목상권,"3110135",성동세무서,205254,449984,"11200",성동구,"11200720",송정동,136762
203FEED90F,서울특별시 성동구 광나루로 289,당*,,서울 성동구,한식-단품요리일반,,20240416,,37.5483431,127.0619529,success,성동구,A,골목상권,"3110135",성동세무서,205254,449984,"11200",성동구,"11200720",송정동,136762
544E8A51CC,서울특별시 성동구 광나루로 291,김앤*,,서울 성동구,분식,,20170911,,37.5483236,127.0622523,success,성동구,A,골목상권,"3110135",성동세무서,205254,449984,"11200",성동구,"11200720",송정동,136762
A50A5265C1,서울특별시 성동구 광나루로 291,스윗***,,서울 성동구,카페,,20221201,,37.5483236,127.0622523,success,성동구,A,골목상권,"3110135",성동세무서,205254,449984,"11200",성동구,"11200720",송정동,136762
9E0BA26F39,서울특별시 성동구 광나루로 313,해*,,서울 성동구,한식-해물/생선,,20171211,,37.5483621,127.0645195,success,성동구,A,골목상권,"3110135",성동세무서,205254,449984,"11200",성동구,"11200720",송정동,136762
893B7A1CDB,서울특별시 성동구 광나루로 315,왕분*,,서울 성동구,분식,,20240823,,37.5483625,127.064827,success,성동구,A,골목상권,"3110135",성동세무서,205254,449984,"11200",성동구,"11200720",송정동,136762
ADE05152B3,서울특별시 성동구 광나루로 323,빵*,,서울 성동구,일반 유흥주점,,20241002,,37.5484318,127.0656747,success,성동구,A,골목상권,"3110135",성동세무서,205254,449984,"11200",성동구,"11200720",송정동,136762
B00E0D8C60,서울특별시 성동구 광나루로 325,족발*********,한식-육류/고기23,서울 성동구,한식-육류/고기,,20210209,,37.5484321,127.0659141,success,성동구,A,골목상권,"3110135",성동세무서,205254,449984,"11200",성동구,"11200720",송정동,136762
5257313CF4,서울특별시 성동구 광나루로9길 2,본*,,서울 성동구,떡/한과,,20221013,,37.5484787,127.0639279,success,성동구,A,골목상권,"3110135",성동세무서,205254,449984,"11200",성동구,"11200720",송정동,136762
F8CF4EB923,서울특별시 성동구 광나루로9길 2,우리**,,서울 성동구,백반/가정식,,20170608,,37.5484787,127.0639279,success,성동구,A,골목상권,"3110135",성동세무서,205254,449984,"11200",성동구,"11200720",송정동,136762
4F6748BD4E,서울특별시 성동구 광나루로 303-1,복돼******,,서울 성동구,한식-해물/생선,,20180718,,37.548342,127.0632741,success,성동구,A,골목상권,"3110135",성동세무서,205254,449984,"11200",성동구,"11200720",송정동,136762
5C2ABD2879,서울특별시 성동구 광나루로11길 3,공간***,,서울 성동구,한식-육류/고기,,20240517,,37.5485306,127.0653287,success,성동구,A,골목상권,"3110135",성동세무서,205254,449984,"11200",성동구,"11200720",송정동,136762
DE6A101DCA,서울특별시 성동구 광나루로11길 4,밥묵****,,서울 성동구,백반/가정식,,20200728,,37.5486324,127.0656299,success,성동구,A,골목상권,"3110135",성동세무서,205254,449984,"11200",성동구,"11200720",송정동,136762
F095DE8367,서울특별시 성동구 광나루로11길 5,남원********,한식-해물/생선2,서울 성동구,한식-해물/생선,,20170601,,37.5487978,127.065371,success,성동구,A,골목상권,"3110135",성동세무서,205254,449984,"11200",성동구,"11200720",송정동,136762
FCE1F472A0,서울특별시 성동구 광나루로11길 6,송림***,,서울 성동구,농산물,,20220215,,37.5487135,127.065748,success,성동구,A,골목상권,"3110135",성동세무서,205254,449984,"11200",성동구,"11200720",송정동,136762
94B04233D8,서울특별시 성동구 광나루로 303-13,군산**,,서울 성동구,한식-해물/생선,,20181008,,37.54852,127.0635056,success,성동구,A,골목상권,"3110135",성동세무서,205254,449984,"11200",성동구,"11200720",송정동,136762
A882497D4A,서울 성동구 광나루로 130 .,포레******************,,서울 성동구,식품 제조,뚝섬,20200102,,37.5509988,127.0447778,success,성동구,A,골목상권,"3110124",뚝섬역교차로,204001,450061,"11200",성동구,"11200660",성수1가2동,79596
F3F835C942,서울 성동구 왕십리로 134 .,청죽***,,서울 성동구,백반/가정식,뚝섬,20000512,,37.5495435,127.0446906,success,성동구,A,골목상권,"3110124",뚝섬역교차로,204001,450061,"11200",성동구,"11200660",성수1가2동,79596
"0C71B9E39A",서울 성동구 왕십리로14길 8.,성수*****,,서울 성동구,한식-찌개/전골,뚝섬,20240628,,37.549393,127.0448219,success,성동구,A,골목상권,"3110124",뚝섬역교차로,204001,450061,"11200",성동구,"11200660",성수1가2동,79596
36FA50BD7D,서울특별시 성동구 상원길 81,그릭****,,서울 성동구,카페,뚝섬,20240109,,37.5511804,127.0472794,success,성동구,A,골목상권,"3110124",뚝섬역교차로,204001,450061,"11200",성동구,"11200660",성수1가2동,79596
C800A70770,서울 성동구 왕십리로16가길 4.,푸른*,,서울 성동구,식료품,뚝섬,20100201,,37.5501376,127.0447188,success,성동구,A,골목상권,"3110124",뚝섬역교차로,204001,450061,"11200",성동구,"11200660",성수1가2동,79596
8177FA0EF1,서울 성동구 왕십리로14길 12-1.,카페**,,서울 성동구,카페,뚝섬,20161012,,37.5489881,127.0451363,success,성동구,A,골목상권,"3110124",뚝섬역교차로,204001,450061,"11200",성동구,"11200660",성수1가2동,79596
EDB32887DE,서울특별시 성동구 광나루로 130,윤스**,,서울 성동구,분식,뚝섬,20180329,,37.5509988,127.0447778,success,성동구,A,골목상권,"3110124",뚝섬역교차로,204001,450061,"11200",성동구,"11200660",성수1가2동,79596
DA5B732423,서울특별시 성동구 광나루로 130,셀렉***********,커피전문점5,서울 성동구,커피전문점,뚝섬,20180420,,37.5509988,127.0447778,success,성동구,A,골목상권,"3110124",뚝섬역교차로,204001,450061,"11200",성동구,"11200660",성수1가2동,79596
44544F2DCE,서울특별시 성동구 광나루로 130,밥플********,,서울 성동구,백반/가정식,뚝섬,20230713,,37.5509988,127.0447778,success,성동구,A,골목상권,"3110124",뚝섬역교차로,204001,450061,"11200",성동구,"11200660",성수1가2동,79596
EE4985D57B,서울특별시 성동구 광나루로 144,도그**,,서울 성동구,도너츠,뚝섬,20230926,,37.5512998,127.0464411,success,성동구,A,골목상권,"3110124",뚝섬역교차로,204001,450061,"11200",성동구,"11200660",성수1가2동,79596
1DBC834628,서울특별시 성동구 광나루로 144,커피**************,,서울 성동구,커피전문점,뚝섬,20240920,,37.5512998,127.0464411,success,성동구,A,골목상권,"3110124",뚝섬역교차로,204001,450061,"11200",성동구,"11200660",성수1가2동,79596
978A3E2554,서울특별시 성동구 광나루로 144,조양**,,서울 성동구,백반/가정식,뚝섬,20230228,,37.5512998,127.0464411,success,성동구,A,골목상권,"3110124",뚝섬역교차로,204001,450061,"11200",성동구,"11200660",성수1가2동,79596
E4E1737501,서울특별시 성동구 광나루로 152,파티*****,,서울 성동구,베이커리,뚝섬,20220111,,37.5514354,127.0470649,success,성동구,A,골목상권,"3110124",뚝섬역교차로,204001,450061,"11200",성동구,"11200660",성수1가2동,79596
C5C7C7B0FE,서울특별시 성동구 왕십리로 134,청죽*,,서울 성동구,백반/가정식,뚝섬,20210928,,37.5495435,127.0446906,success,성동구,A,골목상권,"3110124",뚝섬역교차로,204001,450061,"11200",성동구,"11200660",성수1가2동,79596
5D68AB9C70,서울특별시 성동구 왕십리로 134,훼미********,,서울 성동구,한식-육류/고기,뚝섬,20160929,,37.5495435,127.0446906,success,성동구,A,골목상권,"3110124",뚝섬역교차로,204001,450061,"11200",성동구,"11200660",성수1가2동,79596
EE2DE56210,서울특별시 성동구 왕십리로 136,팩피*******,,서울 성동구,양식,뚝섬,20170908,,37.549707,127.044548,success,성동구,A,골목상권,"3110124",뚝섬역교차로,204001,450061,"11200",성동구,"11200660",성수1가2동,79596
D4BD053ECB,서울특별시 성동구 왕십리로 136,무브*********,,서울 성동구,일반 유흥주점,뚝섬,20231207,,37.549707,127.044548,success,성동구,A,골목상권,"3110124",뚝섬역교차로,204001,450061,"11200",성동구,"11200660",성수1가2동,79596
20B38FBA58,서울특별시 성동구 아차산로1길 9,문화*****,,서울 성동구,양식,뚝섬,20220818,,37.5489861,127.0456953,success,성동구,A,골목상권,"3110124",뚝섬역교차로,204001,450061,"11200",성동구,"11200660",성수1가2동,79596
9E3A686B70,서울특별시 성동구 아차산로1길 9,그리*****,,서울 성동구,베이커리,뚝섬,20230915,,37.5489861,127.0456953,success,성동구,A,골목상권,"3110124",뚝섬역교차로,204001,450061,"11200",성동구,"11200660",성수1가2동,79596
77DBEC55AD,서울특별시 성동구 아차산로1길 9,카모*****,,서울 성동구,커피전문점,뚝섬,20191216,,37.5489861,127.0456953,success,성동구,A,골목상권,"3110124",뚝섬역교차로,204001,450061,"11200",성동구,"11200660",성수1가2동,79596
692F6314A6,서울특별시 성동구 왕십리로14길 8,스시***,,서울 성동구,일식당,뚝섬,20180504,,37.549393,127.0448219,success,성동구,A,골목상권,"3110124",뚝섬역교차로,204001,450061,"11200",성동구,"11200660",성수1가2동,79596
801E357409,서울특별시 성동구 광나루로 142-46,잎새**,,서울 성동구,식료품,뚝섬,20200226,,37.5510383,127.0458925,success,성동구,A,골목상권,"3110124",뚝섬역교차로,204001,450061,"11200",성동구,"11200660",성수1가2동,79596
"8453597178",서울특별시 성동구 아차산로1길 11-1,피자*,,서울 성동구,피자,뚝섬,20221110,,37.5491514,127.0458048,success,성동구,A,골목상권,"3110124",뚝섬역교차로,204001,450061,"11200",성동구,"11200660",성수1가2동,79596
54A86F9105,서울특별시 성동구 왕십리로14길 12-1,온센*******,,서울 성동구,일식당,뚝섬,20210129,,37.5489881,127.0451363,success,성동구,A,골목상권,"3110124",뚝섬역교차로,204001,450061,"11200",성동구,"11200660",성수1가2동,79596
4F91DC078E,서울특별시 성동구 왕십리로16가길 10,리커*******,,서울 성동구,커피전문점,뚝섬,20200918,,37.5503473,127.0448514,success,성동구,A,골목상권,"3110124",뚝섬역교차로,204001,450061,"11200",성동구,"11200660",성수1가2동,79596
4F374EBA09,서울특별시 성동구 왕십리로16길 13-1,아뜰***,,서울 성동구,카페,뚝섬,20220707,,37.5505806,127.0455404,success,성동구,A,골목상권,"3110124",뚝섬역교차로,204001,450061,"11200",성동구,"11200660",성수1가2동,79596
46409ECD04,서울특별시 성동구 왕십리로16길 15-1,젤코**********************,,서울 성동구,와인바,뚝섬,20231017,,37.5507513,127.0457517,success,성동구,A,골목상권,"3110124",뚝섬역교차로,204001,450061,"11200",성동구,"11200660",성수1가2동,79596
142D8C5954,서울특별시 성동구 왕십리로16가길 10-30,뻬따*******,,서울 성동구,양식,뚝섬,20230913,,37.5506313,127.0453339,success,성동구,A,골목상권,"3110124",뚝섬역교차로,204001,450061,"11200",성동구,"11200660",성수1가2동,79596
F789DAA8C6,서울 성동구 송정12길 15.,곱창**,,서울 성동구,한식-육류/고기,,20150921,,37.5495017,127.0667225,success,성동구,A,골목상권,"3110138",송정체육공원,205936,450143,"11200",성동구,"11200720",송정동,102074
6E89CF4713,서울 성동구 송정12나길 20,니드**,,서울 성동구,한식-단품요리일반,,20201020,,37.5504765,127.0667069,success,성동구,A,골목상권,"3110138",송정체육공원,205936,450143,"11200",성동구,"11200720",송정동,102074
FBE5899725,서울 성동구 광나루로11길 19,피자**,,서울 성동구,피자,,20080123,,37.5497652,127.0664908,success,성동구,A,골목상권,"3110138",송정체육공원,205936,450143,"11200",성동구,"11200720",송정동,102074
46D50AE96B,서울 성동구 광나루로11길 39,선희***,,서울 성동구,백반/가정식,,20100528,,37.5512923,127.0676985,success,성동구,A,골목상권,"3110138",송정체육공원,205936,450143,"11200",성동구,"11200720",송정동,102074
"029F2B4A59",서울특별시 성동구 송정6길 5,로우*,,서울 성동구,카페,,20220420,,37.5494288,127.0651914,success,성동구,A,골목상권,"3110138",송정체육공원,205936,450143,"11200",성동구,"11200720",송정동,102074
E7ADF04349,서울특별시 성동구 송정6길 8,하*,,서울 성동구,카페,,20241104,,37.5492553,127.0652296,success,성동구,A,골목상권,"3110138",송정체육공원,205936,450143,"11200",성동구,"11200720",송정동,102074
D3556C1BB8,서울 성동구 광나루로11길 10.,이레**,,서울 성동구,분식,,20120706,,37.5489031,127.0659283,success,성동구,A,골목상권,"3110138",송정체육공원,205936,450143,"11200",성동구,"11200720",송정동,102074
BDDF5CFB2D,서울 성동구 광나루로11길 37.,남양***,,서울 성동구,축산물,,20050728,,37.551058,127.0675179,success,성동구,A,골목상권,"3110138",송정체육공원,205936,450143,"11200",성동구,"11200720",송정동,102074
D197369754,서울특별시 성동구 동일로 221,고바****,,서울 성동구,한식-육류/고기,,20230516,,37.5516753,127.0690086,success,성동구,A,골목상권,"3110138",송정체육공원,205936,450143,"11200",성동구,"11200720",송정동,102074
54EA8467D3,서울특별시 성동구 송정12길 13,한마***,,서울 성동구,축산물,,20230721,,37.5495614,127.0666149,success,성동구,A,골목상권,"3110138",송정체육공원,205936,450143,"11200",성동구,"11200720",송정동,102074
C372007CE6,서울특별시 성동구 송정12길 14,신촌***,,서울 성동구,한식-단품요리일반,,20220531,,37.5493835,127.0666006,success,성동구,A,골목상권,"3110138",송정체육공원,205936,450143,"11200",성동구,"11200720",송정동,102074
EC8722B2DA,서울 성동구 광나루로11길 14-1.,꾸리**,,서울 성동구,베이커리,,20110926,,37.5492626,127.0662948,success,성동구,A,골목상권,"3110138",송정체육공원,205936,450143,"11200",성동구,"11200720",송정동,102074
5B110F468D,서울특별시 성동구 광나루로 337,메가************,커피전문점2,서울 성동구,커피전문점,,20210723,,37.5485283,127.0671999,success,성동구,A,골목상권,"3110138",송정체육공원,205936,450143,"11200",성동구,"11200720",송정동,102074
6B8D1ED40D,서울특별시 성동구 송정12라길 27,온이***,,서울 성동구,양식,,20240717,,37.5504548,127.0674823,success,성동구,A,골목상권,"3110138",송정체육공원,205936,450143,"11200",성동구,"11200720",송정동,102074
FDE93C77D7,서울특별시 성동구 송정12마길 23,대한**,,서울 성동구,식료품,,20200915,,37.5502553,127.0676671,success,성동구,A,골목상권,"3110138",송정체육공원,205936,450143,"11200",성동구,"11200720",송정동,102074
5386608DEC,서울특별시 성동구 송정14길 14-1,아랫***,,서울 성동구,백반/가정식,,20181029,,37.5510309,127.0679442,success,성동구,A,골목상권,"3110138",송정체육공원,205936,450143,"11200",성동구,"11200720",송정동,102074
391836F1E0,서울특별시 성동구 광나루로11길 7,하츠*****************,,서울 성동구,카페,,20230831,,37.5489434,127.0656214,success,성동구,A,골목상권,"3110138",송정체육공원,205936,450143,"11200",성동구,"11200720",송정동,102074
D8D358541B,서울특별시 성동구 광나루로11길 12,해*,,서울 성동구,한식-국밥/설렁탕,,20231215,,37.549005,127.0660343,success,성동구,A,골목상권,"3110138",송정체육공원,205936,450143,"11200",성동구,"11200720",송정동,102074
CD0C6BA93A,서울특별시 성동구 광나루로11길 14,위아***,,서울 성동구,양식,,20240502,,37.5491855,127.0662199,success,성동구,A,골목상권,"3110138",송정체육공원,205936,450143,"11200",성동구,"11200720",송정동,102074
EB785F92A9,서울특별시 성동구 광나루로11길 15,우리***,,서울 성동구,청과물,,20190823,,37.5494669,127.0662017,success,성동구,A,골목상권,"3110138",송정체육공원,205936,450143,"11200",성동구,"11200720",송정동,102074
F810BEFDDE,서울특별시 성동구 광나루로11길 20,뛰뚜**,,서울 성동구,양식,,20230705,,37.5506816,127.0672694,success,성동구,A,골목상권,"3110138",송정체육공원,205936,450143,"11200",성동구,"11200720",송정동,102074
19BD32B8E8,서울특별시 성동구 광나루로11길 23,베이****,,서울 성동구,베이커리,,20220524,,37.5500189,127.0666925,success,성동구,A,골목상권,"3110138",송정체육공원,205936,450143,"11200",성동구,"11200720",송정동,102074
5393B95278,서울특별시 성동구 광나루로11길 26,키노****,,서울 성동구,한식-단품요리일반,,20231117,,37.5500313,127.0669902,success,성동구,A,골목상권,"3110138",송정체육공원,205936,450143,"11200",성동구,"11200720",송정동,102074
9D398728FE,서울특별시 성동구 광나루로11길 30,텍사***********,,서울 성동구,한식-단품요리일반,,20241119,,37.5503678,127.0672572,success,성동구,A,골목상권,"3110138",송정체육공원,205936,450143,"11200",성동구,"11200720",송정동,102074
856F0FE484,서울특별시 성동구 광나루로11길 32,송정****,,서울 성동구,한식-국수/만두,,20170403,,37.5505451,127.0673966,success,성동구,A,골목상권,"3110138",송정체육공원,205936,450143,"11200",성동구,"11200720",송정동,102074
F3C9F5931D,서울특별시 성동구 광나루로11길 41,연이*,,서울 성동구,한식-단품요리일반,,20181010,,37.5513921,127.0677806,success,성동구,A,골목상권,"3110138",송정체육공원,205936,450143,"11200",성동구,"11200720",송정동,102074
8CA0382A69,서울특별시 성동구 광나루로11길 45,카페****,,서울 성동구,카페,,20240802,,37.5516388,127.0679768,success,성동구,A,골목상권,"3110138",송정체육공원,205936,450143,"11200",성동구,"11200720",송정동,102074
F02766AB0A,서울특별시 성동구 광나루로11길 47,참참**,치킨29,서울 성동구,치킨,,20230803,,37.551858,127.0681485,success,성동구,A,골목상권,"3110138",송정체육공원,205936,450143,"11200",성동구,"11200720",송정동,102074
56D6494E4A,서울특별시 성동구 광나루로11길 50,토마*********,,서울 성동구,피자,,20210407,20250704,37.5519463,127.0685142,success,성동구,A,골목상권,"3110138",송정체육공원,205936,450143,"11200",성동구,"11200720",송정동,102074
"0B575BF47C",서울특별시 성동구 광나루로11길 50,삼삼***,,서울 성동구,한식-육류/고기,,20171109,,37.5519463,127.0685142,success,성동구,A,골목상권,"3110138",송정체육공원,205936,450143,"11200",성동구,"11200720",송정동,102074
2831DB3C04,서울특별시 성동구 광나루로11길 52,원아*********,,서울 성동구,아이스크림/빙수,,20231005,,37.5520179,127.0685538,success,성동구,A,골목상권,"3110138",송정체육공원,205936,450143,"11200",성동구,"11200720",송정동,102074
"0B209E8E8B",서울특별시 성동구 광나루로11길 54,미쳐****,치킨22,서울 성동구,치킨,,20180207,,37.5521299,127.0687182,success,성동구,A,골목상권,"3110138",송정체육공원,205936,450143,"11200",성동구,"11200720",송정동,102074
1C55BF6FB8,서울특별시 성동구 광나루로11길 13-1,구구**,,서울 성동구,치킨,,20230308,,37.5493668,127.0660904,success,성동구,A,골목상권,"3110138",송정체육공원,205936,450143,"11200",성동구,"11200720",송정동,102074
2BFD9CB05E,서울특별시 성동구 광나루로11길 17-1,묘*,,서울 성동구,백반/가정식,,20230927,,37.5496692,127.0664129,success,성동구,A,골목상권,"3110138",송정체육공원,205936,450143,"11200",성동구,"11200720",송정동,102074
51AD83F917,서울특별시 성동구 광나루로11길 17-1,자매****,,서울 성동구,한식-해물/생선,,20220701,,37.5496692,127.0664129,success,성동구,A,골목상권,"3110138",송정체육공원,205936,450143,"11200",성동구,"11200720",송정동,102074
E9E34248AB,서울특별시 성동구 광나루로11길 22-1,부산******,,서울 성동구,한식-육류/고기,,20230315,,37.5498218,127.0668216,success,성동구,A,골목상권,"3110138",송정체육공원,205936,450143,"11200",성동구,"11200720",송정동,102074
"035ADB2AA8",서울특별시 성동구 광나루로11길 52-1,리커******,,서울 성동구,커피전문점,,20220805,,37.5520541,127.0686263,success,성동구,A,골목상권,"3110138",송정체육공원,205936,450143,"11200",성동구,"11200720",송정동,102074
E32B3F96D3,서울 성동구 동일로 143.,우마************,,서울 성동구,일식당,,20090720,,37.5453806,127.0653056,success,성동구,A,골목상권,"3110137",성수초등학교,205519,449630,"11200",성동구,"11200690",성수2가3동,330983
EADA92CB95,서울 성동구 동일로 143.,밥내*,,서울 성동구,한식-단품요리일반,,20160119,,37.5453806,127.0653056,success,성동구,A,골목상권,"3110137",성수초등학교,205519,449630,"11200",성동구,"11200690",성수2가3동,330983
D7B0E38FA8,서울 성동구 광나루로 290,진지****,한식-육류/고기24,서울 성동구,한식-육류/고기,,20070627,,37.5479031,127.062,success,성동구,A,골목상권,"3110137",성수초등학교,205519,449630,"11200",성동구,"11200690",성수2가3동,330983
9070B8640F,서울 성동구 광나루로 290,완산***,한식-국밥/설렁탕8,서울 성동구,한식-국밥/설렁탕,,20080226,,37.5479031,127.062,success,성동구,A,골목상권,"3110137",성수초등학교,205519,449630,"11200",성동구,"11200690",성수2가3동,330983
C04BD1DD58,서울 성동구 동일로 123 .,이디*********,,서울 성동구,식료품,,20160721,,37.5436635,127.0644789,success,성동구,A,골목상권,"3110137",성수초등학교,205519,449630,"11200",성동구,"11200690",성수2가3동,330983
2D0E5434C1,서울 성동구 동일로 143 .,명동*******,한식-국수/만두7,서울 성동구,한식-국수/만두,,20200803,,37.5453806,127.0653056,success,성동구,A,골목상권,"3110137",성수초등학교,205519,449630,"11200",성동구,"11200690",성수2가3동,330983
69506949A8,서울 성동구 동일로 143 .,본가*********,,서울 성동구,한식-육류/고기,,20160315,,37.5453806,127.0653056,success,성동구,A,골목상권,"3110137",성수초등학교,205519,449630,"11200",성동구,"11200690",성수2가3동,330983
A162796238,서울  성동구  광나루로6길,깡통*,,서울 성동구,한식-육류/고기,,20130502,,37.5466918,127.0625631,success,성동구,A,골목상권,"3110137",성수초등학교,205519,449630,"11200",성동구,"11200690",성수2가3동,330983
5F641D5F4A,서울 성동구 광나루로 320-1.,두루******,,서울 성동구,한식-해물/생선,,20140904,,37.5479174,127.065409,success,성동구,A,골목상권,"3110137",성수초등학교,205519,449630,"11200",성동구,"11200690",성수2가3동,330983
2D2C0E00E6,서울 성동구 광나루로 320-1.,24**************,한식-국밥/설렁탕1,서울 성동구,한식-국밥/설렁탕,,20180220,,37.5479174,127.065409,success,성동구,A,골목상권,"3110137",성수초등학교,205519,449630,"11200",성동구,"11200690",성수2가3동,330983
50BD14C2F8,서울 성동구 광나루로6길 35.,밀향*,,서울 성동구,백반/가정식,,20110308,,37.546794,127.0633158,success,성동구,A,골목상권,"3110137",성수초등학교,205519,449630,"11200",성동구,"11200690",성수2가3동,330983
F9F193955A,서울 성동구 광나루로6길 35.,포미*,,서울 성동구,동남아/인도음식,,20170120,,37.546794,127.0633158,success,성동구,A,골목상권,"3110137",성수초등학교,205519,449630,"11200",성동구,"11200690",성수2가3동,330983
D59EAA6064,서울 성동구 광나루로6길 35.,라성**,,서울 성동구,일식-덮밥/돈가스,,20140102,,37.546794,127.0633158,success,성동구,A,골목상권,"3110137",성수초등학교,205519,449630,"11200",성동구,"11200690",성수2가3동,330983
F7D24B9BB0,서울 성동구 광나루로6길 49.,부*,,서울 성동구,백반/가정식,,20150415,,37.5462114,127.0647145,success,성동구,A,골목상권,"3110137",성수초등학교,205519,449630,"11200",성동구,"11200690",성수2가3동,330983
139B280BA1,서울 성동구 광나루로8길 11.,꽃잎*,,서울 성동구,백반/가정식,,20200302,,37.5477592,127.0639165,success,성동구,A,골목상권,"3110137",성수초등학교,205519,449630,"11200",성동구,"11200690",성수2가3동,330983
2F2BBD5117,서울 성동구 광나루로8길 12.,아재********,,서울 성동구,커피전문점,,20191227,,37.5474493,127.0639081,success,성동구,A,골목상권,"3110137",성수초등학교,205519,449630,"11200",성동구,"11200690",성수2가3동,330983
D8669EE2FB,서울 성동구 아차산로11길 26,우리**,,서울 성동구,식료품,,20140311,,37.5458256,127.0601619,success,성동구,A,골목상권,"3110137",성수초등학교,205519,449630,"11200",성동구,"11200690",성수2가3동,330983
BF8F8AFC4B,서울 성동구 아차산로13길 37,쉭앤******************,,서울 성동구,카페,,20090904,,37.5466473,127.0618824,success,성동구,A,골목상권,"3110137",성수초등학교,205519,449630,"11200",성동구,"11200690",성수2가3동,330983
"05FEB1D6F5",서울 성동구 아차산로13길 37,민물*,,서울 성동구,한식-해물/생선,,20060515,,37.5466473,127.0618824,success,성동구,A,골목상권,"3110137",성수초등학교,205519,449630,"11200",성동구,"11200690",성수2가3동,330983
FCA52160AF,서울 성동구 아차산로11길 26.,마르***,,서울 성동구,식료품,,20190311,,37.5458256,127.0601619,success,성동구,A,골목상권,"3110137",성수초등학교,205519,449630,"11200",성동구,"11200690",성수2가3동,330983
"0174C56C09",서울 성동구 아차산로11길 26.,햄찌*********,,서울 성동구,식료품,,20220210,,37.5458256,127.0601619,success,성동구,A,골목상권,"3110137",성수초등학교,205519,449630,"11200",성동구,"11200690",성수2가3동,330983
E71F240C4E,서울 성동구 아차산로11길 27.,오뚜***,식료품2,서울 성동구,식료품,성수,20110810,,37.5461877,127.0597969,success,성동구,A,골목상권,"3110137",성수초등학교,205519,449630,"11200",성동구,"11200690",성수2가3동,330983
62B867788E,서울 성동구 아차산로13길 33.,패티**,,서울 성동구,햄버거,,20210709,,37.5462292,127.0616133,success,성동구,A,골목상권,"3110137",성수초등학교,205519,449630,"11200",성동구,"11200690",성수2가3동,330983
"9978494070",서울 성동구 아차산로13길 37.,마루***,,서울 성동구,일식당,,20220112,,37.5466473,127.0618824,success,성동구,A,골목상권,"3110137",성수초등학교,205519,449630,"11200",성동구,"11200690",성수2가3동,330983
EECEBE2010,서울 성동구 아차산로13길 37.,오키**,,서울 성동구,일식-초밥/롤,,20160707,,37.5466473,127.0618824,success,성동구,A,골목상권,"3110137",성수초등학교,205519,449630,"11200",성동구,"11200690",성수2가3동,330983
2858CD7B1D,서울 성동구 아차산로13길 48.,비엠*****,,서울 성동구,식품 제조,,20140512,,37.5468184,127.0626858,success,성동구,A,골목상권,"3110137",성수초등학교,205519,449630,"11200",성동구,"11200690",성수2가3동,330983
6F5E4689DB,서울 성동구 아차산로13길 48.,한경****,,서울 성동구,한식-국밥/설렁탕,,20151002,,37.5468184,127.0626858,success,성동구,A,골목상권,"3110137",성수초등학교,205519,449630,"11200",성동구,"11200690",성수2가3동,330983
C30D7020C4,서울 성동구 아차산로15길 10.,탑와***,,서울 성동구,주류,,20100315,,37.5436961,127.0625164,success,성동구,A,골목상권,"3110137",성수초등학교,205519,449630,"11200",성동구,"11200690",성수2가3동,330983
499F119A8A,서울 성동구 아차산로15길 10.,Ca**************,,서울 성동구,커피전문점,,20110127,,37.5436961,127.0625164,success,성동구,A,골목상권,"3110137",성수초등학교,205519,449630,"11200",성동구,"11200690",성수2가3동,330983
C65FEFD6D4,서울 성동구 아차산로17길 26.,투달***************************,,서울 성동구,커피전문점,,20141128,,37.5445298,127.0646774,success,성동구,A,골목상권,"3110137",성수초등학교,205519,449630,"11200",성동구,"11200690",성수2가3동,330983
D04EE73563,서울 성동구 아차산로17길 26.,반가*****,,서울 성동구,한식-단품요리일반,,20200107,,37.5445298,127.0646774,success,성동구,A,골목상권,"3110137",성수초등학교,205519,449630,"11200",성동구,"11200690",성수2가3동,330983
B35562BF7A,서울 성동구 아차산로17길 48.,봉추********,한식-육류/고기10,서울 성동구,한식-육류/고기,,20211207,,37.5466713,127.0661249,success,성동구,A,골목상권,"3110137",성수초등학교,205519,449630,"11200",성동구,"11200690",성수2가3동,330983
D592366647,서울 성동구 아차산로17길 49.,완백**************,,서울 성동구,한식-단품요리일반,,20230227,,37.5465726,127.0645949,success,성동구,A,골목상권,"3110137",성수초등학교,205519,449630,"11200",성동구,"11200690",성수2가3동,330983
ED52D189EC,서울특별시 성동구 동일로 123,한입****,,서울 성동구,식료품,,20191031,,37.5436635,127.0644789,success,성동구,A,골목상권,"3110137",성수초등학교,205519,449630,"11200",성동구,"11200690",성수2가3동,330983
5974B075AD,서울특별시 성동구 동일로 133,카페**,,서울 성동구,카페,,20200121,,37.5444086,127.0648982,success,성동구,A,골목상권,"3110137",성수초등학교,205519,449630,"11200",성동구,"11200690",성수2가3동,330983
EA1F87E4D9,서울특별시 성동구 동일로 135,메니***,,서울 성동구,식료품,,20190424,,37.5445746,127.0649938,success,성동구,A,골목상권,"3110137",성수초등학교,205519,449630,"11200",성동구,"11200690",성수2가3동,330983
FE8F304044,서울특별시 성동구 동일로 143,동*,,서울 성동구,중식당,,20221128,,37.5453806,127.0653056,success,성동구,A,골목상권,"3110137",성수초등학교,205519,449630,"11200",성동구,"11200690",성수2가3동,330983
"0ACB1E7718",서울특별시 성동구 동일로 143,그린******,,서울 성동구,한식뷔페,,20180420,,37.5453806,127.0653056,success,성동구,A,골목상권,"3110137",성수초등학교,205519,449630,"11200",성동구,"11200690",성수2가3동,330983
EBCBFD170F,서울특별시 성동구 동일로 143,그린**,,서울 성동구,한식뷔페,,20201104,,37.5453806,127.0653056,success,성동구,A,골목상권,"3110137",성수초등학교,205519,449630,"11200",성동구,"11200690",성수2가3동,330983
61472439B5,서울특별시 성동구 동일로 143,얌커*,,서울 성동구,커피전문점,,20180523,20250728,37.5453806,127.0653056,success,성동구,A,골목상권,"3110137",성수초등학교,205519,449630,"11200",성동구,"11200690",성수2가3동,330983
7A25182C89,서울특별시 성동구 동일로 143,호남**,,서울 성동구,백반/가정식,,20230316,,37.5453806,127.0653056,success,성동구,A,골목상권,"3110137",성수초등학교,205519,449630,"11200",성동구,"11200690",성수2가3동,330983
8D0193EAB3,서울특별시 성동구 동일로 143,성수**,,서울 성동구,백반/가정식,,20230411,,37.5453806,127.0653056,success,성동구,A,골목상권,"3110137",성수초등학교,205519,449630,"11200",성동구,"11200690",성수2가3동,330983
E87A866BDC,서울특별시 성동구 동일로 143,해*,,서울 성동구,한식-육류/고기,,20230315,,37.5453806,127.0653056,success,성동구,A,골목상권,"3110137",성수초등학교,205519,449630,"11200",성동구,"11200690",성수2가3동,330983
"088BBA709D",서울특별시 성동구 동일로 173,서울******,한식-국밥/설렁탕7,서울 성동구,한식-국밥/설렁탕,,20230808,,37.5477083,127.0668204,success,성동구,A,골목상권,"3110137",성수초등학교,205519,449630,"11200",성동구,"11200690",성수2가3동,330983
925AC1B723,서울 성동구 아차산로17길 14-1.,뽀식**,,서울 성동구,백반/가정식,,20160610,,37.5435766,127.0641374,success,성동구,A,골목상권,"3110137",성수초등학교,205519,449630,"11200",성동구,"11200690",성수2가3동,330983
"5866051D91",서울특별시 성동구 광나루로 290,신신*,,서울 성동구,중식당,,20180608,,37.5479031,127.062,success,성동구,A,골목상권,"3110137",성수초등학교,205519,449630,"11200",성동구,"11200690",성수2가3동,330983
EAA6C3BAD2,서울특별시 성동구 광나루로 290,장맛****,,서울 성동구,한식-국수/만두,,20190517,,37.5479031,127.062,success,성동구,A,골목상권,"3110137",성수초등학교,205519,449630,"11200",성동구,"11200690",성수2가3동,330983
54048E2190,서울특별시 성동구 광나루로 302,오늘***,,서울 성동구,일식당,,20240313,,37.547897,127.0633672,success,성동구,A,골목상권,"3110137",성수초등학교,205519,449630,"11200",성동구,"11200690",성수2가3동,330983
F7E9A69F8D,서울특별시 성동구 광나루로 302,테크******,,서울 성동구,커피전문점,,20240207,,37.547897,127.0633672,success,성동구,A,골목상권,"3110137",성수초등학교,205519,449630,"11200",성동구,"11200690",성수2가3동,330983
AFD6BFB090,서울특별시 성동구 광나루로 302,열*,,서울 성동구,한식-육류/고기,,20220520,,37.547897,127.0633672,success,성동구,A,골목상권,"3110137",성수초등학교,205519,449630,"11200",성동구,"11200690",성수2가3동,330983
3FE023E09E,서울특별시 성동구 광나루로 306,브레***************,,서울 성동구,카페,,20230920,,37.5479207,127.0638143,success,성동구,A,골목상권,"3110137",성수초등학교,205519,449630,"11200",성동구,"11200690",성수2가3동,330983
C33E478AD0,서울특별시 성동구 광나루로 310,그린**,,서울 성동구,백반/가정식,,20220930,,37.5478771,127.0643147,success,성동구,A,골목상권,"3110137",성수초등학교,205519,449630,"11200",성동구,"11200690",성수2가3동,330983
DAE13C0508,서울특별시 성동구 동일로 135-1,맨날**,,서울 성동구,양식,,20210111,,37.5446984,127.0650634,success,성동구,A,골목상권,"3110137",성수초등학교,205519,449630,"11200",성동구,"11200690",성수2가3동,330983
DABAA47F1B,서울특별시 성동구 광나루로 320-1,신의*****,,서울 성동구,분식,,20191209,,37.5479174,127.065409,success,성동구,A,골목상권,"3110137",성수초등학교,205519,449630,"11200",성동구,"11200690",성수2가3동,330983
8F21F5ED8C,서울특별시 성동구 광나루로 320-1,송강***,,서울 성동구,일식당,,20170612,,37.5479174,127.065409,success,성동구,A,골목상권,"3110137",성수초등학교,205519,449630,"11200",성동구,"11200690",성수2가3동,330983
E495DA446B,서울특별시 성동구 광나루로 320-2,제이******,,서울 성동구,백반/가정식,,20220719,,37.5479615,127.0649936,success,성동구,A,골목상권,"3110137",성수초등학교,205519,449630,"11200",성동구,"11200690",성수2가3동,330983
FEE6966193,서울특별시 성동구 광나루로6길 35,유니********,,서울 성동구,카페,,20221222,,37.546794,127.0633158,success,성동구,A,골목상권,"3110137",성수초등학교,205519,449630,"11200",성동구,"11200690",성수2가3동,330983
3316D1C001,서울특별시 성동구 광나루로6길 35,비원***************,,서울 성동구,한식뷔페,,20170124,,37.546794,127.0633158,success,성동구,A,골목상권,"3110137",성수초등학교,205519,449630,"11200",성동구,"11200690",성수2가3동,330983
9FBE5BF7CF,서울특별시 성동구 광나루로6길 35,매머****************************,,서울 성동구,커피전문점,,20181206,,37.546794,127.0633158,success,성동구,A,골목상권,"3110137",성수초등학교,205519,449630,"11200",성동구,"11200690",성수2가3동,330983
BDC0AED34F,서울특별시 성동구 광나루로6길 35,커피**,,서울 성동구,커피전문점,,20230324,,37.546794,127.0633158,success,성동구,A,골목상권,"3110137",성수초등학교,205519,449630,"11200",성동구,"11200690",성수2가3동,330983
FA74A080E1,서울특별시 성동구 광나루로6길 35,프로*****,,서울 성동구,백반/가정식,,20210813,,37.546794,127.0633158,success,성동구,A,골목상권,"3110137",성수초등학교,205519,449630,"11200",성동구,"11200690",성수2가3동,330983
86D332A825,서울특별시 성동구 광나루로6길 35,이삭***,샌드위치/토스트3,서울 성동구,샌드위치/토스트,,20180823,,37.546794,127.0633158,success,성동구,A,골목상권,"3110137",성수초등학교,205519,449630,"11200",성동구,"11200690",성수2가3동,330983
129DB16365,서울특별시 성동구 광나루로6길 35,아토**********,,서울 성동구,샌드위치/토스트,,20240426,,37.546794,127.0633158,success,성동구,A,골목상권,"3110137",성수초등학교,205519,449630,"11200",성동구,"11200690",성수2가3동,330983
8B132478F2,서울특별시 성동구 광나루로6길 35,토프********,,서울 성동구,한식-단품요리일반,,20191112,,37.546794,127.0633158,success,성동구,A,골목상권,"3110137",성수초등학교,205519,449630,"11200",성동구,"11200690",성수2가3동,330983
33630D7FC6,서울특별시 성동구 광나루로8길 10,다담****,,서울 성동구,한식-단품요리일반,,20211115,,37.5475072,127.0636822,success,성동구,A,골목상권,"3110137",성수초등학교,205519,449630,"11200",성동구,"11200690",성수2가3동,330983
1CEA3BFC5B,서울특별시 성동구 성수이로22길 61,뿐또**,,서울 성동구,한식-단품요리일반,,20181011,,37.5431469,127.0638939,success,성동구,A,골목상권,"3110137",성수초등학교,205519,449630,"11200",성동구,"11200690",성수2가3동,330983
1DDB44FF35,서울특별시 성동구 성수이로26길 47,기미*,,서울 성동구,카페,,20210729,,37.5451008,127.0627539,success,성동구,A,골목상권,"3110137",성수초등학교,205519,449630,"11200",성동구,"11200690",성수2가3동,330983
5113D031FD,서울특별시 성동구 성수이로26길 47,기미*,,서울 성동구,커피전문점,,20211006,,37.5451008,127.0627539,success,성동구,A,골목상권,"3110137",성수초등학교,205519,449630,"11200",성동구,"11200690",성수2가3동,330983
DA7113101B,서울특별시 성동구 성수이로26길 61,성동*****,,서울 성동구,식료품,,20191231,,37.5448693,127.0642431,success,성동구,A,골목상권,"3110137",성수초등학교,205519,449630,"11200",성동구,"11200690",성수2가3동,330983
3EBB8FF3EB,서울특별시 성동구 아차산로11길 26,침묵****,,서울 성동구,와인바,,20220708,,37.5458256,127.0601619,success,성동구,A,골목상권,"3110137",성수초등학교,205519,449630,"11200",성동구,"11200690",성수2가3동,330983
E19551340F,서울특별시 성동구 아차산로13길 16,고로*****,,서울 성동구,일식당,,20230718,,37.5446541,127.0613794,success,성동구,A,골목상권,"3110137",성수초등학교,205519,449630,"11200",성동구,"11200690",성수2가3동,330983
9DE30019C9,서울특별시 성동구 아차산로13길 16,성수*************,커피전문점11,서울 성동구,커피전문점,,20221216,,37.5446541,127.0613794,success,성동구,A,골목상권,"3110137",성수초등학교,205519,449630,"11200",성동구,"11200690",성수2가3동,330983
56CCDF6E4B,서울특별시 성동구 아차산로13길 31,커피*******,,서울 성동구,카페,,20200914,,37.5459231,127.0615109,success,성동구,A,골목상권,"3110137",성수초등학교,205519,449630,"11200",성동구,"11200690",성수2가3동,330983
B870F34E7B,서울특별시 성동구 아차산로13길 31,달님**,,서울 성동구,한식-냉면,,20190313,,37.5459231,127.0615109,success,성동구,A,골목상권,"3110137",성수초등학교,205519,449630,"11200",성동구,"11200690",성수2가3동,330983
EAD182F319,서울특별시 성동구 아차산로13길 31,커피**,,서울 성동구,커피전문점,,20180920,,37.5459231,127.0615109,success,성동구,A,골목상권,"3110137",성수초등학교,205519,449630,"11200",성동구,"11200690",성수2가3동,330983
45CCE83EBB,서울특별시 성동구 아차산로13길 33,마마**,,서울 성동구,중식당,,20170525,,37.5462292,127.0616133,success,성동구,A,골목상권,"3110137",성수초등학교,205519,449630,"11200",성동구,"11200690",성수2가3동,330983
CBBE8C9ACE,서울특별시 성동구 아차산로13길 33,성*,,서울 성동구,중식당,,20210420,,37.5462292,127.0616133,success,성동구,A,골목상권,"3110137",성수초등학교,205519,449630,"11200",성동구,"11200690",성수2가3동,330983
536CC51122,서울특별시 성동구 아차산로13길 37,달구***,,서울 성동구,중식당,,20211208,,37.5466473,127.0618824,success,성동구,A,골목상권,"3110137",성수초등학교,205519,449630,"11200",성동구,"11200690",성수2가3동,330983
48D0F061EB,서울특별시 성동구 아차산로13길 48,카페***************,,서울 성동구,카페,,20210430,,37.5468184,127.0626858,success,성동구,A,골목상권,"3110137",성수초등학교,205519,449630,"11200",성동구,"11200690",성수2가3동,330983
7D41119FA7,서울특별시 성동구 아차산로13길 48,뚝섬**,,서울 성동구,한식-육류/고기,,20241104,,37.5468184,127.0626858,success,성동구,A,골목상권,"3110137",성수초등학교,205519,449630,"11200",성동구,"11200690",성수2가3동,330983
50CCBE90E1,서울특별시 성동구 아차산로15길 10,비비*******,치킨2,서울 성동구,치킨,,20211124,,37.5436961,127.0625164,success,성동구,A,골목상권,"3110137",성수초등학교,205519,449630,"11200",성동구,"11200690",성수2가3동,330983
20CD5C4AB7,서울특별시 성동구 아차산로15길 10,루트*******,,서울 성동구,카페,,20210610,,37.5436961,127.0625164,success,성동구,A,골목상권,"3110137",성수초등학교,205519,449630,"11200",성동구,"11200690",성수2가3동,330983
5BFB461F3A,서울특별시 성동구 아차산로15길 10,매머************,,서울 성동구,커피전문점,,20230404,,37.5436961,127.0625164,success,성동구,A,골목상권,"3110137",성수초등학교,205519,449630,"11200",성동구,"11200690",성수2가3동,330983
F1F5DC5BD6,서울특별시 성동구 아차산로15길 10,성원**,,서울 성동구,백반/가정식,,20190829,,37.5436961,127.0625164,success,성동구,A,골목상권,"3110137",성수초등학교,205519,449630,"11200",성동구,"11200690",성수2가3동,330983
A40A42D539,서울특별시 성동구 아차산로15길 10,사흘**,,서울 성동구,백반/가정식,,20220722,,37.5436961,127.0625164,success,성동구,A,골목상권,"3110137",성수초등학교,205519,449630,"11200",성동구,"11200690",성수2가3동,330983
B5F66DDC32,서울특별시 성동구 아차산로15길 10,난바*******,,서울 성동구,일식-우동/소바/라면,,20220825,20250804,37.5436961,127.0625164,success,성동구,A,골목상권,"3110137",성수초등학교,205519,449630,"11200",성동구,"11200690",성수2가3동,330983
3456938AFA,서울특별시 성동구 아차산로15길 19,이디*********,커피전문점6,서울 성동구,커피전문점,,20200407,,37.5447731,127.0621963,success,성동구,A,골목상권,"3110137",성수초등학교,205519,449630,"11200",성동구,"11200690",성수2가3동,330983
1C1F73D604,서울특별시 성동구 아차산로17길 11,앳모***,,서울 성동구,양식,,20190213,,37.5434682,127.0637629,success,성동구,A,골목상권,"3110137",성수초등학교,205519,449630,"11200",성동구,"11200690",성수2가3동,330983
5F0B05E1D7,서울특별시 성동구 아차산로17길 48,바나********,카페5,서울 성동구,카페,,20240306,,37.5466713,127.0661249,success,성동구,A,골목상권,"3110137",성수초등학교,205519,449630,"11200",성동구,"11200690",성수2가3동,330983
309BDE407B,서울특별시 성동구 아차산로17길 48,쥬스************,,서울 성동구,카페,,20240802,,37.5466713,127.0661249,success,성동구,A,골목상권,"3110137",성수초등학교,205519,449630,"11200",성동구,"11200690",성수2가3동,330983
821200D58F,서울특별시 성동구 아차산로17길 48,후라*******,,서울 성동구,일식당,,20241008,,37.5466713,127.0661249,success,성동구,A,골목상권,"3110137",성수초등학교,205519,449630,"11200",성동구,"11200690",성수2가3동,330983
"0CB94CB82A",서울특별시 성동구 아차산로17길 48,매머***********,,서울 성동구,커피전문점,,20200806,,37.5466713,127.0661249,success,성동구,A,골목상권,"3110137",성수초등학교,205519,449630,"11200",성동구,"11200690",성수2가3동,330983
"08BFC4265D",서울특별시 성동구 아차산로17길 49,뚜레***********,베이커리2,서울 성동구,베이커리,,20240617,,37.5465726,127.0645949,success,성동구,A,골목상권,"3110137",성수초등학교,205519,449630,"11200",성동구,"11200690",성수2가3동,330983
87500B57DE,서울특별시 성동구 아차산로17길 49,반포******,동남아/인도음식2,서울 성동구,동남아/인도음식,,20201027,,37.5465726,127.0645949,success,성동구,A,골목상권,"3110137",성수초등학교,205519,449630,"11200",성동구,"11200690",성수2가3동,330983
1C69DD5AFC,서울특별시 성동구 아차산로17길 57,빽다********,커피전문점4,서울 성동구,커피전문점,,20210218,,37.5475832,127.0658923,success,성동구,A,골목상권,"3110137",성수초등학교,205519,449630,"11200",성동구,"11200690",성수2가3동,330983
57DEE6D415,서울특별시 성동구 아차산로9길 30-9,오씨******************************,,서울 성동구,카페,성수,20220719,,37.5465622,127.059283,success,성동구,A,골목상권,"3110137",성수초등학교,205519,449630,"11200",성동구,"11200690",성수2가3동,330983
D5A688AFCD,서울특별시 성동구 아차산로13길 23-1,제일***,,서울 성동구,한식-국밥/설렁탕,,20210903,,37.5454344,127.0613248,success,성동구,A,골목상권,"3110137",성수초등학교,205519,449630,"11200",성동구,"11200690",성수2가3동,330983
2F190FBDCA,서울특별시 성동구 아차산로13길 37,쉭앤****,,서울 성동구,카페,,20230721,,37.5466473,127.0618824,success,성동구,A,골목상권,"3110137",성수초등학교,205519,449630,"11200",성동구,"11200690",성수2가3동,330983
428FFBD76A,서울특별시 성동구 광나루로 296,퓨엘**,,서울 성동구,카페,,20230130,,37.5479127,127.0625345,success,성동구,A,골목상권,"3110137",성수초등학교,205519,449630,"11200",성동구,"11200690",성수2가3동,330983
AEF0DF6708,서울특별시 성동구 아차산로17길 57,컴포**********,커피전문점11,서울 성동구,커피전문점,,20210831,,37.5475832,127.0658923,success,성동구,A,골목상권,"3110137",성수초등학교,205519,449630,"11200",성동구,"11200690",성수2가3동,330983
52BE681A0A,서울 성동구 사근동 178,미네***,,서울 성동구,일식-우동/소바/라면,한양대,20161014,,37.5606291,127.0472083,success,성동구,A,골목상권,"3110125",사근동살곶이상점가,204116,451277,"11200",성동구,"11200550",사근동,128923
8532D4C362,서울 성동구 사근동11길,그린******,,서울 성동구,카페,,20230223,,37.5628514,127.0465534,success,성동구,A,골목상권,"3110125",사근동살곶이상점가,204116,451277,"11200",성동구,"11200550",사근동,128923
E73D1C3E58,서울 성동구 사근동8길 8,다시***,,서울 성동구,치킨,한양대,20100316,,37.5604419,127.0467322,success,성동구,A,골목상권,"3110125",사근동살곶이상점가,204116,451277,"11200",성동구,"11200550",사근동,128923
1184FDF48F,서울 성동구 사근동길 55,사*,,서울 성동구,축산물,한양대,20061002,,37.5609629,127.0470963,success,성동구,A,골목상권,"3110125",사근동살곶이상점가,204116,451277,"11200",성동구,"11200550",사근동,128923
2F5708B372,서울 성동구 사근동길 58,우리**,,서울 성동구,식료품,한양대,20060102,,37.5607968,127.0473956,success,성동구,A,골목상권,"3110125",사근동살곶이상점가,204116,451277,"11200",성동구,"11200550",사근동,128923
5106B234F1,서울 성동구 사근동길 6.,투고***,백반/가정식22,서울 성동구,백반/가정식,한양대,20160504,,37.5601217,127.0420018,success,성동구,A,골목상권,"3110125",사근동살곶이상점가,204116,451277,"11200",성동구,"11200550",사근동,128923
C0A51FB362,서울 성동구 사근동8길 3.,타이******************,,서울 성동구,동남아/인도음식,한양대,20161017,,37.5606291,127.0472083,success,성동구,A,골목상권,"3110125",사근동살곶이상점가,204116,451277,"11200",성동구,"11200550",사근동,128923
9F2544F7AA,서울 성동구 사근동길 18.,7번********,피자1,서울 성동구,피자,한양대,20160608,,37.5605833,127.0431726,success,성동구,A,골목상권,"3110125",사근동살곶이상점가,204116,451277,"11200",성동구,"11200550",사근동,128923
D72BC9D1A2,서울 성동구 사근동길 59.,카페****,,서울 성동구,카페,한양대,20211125,,37.5610666,127.047528,success,성동구,A,골목상권,"3110125",사근동살곶이상점가,204116,451277,"11200",성동구,"11200550",사근동,128923
41D474F092,서울 성동구 사근동길 59.,행복***,,서울 성동구,베이커리,한양대,20091127,,37.5610666,127.047528,success,성동구,A,골목상권,"3110125",사근동살곶이상점가,204116,451277,"11200",성동구,"11200550",사근동,128923
5B1438B461,서울 성동구 사근동길 66.,영희*******,,서울 성동구,한식-국수/만두,한양대,20160401,,37.5610052,127.0481157,success,성동구,A,골목상권,"3110125",사근동살곶이상점가,204116,451277,"11200",성동구,"11200550",사근동,128923
9C3495D73F,서울 성동구 사근동길 68.,한솥************,도시락3,서울 성동구,도시락,한양대,20110228,,37.5610519,127.0483382,success,성동구,A,골목상권,"3110125",사근동살곶이상점가,204116,451277,"11200",성동구,"11200550",사근동,128923
8ACE476158,서울 성동구 사근동길 68.,하이*,,서울 성동구,호프/맥주,한양대,20110304,,37.5610519,127.0483382,success,성동구,A,골목상권,"3110125",사근동살곶이상점가,204116,451277,"11200",성동구,"11200550",사근동,128923
498B5C1AB7,서울 성동구 사근동길 68.,셰프*****,,서울 성동구,일식-덮밥/돈가스,한양대,20160627,,37.5610519,127.0483382,success,성동구,A,골목상권,"3110125",사근동살곶이상점가,204116,451277,"11200",성동구,"11200550",사근동,128923
151C15F277,서울 성동구 사근동11길 3.,할매**,,서울 성동구,한식-육류/고기,,20170118,,37.5612833,127.0479467,success,성동구,A,골목상권,"3110125",사근동살곶이상점가,204116,451277,"11200",성동구,"11200550",사근동,128923
63135A8618,서울 성동구 사근동12길 4.,복고*********,커피전문점3,서울 성동구,커피전문점,한양대,20050610,,37.5608538,127.0481963,success,성동구,A,골목상권,"3110125",사근동살곶이상점가,204116,451277,"11200",성동구,"11200550",사근동,128923
77B5670808,서울 성동구 사근동12길 8.,앨*,,서울 성동구,카페,한양대,20160629,,37.5605982,127.0482878,success,성동구,A,골목상권,"3110125",사근동살곶이상점가,204116,451277,"11200",성동구,"11200550",사근동,128923
46EE1185BE,서울 성동구 사근동10길 2-1,삼거***,,서울 성동구,백반/가정식,한양대,20121227,,37.5608875,127.04791,success,성동구,A,골목상권,"3110125",사근동살곶이상점가,204116,451277,"11200",성동구,"11200550",사근동,128923
1E6037D02E,서울특별시 성동구 사근동길 6,하이**,,서울 성동구,분식,한양대,20220422,,37.5601217,127.0420018,success,성동구,A,골목상권,"3110125",사근동살곶이상점가,204116,451277,"11200",성동구,"11200550",사근동,128923
DFF740F6CA,서울특별시 성동구 사근동길 6,라가******,,서울 성동구,한식-단품요리일반,한양대,20240801,,37.5601217,127.0420018,success,성동구,A,골목상권,"3110125",사근동살곶이상점가,204116,451277,"11200",성동구,"11200550",사근동,128923
EA5FAE889A,서울특별시 성동구 사근동8길 6,더스******,,서울 성동구,커피전문점,한양대,20190502,,37.5606053,127.0467788,success,성동구,A,골목상권,"3110125",사근동살곶이상점가,204116,451277,"11200",성동구,"11200550",사근동,128923
B101875C3F,서울특별시 성동구 사근동9길 1,종점***,,서울 성동구,샌드위치/토스트,한양대,20240125,,37.5609749,127.0472745,success,성동구,A,골목상권,"3110125",사근동살곶이상점가,204116,451277,"11200",성동구,"11200550",사근동,128923
"07F3A46C54",서울특별시 성동구 사근동길 12,화미**,,서울 성동구,중식-훠궈/마라탕,한양대,20240108,,37.5602574,127.0423706,success,성동구,A,골목상권,"3110125",사근동살곶이상점가,204116,451277,"11200",성동구,"11200550",사근동,128923
161833AB04,서울특별시 성동구 사근동길 18,비에************,치킨3,서울 성동구,치킨,한양대,20211208,,37.5605833,127.0431726,success,성동구,A,골목상권,"3110125",사근동살곶이상점가,204116,451277,"11200",성동구,"11200550",사근동,128923
99C504D739,서울특별시 성동구 사근동길 43,오케*******************,,서울 성동구,아이스크림/빙수,한양대,20220331,,37.5610263,127.0457277,success,성동구,A,골목상권,"3110125",사근동살곶이상점가,204116,451277,"11200",성동구,"11200550",사근동,128923
3F033E596C,서울특별시 성동구 사근동길 53,하*,,서울 성동구,베이커리,한양대,20240711,,37.5609987,127.046828,success,성동구,A,골목상권,"3110125",사근동살곶이상점가,204116,451277,"11200",성동구,"11200550",사근동,128923
"5183626392",서울특별시 성동구 사근동길 54,압구**********,,서울 성동구,한식-찌개/전골,한양대,20190904,,37.5607483,127.0467899,success,성동구,A,골목상권,"3110125",사근동살곶이상점가,204116,451277,"11200",성동구,"11200550",사근동,128923
4E4FF6A584,서울특별시 성동구 사근동길 56,참진****,,서울 성동구,한식-국밥/설렁탕,한양대,20190730,20250718,37.5607664,127.0471089,success,성동구,A,골목상권,"3110125",사근동살곶이상점가,204116,451277,"11200",성동구,"11200550",사근동,128923
ACA6852B94,서울특별시 성동구 사근동길 58,데일******,,서울 성동구,식료품,한양대,20230426,20250714,37.5607968,127.0473956,success,성동구,A,골목상권,"3110125",사근동살곶이상점가,204116,451277,"11200",성동구,"11200550",사근동,128923
9C580867E4,서울특별시 성동구 사근동길 61,세원***,,서울 성동구,축산물,한양대,20200221,,37.56115,127.0477295,success,성동구,A,골목상권,"3110125",사근동살곶이상점가,204116,451277,"11200",성동구,"11200550",사근동,128923
6F17AD6277,서울특별시 성동구 사근동길 61,화이********,,서울 성동구,커피전문점,한양대,20200812,,37.56115,127.0477295,success,성동구,A,골목상권,"3110125",사근동살곶이상점가,204116,451277,"11200",성동구,"11200550",사근동,128923
B5E96D7BB4,서울특별시 성동구 사근동길 64,오잉********,,서울 성동구,카페,한양대,20230222,,37.5609909,127.047972,success,성동구,A,골목상권,"3110125",사근동살곶이상점가,204116,451277,"11200",성동구,"11200550",사근동,128923
CF185DF6A6,서울특별시 성동구 사근동길 66,한양*********,,서울 성동구,한식-단품요리일반,한양대,20230524,,37.5610052,127.0481157,success,성동구,A,골목상권,"3110125",사근동살곶이상점가,204116,451277,"11200",성동구,"11200550",사근동,128923
D17F92EAE0,서울특별시 성동구 사근동길 68,아빠*************,,서울 성동구,아이스크림/빙수,한양대,20240328,,37.5610519,127.0483382,success,성동구,A,골목상권,"3110125",사근동살곶이상점가,204116,451277,"11200",성동구,"11200550",사근동,128923
3C6D370558,서울특별시 성동구 사근동11길 3,피자*,,서울 성동구,피자,,20170823,,37.5612833,127.0479467,success,성동구,A,골목상권,"3110125",사근동살곶이상점가,204116,451277,"11200",성동구,"11200550",사근동,128923
A66BAF7A4E,서울특별시 성동구 사근동11길 7,스시*****,,서울 성동구,일식당,,20220927,,37.5616894,127.0479524,success,성동구,A,골목상권,"3110125",사근동살곶이상점가,204116,451277,"11200",성동구,"11200550",사근동,128923
"636D494093",서울특별시 성동구 사근동4길 11,한양*,,서울 성동구,백반/가정식,한양대,20240814,,37.5603304,127.0466354,success,성동구,A,골목상권,"3110125",사근동살곶이상점가,204116,451277,"11200",성동구,"11200550",사근동,128923
FF73A2D71A,서울특별시 성동구 사근동8길 12,스타***,,서울 성동구,한식-단품요리일반,한양대,20170202,,37.5601252,127.0466524,success,성동구,A,골목상권,"3110125",사근동살곶이상점가,204116,451277,"11200",성동구,"11200550",사근동,128923
"0487117D58",서울특별시 성동구 사근동10길 14,카페****************,,서울 성동구,카페,한양대,20210903,,37.5605361,127.0489344,success,성동구,A,골목상권,"3110125",사근동살곶이상점가,204116,451277,"11200",성동구,"11200550",사근동,128923
664477153F,서울특별시 성동구 사근동8가길 1,한끼*****,,서울 성동구,백반/가정식,한양대,20180425,,37.5607114,127.0473742,success,성동구,A,골목상권,"3110125",사근동살곶이상점가,204116,451277,"11200",성동구,"11200550",사근동,128923
57D8D0DAEE,서울특별시 성동구 사근동길 20-1,올쿡*******,,서울 성동구,반찬,한양대,20240405,,37.56067,127.0433413,success,성동구,A,골목상권,"3110125",사근동살곶이상점가,204116,451277,"11200",성동구,"11200550",사근동,128923
831DD29FAB,서울특별시 성동구 사근동길 52-1,카페***,,서울 성동구,카페,한양대,20200923,,37.5607166,127.0466531,success,성동구,A,골목상권,"3110125",사근동살곶이상점가,204116,451277,"11200",성동구,"11200550",사근동,128923
E376C90F04,서울특별시 성동구 사근동길 63-1,다모*,,서울 성동구,식료품,한양대,20240123,,37.5611907,127.0480091,success,성동구,A,골목상권,"3110125",사근동살곶이상점가,204116,451277,"11200",성동구,"11200550",사근동,128923
"03A581D873",서울특별시 성동구 사근동12길 7-1,원조*******,,서울 성동구,한식-단품요리일반,한양대,20170830,,37.560411,127.0484076,success,성동구,A,골목상권,"3110125",사근동살곶이상점가,204116,451277,"11200",성동구,"11200550",사근동,128923
CA4136E334,서울 성동구 천호대로 440.,와이************,,서울 성동구,건강식품,장한평자동차,20221021,,37.5606423,127.0678101,success,성동구,D,발달상권,"3120066",장한평역(장한평),205699,451402,"11230",동대문구,"11230650",장안1동,450074
"0AFA56720B",서울 성동구 자동차시장1길 34,재동***,,서울 성동구,백반/가정식,장한평자동차,20020430,,37.560993,127.0611971,success,성동구,D,발달상권,"3120066",장한평역(장한평),205699,451402,"11230",동대문구,"11230650",장안1동,450074
6B4A395662,서울 성동구 자동차시장1길 70,맛나**,,서울 성동구,백반/가정식,장한평자동차,20150520,,37.5602103,127.0662611,success,성동구,D,발달상권,"3120066",장한평역(장한평),205699,451402,"11230",동대문구,"11230650",장안1동,450074
1EAFF3E9E0,서울 성동구 천호대로 396-15.,삼미**,,서울 성동구,한식-육류/고기,장한평자동차,20061025,,37.5611565,127.062937,success,성동구,D,발달상권,"3120066",장한평역(장한평),205699,451402,"11230",동대문구,"11230650",장안1동,450074
9304FF81A2,서울 성동구 자동차시장1길 70.,이조***,,서울 성동구,한식-국밥/설렁탕,장한평자동차,20140321,,37.5602103,127.0662611,success,성동구,D,발달상권,"3120066",장한평역(장한평),205699,451402,"11230",동대문구,"11230650",장안1동,450074
A4D5BDDEDF,서울 성동구 자동차시장1길 82.,제일**,,서울 성동구,백반/가정식,답십리,20121204,,37.5604109,127.0642292,success,성동구,D,발달상권,"3120066",장한평역(장한평),205699,451402,"11230",동대문구,"11230650",장안1동,450074
202F736EBC,서울 성동구 자동차시장1길 90.,화목***,,서울 성동구,백반/가정식,장한평자동차,20131202,,37.5604109,127.0642292,success,성동구,D,발달상권,"3120066",장한평역(장한평),205699,451402,"11230",동대문구,"11230650",장안1동,450074
"0FA542A8DB",서울 성동구 자동차시장1길 70 .,대지**,,서울 성동구,카페,장한평자동차,20190625,,37.5602103,127.0662611,success,성동구,D,발달상권,"3120066",장한평역(장한평),205699,451402,"11230",동대문구,"11230650",장안1동,450074
9042A5401C,서울 성동구 자동차시장1길 96 .,비바***,,서울 성동구,카페,장한평자동차,20181004,20250806,37.5598985,127.0683739,success,성동구,D,발달상권,"3120066",장한평역(장한평),205699,451402,"11230",동대문구,"11230650",장안1동,450074
BF872A7E89,서울특별시 성동구 천호대로 400,매머**************,카페4,서울 성동구,카페,장한평자동차,20170306,,37.5612866,127.0633534,success,성동구,D,발달상권,"3120066",장한평역(장한평),205699,451402,"11230",동대문구,"11230650",장안1동,450074
BA9B0547FD,서울특별시 성동구 천호대로 416,투썸**********,커피전문점13,서울 성동구,커피전문점,장한평자동차,20230717,,37.5610126,127.0651049,success,성동구,D,발달상권,"3120066",장한평역(장한평),205699,451402,"11230",동대문구,"11230650",장안1동,450074
85C6B72386,서울특별시 성동구 천호대로 426,메가***************,커피전문점2,서울 성동구,커피전문점,장한평자동차,20240904,,37.560871,127.0661962,success,성동구,D,발달상권,"3120066",장한평역(장한평),205699,451402,"11230",동대문구,"11230650",장안1동,450074
C2A525F314,서울특별시 성동구 천호대로 426,폭*,,서울 성동구,일반 유흥주점,장한평자동차,20241115,,37.560871,127.0661962,success,성동구,D,발달상권,"3120066",장한평역(장한평),205699,451402,"11230",동대문구,"11230650",장안1동,450074
A523C21333,서울특별시 성동구 천호대로 432,큐브******,,서울 성동구,일반 유흥주점,장한평자동차,20210506,,37.5607815,127.0668588,success,성동구,D,발달상권,"3120066",장한평역(장한평),205699,451402,"11230",동대문구,"11230650",장안1동,450074
2402B1EA00,서울  성동구  자동차시장1길  82,장안**,,서울 성동구,백반/가정식,답십리,20120316,,37.5604109,127.0642292,success,성동구,D,발달상권,"3120066",장한평역(장한평),205699,451402,"11230",동대문구,"11230650",장안1동,450074
F677279FBB,서울 성동구 자동차시장1길 24-1.,청해*,중식당6,서울 성동구,중식당,장한평자동차,20070629,,37.5611727,127.060229,success,성동구,D,발달상권,"3120066",장한평역(장한평),205699,451402,"11230",동대문구,"11230650",장안1동,450074
65199A38DE,서울 성동구 자동차시장1길 30-10,뚱이***,,서울 성동구,포장마차,장한평자동차,20150713,,37.560979,127.060752,success,성동구,D,발달상권,"3120066",장한평역(장한평),205699,451402,"11230",동대문구,"11230650",장안1동,450074
B5AD8350EE,서울 성동구 자동차시장1길 94-15.,동대******,,서울 성동구,한식-찌개/전골,장한평자동차,20180516,,37.5596173,127.0681107,success,성동구,D,발달상권,"3120066",장한평역(장한평),205699,451402,"11230",동대문구,"11230650",장안1동,450074
CED8E4AEE5,서울특별시 성동구 자동차시장1길 30,이도**,,서울 성동구,카페,장한평자동차,20200612,,37.5610931,127.0607759,success,성동구,D,발달상권,"3120066",장한평역(장한평),205699,451402,"11230",동대문구,"11230650",장안1동,450074
FB53D5547B,서울특별시 성동구 자동차시장1길 30,고*,,서울 성동구,백반/가정식,장한평자동차,20240328,,37.5610931,127.0607759,success,성동구,D,발달상권,"3120066",장한평역(장한평),205699,451402,"11230",동대문구,"11230650",장안1동,450074
"01EDD97C21",서울특별시 성동구 자동차시장1길 39,일카*,,서울 성동구,커피전문점,장한평자동차,20190208,,37.5612052,127.062024,success,성동구,D,발달상권,"3120066",장한평역(장한평),205699,451402,"11230",동대문구,"11230650",장안1동,450074
239818D1A0,서울특별시 성동구 자동차시장1길 39,의정*****,한식-찌개/전골2,서울 성동구,한식-찌개/전골,장한평자동차,20230817,,37.5612052,127.062024,success,성동구,D,발달상권,"3120066",장한평역(장한평),205699,451402,"11230",동대문구,"11230650",장안1동,450074
3CFB121A76,서울특별시 성동구 자동차시장1길 41,한컵**,,서울 성동구,청과물,장한평자동차,20231012,,37.5611555,127.0623712,success,성동구,D,발달상권,"3120066",장한평역(장한평),205699,451402,"11230",동대문구,"11230650",장안1동,450074
34ADC7D5B3,서울특별시 성동구 자동차시장1길 70,카페**,,서울 성동구,카페,장한평자동차,20231117,,37.5602103,127.0662611,success,성동구,D,발달상권,"3120066",장한평역(장한평),205699,451402,"11230",동대문구,"11230650",장안1동,450074
88E81CCBFD,서울특별시 성동구 자동차시장1길 70,코롱**,,서울 성동구,식료품,장한평자동차,20221129,,37.5602103,127.0662611,success,성동구,D,발달상권,"3120066",장한평역(장한평),205699,451402,"11230",동대문구,"11230650",장안1동,450074
E6C9F20B2C,서울특별시 성동구 자동차시장1길 70,다*,,서울 성동구,한정식,장한평자동차,20171031,,37.5602103,127.0662611,success,성동구,D,발달상권,"3120066",장한평역(장한평),205699,451402,"11230",동대문구,"11230650",장안1동,450074
D8D8741AE4,서울특별시 성동구 자동차시장1길 70,밀물**,,서울 성동구,백반/가정식,장한평자동차,20190422,,37.5602103,127.0662611,success,성동구,D,발달상권,"3120066",장한평역(장한평),205699,451402,"11230",동대문구,"11230650",장안1동,450074
CACF934A33,서울특별시 성동구 자동차시장1길 70,남도**,,서울 성동구,백반/가정식,장한평자동차,20191202,,37.5602103,127.0662611,success,성동구,D,발달상권,"3120066",장한평역(장한평),205699,451402,"11230",동대문구,"11230650",장안1동,450074
D757DF77E2,서울특별시 성동구 자동차시장1길 70,전라***,,서울 성동구,백반/가정식,장한평자동차,20210330,,37.5602103,127.0662611,success,성동구,D,발달상권,"3120066",장한평역(장한평),205699,451402,"11230",동대문구,"11230650",장안1동,450074
3D56F4D9D7,서울특별시 성동구 자동차시장1길 70,영광**,,서울 성동구,백반/가정식,장한평자동차,20221031,,37.5602103,127.0662611,success,성동구,D,발달상권,"3120066",장한평역(장한평),205699,451402,"11230",동대문구,"11230650",장안1동,450074
EB8CAF5738,서울특별시 성동구 자동차시장1길 70,삼천***,,서울 성동구,백반/가정식,장한평자동차,20230426,,37.5602103,127.0662611,success,성동구,D,발달상권,"3120066",장한평역(장한평),205699,451402,"11230",동대문구,"11230650",장안1동,450074
"056644D0B0",서울특별시 성동구 자동차시장1길 70,광주**,,서울 성동구,백반/가정식,장한평자동차,20240913,,37.5602103,127.0662611,success,성동구,D,발달상권,"3120066",장한평역(장한평),205699,451402,"11230",동대문구,"11230650",장안1동,450074
"4912143622",서울특별시 성동구 자동차시장1길 70,장평**,,서울 성동구,한식-육류/고기,장한평자동차,20240226,,37.5602103,127.0662611,success,성동구,D,발달상권,"3120066",장한평역(장한평),205699,451402,"11230",동대문구,"11230650",장안1동,450074
5811A8E05B,서울특별시 성동구 자동차시장1길 70,이일******,,서울 성동구,한식-단품요리일반,장한평자동차,20171205,,37.5602103,127.0662611,success,성동구,D,발달상권,"3120066",장한평역(장한평),205699,451402,"11230",동대문구,"11230650",장안1동,450074
C0B5FF000E,서울특별시 성동구 자동차시장1길 70,시골******,,서울 성동구,한식-단품요리일반,장한평자동차,20210112,,37.5602103,127.0662611,success,성동구,D,발달상권,"3120066",장한평역(장한평),205699,451402,"11230",동대문구,"11230650",장안1동,450074
B16991A830,서울특별시 성동구 자동차시장1길 70,서울**,,서울 성동구,한식-단품요리일반,장한평자동차,20240618,,37.5602103,127.0662611,success,성동구,D,발달상권,"3120066",장한평역(장한평),205699,451402,"11230",동대문구,"11230650",장안1동,450074
C71D78655F,서울특별시 성동구 자동차시장1길 85,그레******,,서울 성동구,카페,장한평자동차,20220324,20231018,37.5604691,127.0671318,success,성동구,D,발달상권,"3120066",장한평역(장한평),205699,451402,"11230",동대문구,"11230650",장안1동,450074
41FCF57F43,서울특별시 성동구 자동차시장1길 85,그레*****,,서울 성동구,카페,장한평자동차,20231018,,37.5604691,127.0671318,success,성동구,D,발달상권,"3120066",장한평역(장한평),205699,451402,"11230",동대문구,"11230650",장안1동,450074
D9C37DB102,서울 성동구 용답19길 5,로데***,,서울 성동구,한식-육류/고기,답십리,20050525,,37.5628967,127.0516693,success,성동구,R,전통시장,"3130072",성동용답상가시장,204691,451606,"11200",성동구,"11200790",용답동,118065
7DF4881E0F,서울 성동구 용답19길 5.,조개****,,서울 성동구,한식-해물/생선,답십리,20080701,,37.5628967,127.0516693,success,성동구,R,전통시장,"3130072",성동용답상가시장,204691,451606,"11200",성동구,"11200790",용답동,118065
D6F7A9FA64,서울 성동구 용답19길 9.,애솔*****,,서울 성동구,한식-육류/고기,답십리,20000727,,37.5631887,127.0519731,success,성동구,R,전통시장,"3130072",성동용답상가시장,204691,451606,"11200",성동구,"11200790",용답동,118065
8BB9732BBC,서울 성동구 용답29길 13,한길**,,서울 성동구,식료품,답십리,20090417,,37.5639071,127.0545676,success,성동구,R,전통시장,"3130072",성동용답상가시장,204691,451606,"11200",성동구,"11200790",용답동,118065
242ECF834A,서울 성동구 용답동 14-2,동수******,,서울 성동구,한식-육류/고기,답십리,20161213,,37.5643552,127.0539769,success,성동구,R,전통시장,"3130072",성동용답상가시장,204691,451606,"11200",성동구,"11200790",용답동,118065
937948A121,서울 성동구 용답동 47-1,소문*******,,서울 성동구,백반/가정식,답십리,20131209,,37.5635065,127.0529916,success,성동구,R,전통시장,"3130072",성동용답상가시장,204691,451606,"11200",성동구,"11200790",용답동,118065
A9F6CC9185,서울 성동구 용답19길 13.,술사*,,서울 성동구,호프/맥주,답십리,20121218,,37.5634224,127.0522378,success,성동구,R,전통시장,"3130072",성동용답상가시장,204691,451606,"11200",성동구,"11200790",용답동,118065
E8E65B04C4,서울 성동구 용답19길 15.,북촌******,,서울 성동구,한식-육류/고기,답십리,20180411,,37.5635525,127.0523915,success,성동구,R,전통시장,"3130072",성동용답상가시장,204691,451606,"11200",성동구,"11200790",용답동,118065
4E0A2F790E,서울 성동구 용답29길 11.,한가******,,서울 성동구,한식-육류/고기,답십리,20081024,,37.5637418,127.0547902,success,성동구,R,전통시장,"3130072",성동용답상가시장,204691,451606,"11200",성동구,"11200790",용답동,118065
1E00B3CC15,서울 성동구 용답29길 28.,럼프**,,서울 성동구,한식-단품요리일반,답십리,20141029,20230504,37.5649222,127.0535444,success,성동구,R,전통시장,"3130072",성동용답상가시장,204691,451606,"11200",성동구,"11200790",용답동,118065
E653603CB6,서울 성동구 천호대로 312,파리*******,베이커리10,서울 성동구,베이커리,답십리,20090528,,37.5649818,127.0545561,success,성동구,R,전통시장,"3130072",성동용답상가시장,204691,451606,"11200",성동구,"11200790",용답동,118065
BDF140D87B,서울 성동구 용답15길 10-1,이천***,,서울 성동구,미곡상,답십리,20080218,,37.5640352,127.0516357,success,성동구,R,전통시장,"3130072",성동용답상가시장,204691,451606,"11200",성동구,"11200790",용답동,118065
"022FF198C7",서울 성동구 용답19길 16-1,후루***,,서울 성동구,한식-국수/만두,답십리,20100409,,37.563455,127.0527023,success,성동구,R,전통시장,"3130072",성동용답상가시장,204691,451606,"11200",성동구,"11200790",용답동,118065
8452B8C46E,서울 성동구 용답25라길 23,부흥**,,서울 성동구,농산물,답십리,20070321,,37.5635065,127.0529916,success,성동구,R,전통시장,"3130072",성동용답상가시장,204691,451606,"11200",성동구,"11200790",용답동,118065
515A6733F3,서울 성동구 용답25라길 23,행복**********,,서울 성동구,축산물,답십리,20090904,,37.5635065,127.0529916,success,성동구,R,전통시장,"3130072",성동용답상가시장,204691,451606,"11200",성동구,"11200790",용답동,118065
C42A4207F3,서울 성동구 용답중앙길 67,충북**,,서울 성동구,농산물,답십리,20110608,,37.5636899,127.0531947,success,성동구,R,전통시장,"3130072",성동용답상가시장,204691,451606,"11200",성동구,"11200790",용답동,118065
56DDDE972B,서울 성동구 용답중앙길 72,오늘**,,서울 성동구,농산물,답십리,20170717,,37.5631687,127.0534453,success,성동구,R,전통시장,"3130072",성동용답상가시장,204691,451606,"11200",성동구,"11200790",용답동,118065
1A185BC72B,서울 성동구 용답19가길 23.,집밥***,,서울 성동구,한식-해물/생선,답십리,20191119,,37.5639437,127.0523891,success,성동구,R,전통시장,"3130072",성동용답상가시장,204691,451606,"11200",성동구,"11200790",용답동,118065
B30333D048,서울 성동구 용답19길 10-2.,할루***,,서울 성동구,치킨,,20101018,,37.5630885,127.0522696,success,성동구,R,전통시장,"3130072",성동용답상가시장,204691,451606,"11200",성동구,"11200790",용답동,118065
DE85469897,서울 성동구 용답29길 15-1.,쪽선*,,서울 성동구,한식-육류/고기,답십리,20160218,,37.5640778,127.0543503,success,성동구,R,전통시장,"3130072",성동용답상가시장,204691,451606,"11200",성동구,"11200790",용답동,118065
4BB1D5083E,서울 성동구 용답중앙15길 2,사거***,,서울 성동구,청과물,답십리,20070626,,37.5637963,127.0530996,success,성동구,R,전통시장,"3130072",성동용답상가시장,204691,451606,"11200",성동구,"11200790",용답동,118065
1B554AAC24,서울 성동구 용답중앙길 55.,서박*****,,서울 성동구,한식-냉면,답십리,20151201,,37.5644054,127.0522191,success,성동구,R,전통시장,"3130072",성동용답상가시장,204691,451606,"11200",성동구,"11200790",용답동,118065
1CB111F32B,서울 성동구 용답중앙길 69.,서울**,,서울 성동구,농산물,답십리,20160801,,37.5635897,127.0533293,success,성동구,R,전통시장,"3130072",성동용답상가시장,204691,451606,"11200",성동구,"11200790",용답동,118065
9853358A8C,서울 성동구 용답중앙13길 16,놀부**,,서울 성동구,치킨,답십리,20070105,,37.565417,127.0532306,success,성동구,R,전통시장,"3130072",성동용답상가시장,204691,451606,"11200",성동구,"11200790",용답동,118065
B258F812BE,서울 성동구 용답중앙13길 18,참치**,,서울 성동구,일식당,답십리,20001117,,37.565584,127.053447,success,성동구,R,전통시장,"3130072",성동용답상가시장,204691,451606,"11200",성동구,"11200790",용답동,118065
4118B90D6E,서울 성동구 용답중앙15길 1.,홍두***,,서울 성동구,백반/가정식,답십리,20140423,,37.5639432,127.0528476,success,성동구,R,전통시장,"3130072",성동용답상가시장,204691,451606,"11200",성동구,"11200790",용답동,118065
49C5A0B4DF,서울 성동구 용답중앙15길 12,신마*********,한식-육류/고기14,서울 성동구,한식-육류/고기,답십리,19981111,,37.5643695,127.053773,success,성동구,R,전통시장,"3130072",성동용답상가시장,204691,451606,"11200",성동구,"11200790",용답동,118065
2EA62B1198,서울 성동구 용답중앙15길 13,유가***************,,서울 성동구,한식-단품요리일반,답십리,20080721,,37.5647562,127.0537879,success,성동구,R,전통시장,"3130072",성동용답상가시장,204691,451606,"11200",성동구,"11200790",용답동,118065
CEF5C00333,서울 성동구 용답중앙15길 5.,해원**,,서울 성동구,한식-해물/생선,답십리,20070426,,37.5641279,127.0530902,success,성동구,R,전통시장,"3130072",성동용답상가시장,204691,451606,"11200",성동구,"11200790",용답동,118065
A5FE1B0CC9,서울 성동구 용답중앙15길 7.,응답******,,서울 성동구,한식-단품요리일반,답십리,20050819,,37.5643058,127.0532586,success,성동구,R,전통시장,"3130072",성동용답상가시장,204691,451606,"11200",성동구,"11200790",용답동,118065
383948C8CC,서울 성동구 용답중앙15길 9.,초밥****,,서울 성동구,일식당,답십리,20150903,,37.5644247,127.0533999,success,성동구,R,전통시장,"3130072",성동용답상가시장,204691,451606,"11200",성동구,"11200790",용답동,118065
4C54436E59,서울 성동구 용답중앙25길 1.,맹꽁*,,서울 성동구,한식-단품요리일반,답십리,20170102,,37.5630118,127.0541058,success,성동구,R,전통시장,"3130072",성동용답상가시장,204691,451606,"11200",성동구,"11200790",용답동,118065
508830F630,서울 성동구 용답중앙길 80-1,코너***,,서울 성동구,축산물,답십리,20000805,,37.562674,127.054104,success,성동구,R,전통시장,"3130072",성동용답상가시장,204691,451606,"11200",성동구,"11200790",용답동,118065
60334AB92C,서울특별시 성동구 용답길 85,투썸*********,커피전문점13,서울 성동구,커피전문점,,20221017,,37.5623708,127.0515277,success,성동구,R,전통시장,"3130072",성동용답상가시장,204691,451606,"11200",성동구,"11200790",용답동,118065
74A053F902,서울 성동구 용답중앙13길 16.,기분***,,서울 성동구,한식-단품요리일반,답십리,20160309,,37.565417,127.0532306,success,성동구,R,전통시장,"3130072",성동용답상가시장,204691,451606,"11200",성동구,"11200790",용답동,118065
F46D45E328,서울 성동구 용답중앙15길 13.,미*,,서울 성동구,중식당,답십리,20131128,,37.5647562,127.0537879,success,성동구,R,전통시장,"3130072",성동용답상가시장,204691,451606,"11200",성동구,"11200790",용답동,118065
105CC28499,서울 성동구 용답중앙15길 13.,보쌈******,,서울 성동구,한식-육류/고기,답십리,20051104,,37.5647562,127.0537879,success,성동구,R,전통시장,"3130072",성동용답상가시장,204691,451606,"11200",성동구,"11200790",용답동,118065
E48396576D,서울 성동구 용답중앙15길 5-1,통돼************,,서울 성동구,한식-육류/고기,답십리,20080612,,37.5641748,127.0531476,success,성동구,R,전통시장,"3130072",성동용답상가시장,204691,451606,"11200",성동구,"11200790",용답동,118065
844744615F,서울 성동구 용답중앙25길 11.,팔자***,,서울 성동구,백반/가정식,답십리,20150327,,37.5636813,127.0548972,success,성동구,R,전통시장,"3130072",성동용답상가시장,204691,451606,"11200",성동구,"11200790",용답동,118065
786BDBABFF,서울특별시 성동구 용답19길 3,왕십*****,,서울 성동구,한식-찌개/전골,,20240814,,37.5627282,127.0514846,success,성동구,R,전통시장,"3130072",성동용답상가시장,204691,451606,"11200",성동구,"11200790",용답동,118065
6FBB888389,서울특별시 성동구 용답19길 5,대성**,,서울 성동구,청과물,답십리,20191025,,37.5628967,127.0516693,success,성동구,R,전통시장,"3130072",성동용답상가시장,204691,451606,"11200",성동구,"11200790",용답동,118065
B06B36EBCC,서울특별시 성동구 용답19길 5,용답****,,서울 성동구,한식-육류/고기,답십리,20180411,,37.5628967,127.0516693,success,성동구,R,전통시장,"3130072",성동용답상가시장,204691,451606,"11200",성동구,"11200790",용답동,118065
E4C073131C,서울특별시 성동구 용답19길 6,보배*******,,서울 성동구,포장마차,답십리,20240829,20250725,37.5627212,127.0517996,success,성동구,R,전통시장,"3130072",성동용답상가시장,204691,451606,"11200",성동구,"11200790",용답동,118065
387CE6C86C,서울특별시 성동구 용답19길 6,마포****,,서울 성동구,한식-육류/고기,답십리,20190904,,37.5627212,127.0517996,success,성동구,R,전통시장,"3130072",성동용답상가시장,204691,451606,"11200",성동구,"11200790",용답동,118065
9215C7F055,서울 성동구 용답중앙15길 15-2,풍년*,,서울 성동구,한식-육류/고기,답십리,19961205,,37.5649163,127.0540506,success,성동구,R,전통시장,"3130072",성동용답상가시장,204691,451606,"11200",성동구,"11200790",용답동,118065
2A0922EAA7,서울 성동구 용답중앙15길 15-6,양마*******,,서울 성동구,한식-찌개/전골,답십리,20121122,,37.564915,127.0539171,success,성동구,R,전통시장,"3130072",성동용답상가시장,204691,451606,"11200",성동구,"11200790",용답동,118065
B5985767EC,서울특별시 성동구 용답15길 14,용답**,,서울 성동구,농산물,답십리,20230207,,37.5642837,127.0519285,success,성동구,R,전통시장,"3130072",성동용답상가시장,204691,451606,"11200",성동구,"11200790",용답동,118065
E9CCC6C53D,서울특별시 성동구 용답15길 14,용답*****,,서울 성동구,식료품,답십리,20190723,,37.5642837,127.0519285,success,성동구,R,전통시장,"3130072",성동용답상가시장,204691,451606,"11200",성동구,"11200790",용답동,118065
9FF4B1EA10,서울특별시 성동구 용답19길 10,미스********,,서울 성동구,일식당,답십리,20240618,,37.5629636,127.0521247,success,성동구,R,전통시장,"3130072",성동용답상가시장,204691,451606,"11200",성동구,"11200790",용답동,118065
"0AF7BD60A5",서울특별시 성동구 용답19길 11,카페***,,서울 성동구,카페,답십리,20200928,,37.5632912,127.0520831,success,성동구,R,전통시장,"3130072",성동용답상가시장,204691,451606,"11200",성동구,"11200790",용답동,118065
DBC4830070,서울특별시 성동구 용답19길 12,경성*******,,서울 성동구,요리주점,답십리,20240607,,37.5631506,127.0523417,success,성동구,R,전통시장,"3130072",성동용답상가시장,204691,451606,"11200",성동구,"11200790",용답동,118065
811C8862F1,서울특별시 성동구 용답19길 13,코다******,,서울 성동구,한식-단품요리일반,답십리,20200824,,37.5634224,127.0522378,success,성동구,R,전통시장,"3130072",성동용답상가시장,204691,451606,"11200",성동구,"11200790",용답동,118065
50E5564482,서울특별시 성동구 용답19길 14,목포**,,서울 성동구,백반/가정식,답십리,20191029,,37.5632722,127.0524862,success,성동구,R,전통시장,"3130072",성동용답상가시장,204691,451606,"11200",성동구,"11200790",용답동,118065
5840B960CE,서울특별시 성동구 용답19길 15,인생***,,서울 성동구,치킨,답십리,20200428,,37.5635525,127.0523915,success,성동구,R,전통시장,"3130072",성동용답상가시장,204691,451606,"11200",성동구,"11200790",용답동,118065
2B2AD47693,서울특별시 성동구 용답19길 17,김뚜************,,서울 성동구,한식-찌개/전골,답십리,20240821,,37.5636625,127.0525662,success,성동구,R,전통시장,"3130072",성동용답상가시장,204691,451606,"11200",성동구,"11200790",용답동,118065
420DCCAD41,서울특별시 성동구 용답19길 18,양평***,한식-국밥/설렁탕9,서울 성동구,한식-국밥/설렁탕,답십리,20200623,,37.5635175,127.0527765,success,성동구,R,전통시장,"3130072",성동용답상가시장,204691,451606,"11200",성동구,"11200790",용답동,118065
A1886B3C8E,서울특별시 성동구 용답23길 19,컨티*************************,,서울 성동구,카페,답십리,20220728,20250801,37.5623779,127.05376,success,성동구,R,전통시장,"3130072",성동용답상가시장,204691,451606,"11200",성동구,"11200790",용답동,118065
61574AF3E1,서울특별시 성동구 용답25길 22,공유************,,서울 성동구,카페,답십리,20220816,20250107,37.5623755,127.0527564,success,성동구,R,전통시장,"3130072",성동용답상가시장,204691,451606,"11200",성동구,"11200790",용답동,118065
B64B92DCCE,서울특별시 성동구 용답25길 27,사이*************,,서울 성동구,식료품,답십리,20230329,,37.5626337,127.0521082,success,성동구,R,전통시장,"3130072",성동용답상가시장,204691,451606,"11200",성동구,"11200790",용답동,118065
36BBE40E4D,서울특별시 성동구 용답29길 15,나으*,,서울 성동구,백반/가정식,답십리,20171101,,37.5639997,127.0544417,success,성동구,R,전통시장,"3130072",성동용답상가시장,204691,451606,"11200",성동구,"11200790",용답동,118065
4076B62091,서울특별시 성동구 용답29길 19,또봉***,치킨17,서울 성동구,치킨,답십리,20240425,,37.5642532,127.0541125,success,성동구,R,전통시장,"3130072",성동용답상가시장,204691,451606,"11200",성동구,"11200790",용답동,118065
F8EB6EC7ED,서울특별시 성동구 용답29길 26,용답**,,서울 성동구,호프/맥주,답십리,20231025,,37.564842,127.0536532,success,성동구,R,전통시장,"3130072",성동용답상가시장,204691,451606,"11200",성동구,"11200790",용답동,118065
C068094A9E,서울특별시 성동구 용답29길 26,불티**,,서울 성동구,한식-육류/고기,답십리,20220707,,37.564842,127.0536532,success,성동구,R,전통시장,"3130072",성동용답상가시장,204691,451606,"11200",성동구,"11200790",용답동,118065
A364FF986F,서울특별시 성동구 용답29길 32,한스****************,,서울 성동구,일반 유흥주점,답십리,20240509,,37.5651779,127.0532265,success,성동구,R,전통시장,"3130072",성동용답상가시장,204691,451606,"11200",성동구,"11200790",용답동,118065
1DF52E7C5F,서울  성동구  용답중앙15길  16,배스****,아이스크림/빙수1,서울 성동구,아이스크림/빙수,답십리,20120523,,37.5647022,127.0541421,success,성동구,R,전통시장,"3130072",성동용답상가시장,204691,451606,"11200",성동구,"11200790",용답동,118065
83452EE395,서울 성동구 용답중앙15길 10-1.,하노********,,서울 성동구,요리주점,답십리,20160706,,37.5643024,127.0536941,success,성동구,R,전통시장,"3130072",성동용답상가시장,204691,451606,"11200",성동구,"11200790",용답동,118065
45D355879A,서울 성동구 용답중앙15길 15-6.,스시**,,서울 성동구,일식당,,20231107,,37.564915,127.0539171,success,성동구,R,전통시장,"3130072",성동용답상가시장,204691,451606,"11200",성동구,"11200790",용답동,118065
39624DF65A,서울특별시 성동구 용답19길 3-1,종로***,한식-단품요리일반10,서울 성동구,한식-단품요리일반,답십리,20220317,,37.5628379,127.0515068,success,성동구,R,전통시장,"3130072",성동용답상가시장,204691,451606,"11200",성동구,"11200790",용답동,118065
244740AC40,서울특별시 성동구 천호대로 312,오공**,,서울 성동구,분식,답십리,20241112,,37.5649818,127.0545561,success,성동구,R,전통시장,"3130072",성동용답상가시장,204691,451606,"11200",성동구,"11200790",용답동,118065
CA60093BA7,서울특별시 성동구 천호대로 312,달콤***********,,서울 성동구,기타세계요리,답십리,20230807,,37.5649818,127.0545561,success,성동구,R,전통시장,"3130072",성동용답상가시장,204691,451606,"11200",성동구,"11200790",용답동,118065
8B0A9AC171,서울특별시 성동구 천호대로 316,커피************,카페10,서울 성동구,카페,답십리,20240812,,37.5647231,127.054736,success,성동구,R,전통시장,"3130072",성동용답상가시장,204691,451606,"11200",성동구,"11200790",용답동,118065
D0C8ACE492,서울특별시 성동구 천호대로 320,제이****************,,서울 성동구,커피전문점,답십리,20240920,,37.5644963,127.055242,success,성동구,R,전통시장,"3130072",성동용답상가시장,204691,451606,"11200",성동구,"11200790",용답동,118065
C7323D89BF,서울특별시 성동구 용답19가길 24,후참*,,서울 성동구,일식-참치회,답십리,20220921,,37.5638678,127.0525416,success,성동구,R,전통시장,"3130072",성동용답상가시장,204691,451606,"11200",성동구,"11200790",용답동,118065
75E3C003BC,서울특별시 성동구 용답19길 11-1,봉평**********,,서울 성동구,한식-국수/만두,답십리,20200131,,37.5633565,127.0521607,success,성동구,R,전통시장,"3130072",성동용답상가시장,204691,451606,"11200",성동구,"11200790",용답동,118065
65EF268E18,서울특별시 성동구 용답19길 12-1,육회************,,서울 성동구,한식-단품요리일반,답십리,20241113,,37.563212,127.0524147,success,성동구,R,전통시장,"3130072",성동용답상가시장,204691,451606,"11200",성동구,"11200790",용답동,118065
FFE9F1CC6A,서울특별시 성동구 용답19길 13-1,김첨*,,서울 성동구,백반/가정식,답십리,20241128,,37.5634881,127.0523145,success,성동구,R,전통시장,"3130072",성동용답상가시장,204691,451606,"11200",성동구,"11200790",용답동,118065
3AAA1F7B5B,서울특별시 성동구 용답19길 14-1,너와*,,서울 성동구,한식-육류/고기,답십리,20171208,,37.5633328,127.0525579,success,성동구,R,전통시장,"3130072",성동용답상가시장,204691,451606,"11200",성동구,"11200790",용답동,118065
373FC35FF2,서울특별시 성동구 용답19길 16-1,소풍*******,,서울 성동구,분식,답십리,20230607,,37.563455,127.0527023,success,성동구,R,전통시장,"3130072",성동용답상가시장,204691,451606,"11200",성동구,"11200790",용답동,118065
"96029D2561",서울특별시 성동구 용답19길 18-1,모모*******,,서울 성동구,일식당,답십리,20201104,,37.5635937,127.0528711,success,성동구,R,전통시장,"3130072",성동용답상가시장,204691,451606,"11200",성동구,"11200790",용답동,118065
A6EB992C6A,서울특별시 성동구 용답19길 18-1,싱싱****,,서울 성동구,청과물,답십리,20240613,,37.5635937,127.0528711,success,성동구,R,전통시장,"3130072",성동용답상가시장,204691,451606,"11200",성동구,"11200790",용답동,118065
4B3D70F3C7,서울특별시 성동구 용답19길 18-1,복음**,,서울 성동구,떡/한과 제조,답십리,20210804,,37.5635937,127.0528711,success,성동구,R,전통시장,"3130072",성동용답상가시장,204691,451606,"11200",성동구,"11200790",용답동,118065
B75F0C155E,서울특별시 성동구 용답25나길 24,현미*****,식품 제조1,서울 성동구,식품 제조,답십리,20171010,,37.563072,127.0535748,success,성동구,R,전통시장,"3130072",성동용답상가시장,204691,451606,"11200",성동구,"11200790",용답동,118065
E2BDC284DA,서울특별시 성동구 용답25다길 23,푸른******,,서울 성동구,한식-해물/생선,답십리,20180608,20250723,37.5633375,127.0532187,success,성동구,R,전통시장,"3130072",성동용답상가시장,204691,451606,"11200",성동구,"11200790",용답동,118065
58168DBBE0,서울특별시 성동구 용답25다길 23,못말****,,서울 성동구,일식-우동/소바/라면,답십리,20190314,,37.5633375,127.0532187,success,성동구,R,전통시장,"3130072",성동용답상가시장,204691,451606,"11200",성동구,"11200790",용답동,118065
2A6D92878C,서울특별시 성동구 용답25다길 24,먹거***,,서울 성동구,백반/가정식,답십리,20180322,,37.5632409,127.0533495,success,성동구,R,전통시장,"3130072",성동용답상가시장,204691,451606,"11200",성동구,"11200790",용답동,118065
8F839093AF,서울특별시 성동구 용답25다길 24,찐이***,,서울 성동구,한식-육류/고기,답십리,20240517,,37.5632409,127.0533495,success,성동구,R,전통시장,"3130072",성동용답상가시장,204691,451606,"11200",성동구,"11200790",용답동,118065
FD69236F45,서울특별시 성동구 용답중앙길 50,로맹**,,서울 성동구,카페,답십리,20220302,,37.5645967,127.0515539,success,성동구,R,전통시장,"3130072",성동용답상가시장,204691,451606,"11200",성동구,"11200790",용답동,118065
13C3C13D99,서울특별시 성동구 용답중앙길 57,동네**,,서울 성동구,커피전문점,답십리,20181024,,37.5642416,127.0524447,success,성동구,R,전통시장,"3130072",성동용답상가시장,204691,451606,"11200",성동구,"11200790",용답동,118065
66EE334562,서울특별시 성동구 용답중앙길 58,용답**,,서울 성동구,한식-국수/만두,답십리,20240105,,37.5641668,127.0521098,success,성동구,R,전통시장,"3130072",성동용답상가시장,204691,451606,"11200",성동구,"11200790",용답동,118065
A66E664F52,서울특별시 성동구 용답중앙길 58,막주****,,서울 성동구,한식-단품요리일반,답십리,20240520,,37.5641668,127.0521098,success,성동구,R,전통시장,"3130072",성동용답상가시장,204691,451606,"11200",성동구,"11200790",용답동,118065
554B8B39CF,서울특별시 성동구 용답중앙길 69,경원**,,서울 성동구,농산물,답십리,20240520,,37.5635897,127.0533293,success,성동구,R,전통시장,"3130072",성동용답상가시장,204691,451606,"11200",성동구,"11200790",용답동,118065
90C18D7863,서울특별시 성동구 용답중앙길 69,대성**,,서울 성동구,축산물,답십리,20200403,,37.5635897,127.0533293,success,성동구,R,전통시장,"3130072",성동용답상가시장,204691,451606,"11200",성동구,"11200790",용답동,118065
23E72E19E5,서울특별시 성동구 용답중앙길 72,오늘**,,서울 성동구,한식-해물/생선,답십리,20190227,,37.5631687,127.0534453,success,성동구,R,전통시장,"3130072",성동용답상가시장,204691,451606,"11200",성동구,"11200790",용답동,118065
"090DD25F79",서울특별시 성동구 용답중앙길 76,기연*,,서울 성동구,중식당,답십리,20200831,,37.5630024,127.0536645,success,성동구,R,전통시장,"3130072",성동용답상가시장,204691,451606,"11200",성동구,"11200790",용답동,118065
844C36220E,서울특별시 성동구 용답중앙길 78,꿀단****,,서울 성동구,한식-육류/고기,답십리,20220427,,37.5628751,127.0538371,success,성동구,R,전통시장,"3130072",성동용답상가시장,204691,451606,"11200",성동구,"11200790",용답동,118065
24AA9CA0A5,서울특별시 성동구 용답중앙길 80,(포******,,서울 성동구,중식당,답십리,20240829,,37.562747,127.05401,success,성동구,R,전통시장,"3130072",성동용답상가시장,204691,451606,"11200",성동구,"11200790",용답동,118065
AA00E76A54,서울특별시 성동구 용답19길 1,블레****,,서울 성동구,베이커리,,20220916,,37.5626461,127.0513846,success,성동구,R,전통시장,"3130072",성동용답상가시장,204691,451606,"11200",성동구,"11200790",용답동,118065
A5D4128C49,서울특별시 성동구 용답중앙11길 2,소*,,서울 성동구,한식-단품요리일반,답십리,20190108,,37.565207,127.0511745,success,성동구,R,전통시장,"3130072",성동용답상가시장,204691,451606,"11200",성동구,"11200790",용답동,118065
CDD05905F4,서울특별시 성동구 용답중앙11길 8,코뚜***,,서울 성동구,축산물,답십리,20230411,,37.5655822,127.0515856,success,성동구,R,전통시장,"3130072",성동용답상가시장,204691,451606,"11200",성동구,"11200790",용답동,118065
82B3D8ED9E,서울특별시 성동구 용답중앙13길 1,송화**,,서울 성동구,호프/맥주,답십리,20170524,,37.5646207,127.0519615,success,성동구,R,전통시장,"3130072",성동용답상가시장,204691,451606,"11200",성동구,"11200790",용답동,118065
3AD2A5FE6A,서울특별시 성동구 용답중앙13길 1,써니******,,서울 성동구,백반/가정식,답십리,20191021,,37.5646207,127.0519615,success,성동구,R,전통시장,"3130072",성동용답상가시장,204691,451606,"11200",성동구,"11200790",용답동,118065
"3D85779307",서울특별시 성동구 용답중앙13길 3,안가****,,서울 성동구,한식-육류/고기,답십리,20161226,,37.5647112,127.0520702,success,성동구,R,전통시장,"3130072",성동용답상가시장,204691,451606,"11200",성동구,"11200790",용답동,118065
96A6277F2E,서울특별시 성동구 용답중앙13길 7,사계*****,,서울 성동구,한식-냉면,답십리,20221103,,37.5649773,127.0524018,success,성동구,R,전통시장,"3130072",성동용답상가시장,204691,451606,"11200",성동구,"11200790",용답동,118065
"0041E4E5AE",서울특별시 성동구 용답중앙15길 1,엄마****,,서울 성동구,한식-찌개/전골,답십리,20180115,,37.5639432,127.0528476,success,성동구,R,전통시장,"3130072",성동용답상가시장,204691,451606,"11200",성동구,"11200790",용답동,118065
47C8C40086,서울특별시 성동구 용답중앙15길 2,그릴******************,,서울 성동구,양식,답십리,20240610,,37.5637963,127.0530996,success,성동구,R,전통시장,"3130072",성동용답상가시장,204691,451606,"11200",성동구,"11200790",용답동,118065
162D2613BC,서울특별시 성동구 용답중앙15길 2,도네*,한식-육류/고기6,서울 성동구,한식-육류/고기,답십리,20190401,,37.5637963,127.0530996,success,성동구,R,전통시장,"3130072",성동용답상가시장,204691,451606,"11200",성동구,"11200790",용답동,118065
EE056F4A46,서울특별시 성동구 용답중앙15길 2,진고***********,,서울 성동구,한식-해물/생선,답십리,20221122,,37.5637963,127.0530996,success,성동구,R,전통시장,"3130072",성동용답상가시장,204691,451606,"11200",성동구,"11200790",용답동,118065
20AFB06A43,서울특별시 성동구 용답중앙15길 2,땅스***********,,서울 성동구,한식-단품요리일반,답십리,20220602,,37.5637963,127.0530996,success,성동구,R,전통시장,"3130072",성동용답상가시장,204691,451606,"11200",성동구,"11200790",용답동,118065
2FE9A7B0B7,서울특별시 성동구 용답중앙15길 2,족팔*,,서울 성동구,한식-단품요리일반,답십리,20230103,,37.5637963,127.0530996,success,성동구,R,전통시장,"3130072",성동용답상가시장,204691,451606,"11200",성동구,"11200790",용답동,118065
6B3AA25B77,서울특별시 성동구 용답중앙15길 3,한국**,,서울 성동구,치킨,답십리,20200612,,37.5640328,127.0529647,success,성동구,R,전통시장,"3130072",성동용답상가시장,204691,451606,"11200",성동구,"11200790",용답동,118065
433F5BCED5,서울특별시 성동구 용답중앙15길 3,용답**,,서울 성동구,식료품,답십리,20230915,,37.5640328,127.0529647,success,성동구,R,전통시장,"3130072",성동용답상가시장,204691,451606,"11200",성동구,"11200790",용답동,118065
"81789768D6",서울특별시 성동구 용답중앙15길 3,하오*******,,서울 성동구,중식당,답십리,20211220,,37.5640328,127.0529647,success,성동구,R,전통시장,"3130072",성동용답상가시장,204691,451606,"11200",성동구,"11200790",용답동,118065
45AFE0281E,서울특별시 성동구 용답중앙15길 3,죠스********,,서울 성동구,아이스크림/빙수,답십리,20191108,,37.5640328,127.0529647,success,성동구,R,전통시장,"3130072",성동용답상가시장,204691,451606,"11200",성동구,"11200790",용답동,118065
6A8CEC476E,서울특별시 성동구 용답중앙15길 6,싱싱*****,한식-해물/생선5,서울 성동구,한식-해물/생선,답십리,20170913,,37.5639677,127.0532989,success,성동구,R,전통시장,"3130072",성동용답상가시장,204691,451606,"11200",성동구,"11200790",용답동,118065
F290935883,서울특별시 성동구 용답중앙15길 8,이디*********,커피전문점6,서울 성동구,커피전문점,답십리,20241216,,37.5641047,127.0534337,success,성동구,R,전통시장,"3130072",성동용답상가시장,204691,451606,"11200",성동구,"11200790",용답동,118065
C432317FC6,서울특별시 성동구 용답중앙21길 1,자연**,,서울 성동구,한식-해물/생선,답십리,20200730,,37.5633386,127.0536653,success,성동구,R,전통시장,"3130072",성동용답상가시장,204691,451606,"11200",성동구,"11200790",용답동,118065
439035A9EB,서울특별시 성동구 용답중앙21길 1,미순**,,서울 성동구,한식-단품요리일반,답십리,20220112,,37.5633386,127.0536653,success,성동구,R,전통시장,"3130072",성동용답상가시장,204691,451606,"11200",성동구,"11200790",용답동,118065
9B97EB469A,서울특별시 성동구 용답중앙21길 2,통영*****,,서울 성동구,분식,답십리,20240926,,37.5632439,127.053795,success,성동구,R,전통시장,"3130072",성동용답상가시장,204691,451606,"11200",성동구,"11200790",용답동,118065
4E34EC1776,서울특별시 성동구 용답중앙23길 1,서울**,,서울 성동구,떡/한과 제조,답십리,20190412,,37.5631745,127.0538899,success,성동구,R,전통시장,"3130072",성동용답상가시장,204691,451606,"11200",성동구,"11200790",용답동,118065
5FAF6E0F7F,서울특별시 성동구 용답중앙23길 1,주당*****,,서울 성동구,한식-단품요리일반,답십리,20210315,,37.5631745,127.0538899,success,성동구,R,전통시장,"3130072",성동용답상가시장,204691,451606,"11200",성동구,"11200790",용답동,118065
D4B36C76C4,서울특별시 성동구 용답중앙25길 2,온*,,서울 성동구,카페,답십리,20241015,,37.5629113,127.0542322,success,성동구,R,전통시장,"3130072",성동용답상가시장,204691,451606,"11200",성동구,"11200790",용답동,118065
C980A72248,서울특별시 성동구 용답중앙25길 2,숭아**,,서울 성동구,농산물,답십리,20240902,,37.5629113,127.0542322,success,성동구,R,전통시장,"3130072",성동용답상가시장,204691,451606,"11200",성동구,"11200790",용답동,118065
D0E89E2812,서울특별시 성동구 용답중앙27길 3,원아*********,,서울 성동구,아이스크림/빙수,답십리,20231005,,37.5629568,127.0544578,success,성동구,R,전통시장,"3130072",성동용답상가시장,204691,451606,"11200",성동구,"11200790",용답동,118065
650886D9B9,서울특별시 성동구 용답중앙27길 7,인바**,,서울 성동구,테이크아웃커피,답십리,20240528,,37.563246,127.0548003,success,성동구,R,전통시장,"3130072",성동용답상가시장,204691,451606,"11200",성동구,"11200790",용답동,118065
41865131B6,서울특별시 성동구 용답중앙13길 14,배떡*****,,서울 성동구,분식,답십리,20230504,,37.5652544,127.0530934,success,성동구,R,전통시장,"3130072",성동용답상가시장,204691,451606,"11200",성동구,"11200790",용답동,118065
6780FF33B7,서울특별시 성동구 용답중앙15길 10,행복*********,,서울 성동구,한식-육류/고기,답십리,20240828,,37.5642348,127.0536154,success,성동구,R,전통시장,"3130072",성동용답상가시장,204691,451606,"11200",성동구,"11200790",용답동,118065
"003AC99735",서울특별시 성동구 용답중앙15길 12,메가************,커피전문점2,서울 성동구,커피전문점,답십리,20191017,,37.5643695,127.053773,success,성동구,R,전통시장,"3130072",성동용답상가시장,204691,451606,"11200",성동구,"11200790",용답동,118065
ABB4516DD1,서울특별시 성동구 용답중앙15길 14,치커*****,,서울 성동구,축산물,답십리,20230127,,37.5646009,127.0540265,success,성동구,R,전통시장,"3130072",성동용답상가시장,204691,451606,"11200",성동구,"11200790",용답동,118065
9734D7A3A7,서울특별시 성동구 용답중앙15길 14,다우*************,,서울 성동구,한식뷔페,답십리,20190904,,37.5646009,127.0540265,success,성동구,R,전통시장,"3130072",성동용답상가시장,204691,451606,"11200",성동구,"11200790",용답동,118065
2B355A80CB,서울특별시 성동구 용답중앙15길 14,치커****,,서울 성동구,한식-육류/고기,답십리,20220525,,37.5646009,127.0540265,success,성동구,R,전통시장,"3130072",성동용답상가시장,204691,451606,"11200",성동구,"11200790",용답동,118065
B215092E54,서울특별시 성동구 용답중앙15길 15,사보******,,서울 성동구,분식,답십리,20231128,,37.5648078,127.0539258,success,성동구,R,전통시장,"3130072",성동용답상가시장,204691,451606,"11200",성동구,"11200790",용답동,118065
86B7149C4A,서울특별시 성동구 용답중앙15길 16,혁이*,,서울 성동구,분식,답십리,20230804,,37.5647022,127.0541421,success,성동구,R,전통시장,"3130072",성동용답상가시장,204691,451606,"11200",성동구,"11200790",용답동,118065
A248404D2E,서울특별시 성동구 용답중앙15길 17,하마*,,서울 성동구,이자카야,답십리,20200629,,37.565005,127.054151,success,성동구,R,전통시장,"3130072",성동용답상가시장,204691,451606,"11200",성동구,"11200790",용답동,118065
"0D2FB82EB4",서울특별시 성동구 용답중앙15길 17,원할**********,한식-육류/고기19,서울 성동구,한식-육류/고기,답십리,20180109,,37.565005,127.054151,success,성동구,R,전통시장,"3130072",성동용답상가시장,204691,451606,"11200",성동구,"11200790",용답동,118065
86129404BB,서울특별시 성동구 용답중앙15길 18,빽다********,커피전문점4,서울 성동구,커피전문점,답십리,20210324,,37.5647996,127.0542563,success,성동구,R,전통시장,"3130072",성동용답상가시장,204691,451606,"11200",성동구,"11200790",용답동,118065
6C3AFD20C1,서울특별시 성동구 용답중앙길 45-2,노워***************,,서울 성동구,카페,답십리,20231222,,37.5649756,127.0514127,success,성동구,R,전통시장,"3130072",성동용답상가시장,204691,451606,"11200",성동구,"11200790",용답동,118065
19D3456A64,서울특별시 성동구 용답중앙길 47-1,타*,,서울 성동구,일식당,답십리,20170511,,37.5648575,127.0516367,success,성동구,R,전통시장,"3130072",성동용답상가시장,204691,451606,"11200",성동구,"11200790",용답동,118065
1395C1AB53,서울특별시 성동구 용답중앙길 47-1,타*,,서울 성동구,이자카야,답십리,20240828,,37.5648575,127.0516367,success,성동구,R,전통시장,"3130072",성동용답상가시장,204691,451606,"11200",성동구,"11200790",용답동,118065
40555676A3,서울특별시 성동구 용답중앙길 57-1,한우**,,서울 성동구,한식-육류/고기,답십리,20240327,,37.5643334,127.0523211,success,성동구,R,전통시장,"3130072",성동용답상가시장,204691,451606,"11200",성동구,"11200790",용답동,118065
A3550D0BEC,서울특별시 성동구 용답중앙길 57-1,5오***,,서울 성동구,일식-덮밥/돈가스,답십리,20240502,,37.5643334,127.0523211,success,성동구,R,전통시장,"3130072",성동용답상가시장,204691,451606,"11200",성동구,"11200790",용답동,118065
E27C1862C9,서울특별시 성동구 용답중앙13길 6-1,교촌******,치킨6,서울 성동구,치킨,답십리,20230503,,37.5647559,127.0524954,success,성동구,R,전통시장,"3130072",성동용답상가시장,204691,451606,"11200",성동구,"11200790",용답동,118065
E7A7211476,서울특별시 성동구 용답중앙13길 6-3,죽토*********,,서울 성동구,백반/가정식,답십리,20230327,,37.5648659,127.0525774,success,성동구,R,전통시장,"3130072",성동용답상가시장,204691,451606,"11200",성동구,"11200790",용답동,118065
DF334CC79E,서울특별시 성동구 용답중앙15길 7-1,가장***********,한식-육류/고기1,서울 성동구,한식-육류/고기,답십리,20180827,,37.5643651,127.0533287,success,성동구,R,전통시장,"3130072",성동용답상가시장,204691,451606,"11200",성동구,"11200790",용답동,118065
D4DF58F26D,서울특별시 성동구 용답중앙15길 8-1,탑*,,서울 성동구,호프/맥주,답십리,20211126,,37.5641474,127.0535242,success,성동구,R,전통시장,"3130072",성동용답상가시장,204691,451606,"11200",성동구,"11200790",용답동,118065
20E4760A74,서울특별시 성동구 용답중앙13길 14-1,푸짐*****,,서울 성동구,백반/가정식,답십리,20200814,,37.5653259,127.0531723,success,성동구,R,전통시장,"3130072",성동용답상가시장,204691,451606,"11200",성동구,"11200790",용답동,118065
E825CDB209,서울특별시 성동구 용답중앙13길 16-1,황우**,,서울 성동구,한식뷔페,답십리,20230927,,37.5654924,127.0533185,success,성동구,R,전통시장,"3130072",성동용답상가시장,204691,451606,"11200",성동구,"11200790",용답동,118065
877441E8F5,서울특별시 성동구 용답중앙15길 15-2,심봉******,베이커리7,서울 성동구,베이커리,답십리,20220809,,37.5649163,127.0540506,success,성동구,R,전통시장,"3130072",성동용답상가시장,204691,451606,"11200",성동구,"11200790",용답동,118065
58B1DEEE5D,서울특별시 성동구 용답29길 28 ,럼프**************,,서울 성동구,카페,답십리,20230504,,37.5649222,127.0535444,success,성동구,R,전통시장,"3130072",성동용답상가시장,204691,451606,"11200",성동구,"11200790",용답동,118065
C1C06DF70A,서울 성동구 마조로 9,설빙****,아이스크림/빙수2,서울 성동구,아이스크림/빙수,한양대,20140623,,37.5587187,127.0405682,success,성동구,R,전통시장,"3130069","한양대앞상점가(한양시장, 왕십리맛골목)",203578,451118,"11200",성동구,"11200550",사근동,23243
149BA1B7C7,서울 성동구 마조로 11,써브******,샌드위치/토스트2,서울 성동구,샌드위치/토스트,한양대,20020121,,37.5590097,127.0406718,success,성동구,R,전통시장,"3130069","한양대앞상점가(한양시장, 왕십리맛골목)",203578,451118,"11200",성동구,"11200550",사근동,23243
2AECA02B3A,서울 성동구 마조로 17,대*,,서울 성동구,축산물,한양대,20020430,,37.5594649,127.0405472,success,성동구,R,전통시장,"3130069","한양대앞상점가(한양시장, 왕십리맛골목)",203578,451118,"11200",성동구,"11200550",사근동,23243
11A66B8033,서울 성동구 마조로 17,돼지*,,서울 성동구,한식-육류/고기,한양대,20020321,,37.5594649,127.0405472,success,성동구,R,전통시장,"3130069","한양대앞상점가(한양시장, 왕십리맛골목)",203578,451118,"11200",성동구,"11200550",사근동,23243
CE3D519C06,서울 성동구 마조로 17,장어**,,서울 성동구,한식-해물/생선,한양대,20090617,,37.5594649,127.0405472,success,성동구,R,전통시장,"3130069","한양대앞상점가(한양시장, 왕십리맛골목)",203578,451118,"11200",성동구,"11200550",사근동,23243
"03A222EE9D",서울 성동구 마조로 17,놀란*,,서울 성동구,한식-단품요리일반,한양대,20140609,,37.5594649,127.0405472,success,성동구,R,전통시장,"3130069","한양대앞상점가(한양시장, 왕십리맛골목)",203578,451118,"11200",성동구,"11200550",사근동,23243
946BE40BF1,서울 성동구 마조로 25,토리********,,서울 성동구,일식당,한양대,20150911,,37.5600895,127.0408984,success,성동구,R,전통시장,"3130069","한양대앞상점가(한양시장, 왕십리맛골목)",203578,451118,"11200",성동구,"11200550",사근동,23243
B2378AFA3D,서울 성동구 마조로 29,성일***,,서울 성동구,한식-감자탕,한양대,20100217,,37.5603706,127.041033,success,성동구,R,전통시장,"3130069","한양대앞상점가(한양시장, 왕십리맛골목)",203578,451118,"11200",성동구,"11200550",사근동,23243
F512DF538E,서울 성동구 마조로 31,맘스*******,햄버거2,서울 성동구,햄버거,한양대,20150831,,37.5604956,127.0410595,success,성동구,R,전통시장,"3130069","한양대앞상점가(한양시장, 왕십리맛골목)",203578,451118,"11200",성동구,"11200550",사근동,23243
C2207433F7,서울 성동구 마조로 33,한솥***********,도시락3,서울 성동구,도시락,한양대,20100712,,37.5606342,127.0410891,success,성동구,R,전통시장,"3130069","한양대앞상점가(한양시장, 왕십리맛골목)",203578,451118,"11200",성동구,"11200550",사근동,23243
9350A78BD7,서울 성동구 마조로 33,동방***,,서울 성동구,꼬치구이,한양대,20140721,,37.5606342,127.0410891,success,성동구,R,전통시장,"3130069","한양대앞상점가(한양시장, 왕십리맛골목)",203578,451118,"11200",성동구,"11200550",사근동,23243
"0E2AE2C4F1",서울 성동구 마조로 7.,철*,,서울 성동구,백반/가정식,한양대,20160823,,37.5585926,127.0404405,success,성동구,R,전통시장,"3130069","한양대앞상점가(한양시장, 왕십리맛골목)",203578,451118,"11200",성동구,"11200550",사근동,23243
E6D7A15FD3,서울 성동구 마조로 17.,레드**,,서울 성동구,분식,한양대,20100218,,37.5594649,127.0405472,success,성동구,R,전통시장,"3130069","한양대앞상점가(한양시장, 왕십리맛골목)",203578,451118,"11200",성동구,"11200550",사근동,23243
149F54EBF0,서울 성동구 마조로 17.,금*,,서울 성동구,중식당,한양대,20110808,,37.5594649,127.0405472,success,성동구,R,전통시장,"3130069","한양대앞상점가(한양시장, 왕십리맛골목)",203578,451118,"11200",성동구,"11200550",사근동,23243
1F43B61BB2,서울 성동구 마조로 17.,든든****,,서울 성동구,호프/맥주,한양대,20130830,,37.5594649,127.0405472,success,성동구,R,전통시장,"3130069","한양대앞상점가(한양시장, 왕십리맛골목)",203578,451118,"11200",성동구,"11200550",사근동,23243
2C264531BC,서울 성동구 마조로 17.,주물****,,서울 성동구,한식-육류/고기,한양대,20080812,,37.5594649,127.0405472,success,성동구,R,전통시장,"3130069","한양대앞상점가(한양시장, 왕십리맛골목)",203578,451118,"11200",성동구,"11200550",사근동,23243
D1138B8FD3,서울 성동구 마조로 17.,올레*******,,서울 성동구,한식-육류/고기,한양대,20110906,,37.5594649,127.0405472,success,성동구,R,전통시장,"3130069","한양대앞상점가(한양시장, 왕십리맛골목)",203578,451118,"11200",성동구,"11200550",사근동,23243
73F46BB8A3,서울 성동구 마조로 17.,육지**,,서울 성동구,한식-육류/고기,한양대,20131018,,37.5594649,127.0405472,success,성동구,R,전통시장,"3130069","한양대앞상점가(한양시장, 왕십리맛골목)",203578,451118,"11200",성동구,"11200550",사근동,23243
FF37DA45D4,서울 성동구 마조로 17.,꼬지***,,서울 성동구,한식-육류/고기,한양대,20131118,,37.5594649,127.0405472,success,성동구,R,전통시장,"3130069","한양대앞상점가(한양시장, 왕십리맛골목)",203578,451118,"11200",성동구,"11200550",사근동,23243
7A6A7EB10A,서울 성동구 마조로 17.,이모*****,,서울 성동구,한식-육류/고기,한양대,20141125,,37.5594649,127.0405472,success,성동구,R,전통시장,"3130069","한양대앞상점가(한양시장, 왕십리맛골목)",203578,451118,"11200",성동구,"11200550",사근동,23243
55B960CBD0,서울 성동구 마조로 17.,더구**,,서울 성동구,한식-육류/고기,한양대,20150624,,37.5594649,127.0405472,success,성동구,R,전통시장,"3130069","한양대앞상점가(한양시장, 왕십리맛골목)",203578,451118,"11200",성동구,"11200550",사근동,23243
"0E559E84F4",서울 성동구 마조로 17.,양대*,,서울 성동구,한식-육류/고기,한양대,20160401,,37.5594649,127.0405472,success,성동구,R,전통시장,"3130069","한양대앞상점가(한양시장, 왕십리맛골목)",203578,451118,"11200",성동구,"11200550",사근동,23243
42326C1AF5,서울 성동구 마조로 21.,금*,,서울 성동구,중식당,한양대,20011218,,37.5597975,127.0408759,success,성동구,R,전통시장,"3130069","한양대앞상점가(한양시장, 왕십리맛골목)",203578,451118,"11200",성동구,"11200550",사근동,23243
3BCE6D8224,서울 성동구 마조로 21.,쏘러*,,서울 성동구,호프/맥주,한양대,20140722,,37.5597975,127.0408759,success,성동구,R,전통시장,"3130069","한양대앞상점가(한양시장, 왕십리맛골목)",203578,451118,"11200",성동구,"11200550",사근동,23243
FCAF2BC53E,서울 성동구 마조로 21.,빽다******,커피전문점4,서울 성동구,커피전문점,한양대,20150731,20250818,37.5597975,127.0408759,success,성동구,R,전통시장,"3130069","한양대앞상점가(한양시장, 왕십리맛골목)",203578,451118,"11200",성동구,"11200550",사근동,23243
87EDA03BF6,서울 성동구 마조로 25.,뉴스*****,호프/맥주7,서울 성동구,호프/맥주,한양대,20150820,,37.5600895,127.0408984,success,성동구,R,전통시장,"3130069","한양대앞상점가(한양시장, 왕십리맛골목)",203578,451118,"11200",성동구,"11200550",사근동,23243
E10B522E89,서울 성동구 마조로 25.,이가**,,서울 성동구,한식-육류/고기,한양대,20050207,,37.5600895,127.0408984,success,성동구,R,전통시장,"3130069","한양대앞상점가(한양시장, 왕십리맛골목)",203578,451118,"11200",성동구,"11200550",사근동,23243
9DB8C036CD,서울 성동구 마조로 27.,달포*,,서울 성동구,포장마차,한양대,20151229,,37.5602469,127.0409247,success,성동구,R,전통시장,"3130069","한양대앞상점가(한양시장, 왕십리맛골목)",203578,451118,"11200",성동구,"11200550",사근동,23243
3AE3E04CCF,서울 성동구 마조로 29.,쥬*,주스1,서울 성동구,주스,한양대,20150526,,37.5603706,127.041033,success,성동구,R,전통시장,"3130069","한양대앞상점가(한양시장, 왕십리맛골목)",203578,451118,"11200",성동구,"11200550",사근동,23243
13CF34E13D,서울 성동구 마조로 29.,행컵*****,백반/가정식23,서울 성동구,백반/가정식,한양대,20220420,,37.5603706,127.041033,success,성동구,R,전통시장,"3130069","한양대앞상점가(한양시장, 왕십리맛골목)",203578,451118,"11200",성동구,"11200550",사근동,23243
1AEC503D19,서울 성동구 마조로 31.,교촌*******,치킨6,서울 성동구,치킨,한양대,20181113,,37.5604956,127.0410595,success,성동구,R,전통시장,"3130069","한양대앞상점가(한양시장, 왕십리맛골목)",203578,451118,"11200",성동구,"11200550",사근동,23243
27751D8C2E,서울 성동구 마조로 33.,악어***,,서울 성동구,분식,한양대,20110517,,37.5606342,127.0410891,success,성동구,R,전통시장,"3130069","한양대앞상점가(한양시장, 왕십리맛골목)",203578,451118,"11200",성동구,"11200550",사근동,23243
6E584F4319,서울  성동구  마조로5길,시선*****,,서울 성동구,포장마차,한양대,20121228,,37.560108,127.0402693,success,성동구,R,전통시장,"3130069","한양대앞상점가(한양시장, 왕십리맛골목)",203578,451118,"11200",성동구,"11200550",사근동,23243
BE7D01F20E,서울 성동구 마조로 15-2,구이**,,서울 성동구,한식-육류/고기,한양대,20061030,,37.5592177,127.0405933,success,성동구,R,전통시장,"3130069","한양대앞상점가(한양시장, 왕십리맛골목)",203578,451118,"11200",성동구,"11200550",사근동,23243
48731DE9B9,서울 성동구 마조로 17 .,우리******,,서울 성동구,치킨,한양대,20120201,20250707,37.5594649,127.0405472,success,성동구,R,전통시장,"3130069","한양대앞상점가(한양시장, 왕십리맛골목)",203578,451118,"11200",성동구,"11200550",사근동,23243
"8580604818",서울 성동구 마조로3길 6,알촌*****,분식13,서울 성동구,분식,한양대,20150227,,37.5586337,127.0401633,success,성동구,R,전통시장,"3130069","한양대앞상점가(한양시장, 왕십리맛골목)",203578,451118,"11200",성동구,"11200550",사근동,23243
7E6F88E6D1,서울 성동구 마조로3길 8,이모****,,서울 성동구,한식-단품요리일반,한양대,20050831,,37.5586972,127.0399812,success,성동구,R,전통시장,"3130069","한양대앞상점가(한양시장, 왕십리맛골목)",203578,451118,"11200",성동구,"11200550",사근동,23243
56B02A07FC,서울 성동구 마조로5길 3,황소**,,서울 성동구,한식-육류/고기,한양대,20010129,,37.5598993,127.0407134,success,성동구,R,전통시장,"3130069","한양대앞상점가(한양시장, 왕십리맛골목)",203578,451118,"11200",성동구,"11200550",사근동,23243
C74C8A6CB8,서울 성동구 마조로5길 5,청년*************,,서울 성동구,한식-단품요리일반,한양대,20100330,,37.5599259,127.0405236,success,성동구,R,전통시장,"3130069","한양대앞상점가(한양시장, 왕십리맛골목)",203578,451118,"11200",성동구,"11200550",사근동,23243
1E4D38A262,서울 성동구 마조로5길 7,김종******,,서울 성동구,치킨,한양대,20081128,,37.5599507,127.0403706,success,성동구,R,전통시장,"3130069","한양대앞상점가(한양시장, 왕십리맛골목)",203578,451118,"11200",성동구,"11200550",사근동,23243
103335BDCE,서울  성동구  마조로  17,원조****,,서울 성동구,한식-냉면,한양대,20120417,,37.5594649,127.0405472,success,성동구,R,전통시장,"3130069","한양대앞상점가(한양시장, 왕십리맛골목)",203578,451118,"11200",성동구,"11200550",사근동,23243
AF2688FD34,서울 성동구 마조로 15-10,장모**,한식-육류/고기22,서울 성동구,한식-육류/고기,한양대,20061121,,37.5590997,127.040266,success,성동구,R,전통시장,"3130069","한양대앞상점가(한양시장, 왕십리맛골목)",203578,451118,"11200",성동구,"11200550",사근동,23243
F8A9873648,서울 성동구 마조로 15-2.,돈쫄******,,서울 성동구,일식-덮밥/돈가스,한양대,20170221,,37.5592177,127.0405933,success,성동구,R,전통시장,"3130069","한양대앞상점가(한양시장, 왕십리맛골목)",203578,451118,"11200",성동구,"11200550",사근동,23243
"8532370698",서울 성동구 마조로 15-3.,싸구**,,서울 성동구,포장마차,한양대,20160610,,37.5590541,127.0404925,success,성동구,R,전통시장,"3130069","한양대앞상점가(한양시장, 왕십리맛골목)",203578,451118,"11200",성동구,"11200550",사근동,23243
"0BD65CD437",서울 성동구 마조로 15-6.,블랙****,,서울 성동구,호프/맥주,한양대,20161122,,37.5592561,127.0404357,success,성동구,R,전통시장,"3130069","한양대앞상점가(한양시장, 왕십리맛골목)",203578,451118,"11200",성동구,"11200550",사근동,23243
F293AC18EB,서울 성동구 마조로 15-6.,짱*,,서울 성동구,한식-육류/고기,한양대,20040915,,37.5592561,127.0404357,success,성동구,R,전통시장,"3130069","한양대앞상점가(한양시장, 왕십리맛골목)",203578,451118,"11200",성동구,"11200550",사근동,23243
95EBE36D82,서울 성동구 마조로 19-10,한양***,,서울 성동구,식품 제조,한양대,20060202,,37.5597951,127.0404733,success,성동구,R,전통시장,"3130069","한양대앞상점가(한양시장, 왕십리맛골목)",203578,451118,"11200",성동구,"11200550",사근동,23243
7B396AAF59,서울 성동구 마조로3길 8.,전도*,,서울 성동구,한식-단품요리일반,한양대,20160420,,37.5586972,127.0399812,success,성동구,R,전통시장,"3130069","한양대앞상점가(한양시장, 왕십리맛골목)",203578,451118,"11200",성동구,"11200550",사근동,23243
4F68679BB6,서울 성동구 마조로5길 4.,더벤*,커피전문점1,서울 성동구,커피전문점,한양대,20150515,,37.5601377,127.0405669,success,성동구,R,전통시장,"3130069","한양대앞상점가(한양시장, 왕십리맛골목)",203578,451118,"11200",성동구,"11200550",사근동,23243
9E2D544C88,서울 성동구 마조로5길 9.,당나**********,,서울 성동구,포장마차,한양대,20160809,,37.5599054,127.0400889,success,성동구,R,전통시장,"3130069","한양대앞상점가(한양시장, 왕십리맛골목)",203578,451118,"11200",성동구,"11200550",사근동,23243
D756AE959B,서울 성동구 행당동 19-54,소나***,,서울 성동구,한식-단품요리일반,한양대,20140801,,37.5594649,127.0405472,success,성동구,R,전통시장,"3130069","한양대앞상점가(한양시장, 왕십리맛골목)",203578,451118,"11200",성동구,"11200550",사근동,23243
AA673185F3,서울 성동구 마조로 19-10.,일번*,,서울 성동구,백반/가정식,한양대,20090520,,37.5597951,127.0404733,success,성동구,R,전통시장,"3130069","한양대앞상점가(한양시장, 왕십리맛골목)",203578,451118,"11200",성동구,"11200550",사근동,23243
"0815A0998B",서울 성동구 마조로 19-10.,장어**,,서울 성동구,한식-해물/생선,한양대,20100316,,37.5597951,127.0404733,success,성동구,R,전통시장,"3130069","한양대앞상점가(한양시장, 왕십리맛골목)",203578,451118,"11200",성동구,"11200550",사근동,23243
52F80BA32C,서울 성동구 마조로1길 28.,와플*********,베이커리8,서울 성동구,베이커리,한양대,20130425,,37.559771,127.0394371,success,성동구,R,전통시장,"3130069","한양대앞상점가(한양시장, 왕십리맛골목)",203578,451118,"11200",성동구,"11200550",사근동,23243
C356A661EB,서울 성동구 마조로5길 10.,이찌*********,,서울 성동구,호프/맥주,한양대,20160308,,37.5600885,127.0400893,success,성동구,R,전통시장,"3130069","한양대앞상점가(한양시장, 왕십리맛골목)",203578,451118,"11200",성동구,"11200550",사근동,23243
F1F48E332E,서울 성동구 마조로1가길 20,한양****,,서울 성동구,꼬치구이,한양대,20100311,,37.5603071,127.0404217,success,성동구,R,전통시장,"3130069","한양대앞상점가(한양시장, 왕십리맛골목)",203578,451118,"11200",성동구,"11200550",사근동,23243
D491F00E17,서울 성동구 마조로1길 26-5,복돼****,,서울 성동구,한식-육류/고기,한양대,20050504,,37.5597138,127.0396765,success,성동구,R,전통시장,"3130069","한양대앞상점가(한양시장, 왕십리맛골목)",203578,451118,"11200",성동구,"11200550",사근동,23243
"051EE5224E",서울 성동구 마조로3가길 27,천*,,서울 성동구,호프/맥주,한양대,20021220,,37.559785,127.0400581,success,성동구,R,전통시장,"3130069","한양대앞상점가(한양시장, 왕십리맛골목)",203578,451118,"11200",성동구,"11200550",사근동,23243
78443A3289,서울 성동구 마조로3가길 30,동래********,,서울 성동구,한식-단품요리일반,한양대,20150420,,37.5598294,127.0403108,success,성동구,R,전통시장,"3130069","한양대앞상점가(한양시장, 왕십리맛골목)",203578,451118,"11200",성동구,"11200550",사근동,23243
B5D809A744,서울특별시 성동구 마조로 9,남도***,,서울 성동구,한식-국밥/설렁탕,한양대,20190415,,37.5587187,127.0405682,success,성동구,R,전통시장,"3130069","한양대앞상점가(한양시장, 왕십리맛골목)",203578,451118,"11200",성동구,"11200550",사근동,23243
6A2D56434E,서울 성동구 마조로1가길 14.,도담**,치킨13,서울 성동구,치킨,한양대,20160509,20230911,37.5603056,127.040079,success,성동구,R,전통시장,"3130069","한양대앞상점가(한양시장, 왕십리맛골목)",203578,451118,"11200",성동구,"11200550",사근동,23243
CA5F53A33F,서울 성동구 마조로3가길 25.,왕십***,,서울 성동구,백반/가정식,한양대,20240424,,37.559659,127.0400256,success,성동구,R,전통시장,"3130069","한양대앞상점가(한양시장, 왕십리맛골목)",203578,451118,"11200",성동구,"11200550",사근동,23243
C1259FB5AB,서울 성동구 마조로3가길 25.,니캉**,,서울 성동구,한식-육류/고기,한양대,20081118,,37.559659,127.0400256,success,성동구,R,전통시장,"3130069","한양대앞상점가(한양시장, 왕십리맛골목)",203578,451118,"11200",성동구,"11200550",사근동,23243
520511D96C,서울 성동구 마조로3가길 27.,서울***,,서울 성동구,한식-육류/고기,한양대,20070227,,37.559785,127.0400581,success,성동구,R,전통시장,"3130069","한양대앞상점가(한양시장, 왕십리맛골목)",203578,451118,"11200",성동구,"11200550",사근동,23243
3C9076A1D4,서울 성동구 마조로5길 4-10.,쇼*,,서울 성동구,이자카야,한양대,20080626,,37.5603876,127.0408464,success,성동구,R,전통시장,"3130069","한양대앞상점가(한양시장, 왕십리맛골목)",203578,451118,"11200",성동구,"11200550",사근동,23243
6A6C827737,서울 성동구 마조로5길 4-16.,오투***,,서울 성동구,요리주점,한양대,20110315,,37.5606493,127.0408973,success,성동구,R,전통시장,"3130069","한양대앞상점가(한양시장, 왕십리맛골목)",203578,451118,"11200",성동구,"11200550",사근동,23243
5F6C91EC8E,서울 성동구 마조로5길 4-16.,별이*******,,서울 성동구,한식-단품요리일반,한양대,20121016,,37.5606493,127.0408973,success,성동구,R,전통시장,"3130069","한양대앞상점가(한양시장, 왕십리맛골목)",203578,451118,"11200",성동구,"11200550",사근동,23243
3227432B79,서울특별시 성동구 마조로 11,옵션*,,서울 성동구,양식,한양대,20230721,,37.5590097,127.0406718,success,성동구,R,전통시장,"3130069","한양대앞상점가(한양시장, 왕십리맛골목)",203578,451118,"11200",성동구,"11200550",사근동,23243
1EC6CCBA67,서울특별시 성동구 마조로 11,마포***,,서울 성동구,한식-단품요리일반,한양대,20240702,,37.5590097,127.0406718,success,성동구,R,전통시장,"3130069","한양대앞상점가(한양시장, 왕십리맛골목)",203578,451118,"11200",성동구,"11200550",사근동,23243
F259ACF16D,서울특별시 성동구 마조로 17,한양***,,서울 성동구,분식,한양대,20241031,,37.5594649,127.0405472,success,성동구,R,전통시장,"3130069","한양대앞상점가(한양시장, 왕십리맛골목)",203578,451118,"11200",성동구,"11200550",사근동,23243
E2988D5E24,서울특별시 성동구 마조로 17,만물**,,서울 성동구,식료품,한양대,20190513,,37.5594649,127.0405472,success,성동구,R,전통시장,"3130069","한양대앞상점가(한양시장, 왕십리맛골목)",203578,451118,"11200",성동구,"11200550",사근동,23243
A89BEC57A0,서울특별시 성동구 마조로 17,티아*********************************,,서울 성동구,커피전문점,한양대,20190312,,37.5594649,127.0405472,success,성동구,R,전통시장,"3130069","한양대앞상점가(한양시장, 왕십리맛골목)",203578,451118,"11200",성동구,"11200550",사근동,23243
E62416CC62,서울특별시 성동구 마조로 17,싸움********,백반/가정식14,서울 성동구,백반/가정식,한양대,20190306,,37.5594649,127.0405472,success,성동구,R,전통시장,"3130069","한양대앞상점가(한양시장, 왕십리맛골목)",203578,451118,"11200",성동구,"11200550",사근동,23243
23D471DB19,서울특별시 성동구 마조로 17,칠칠********,한식-육류/고기27,서울 성동구,한식-육류/고기,한양대,20200221,,37.5594649,127.0405472,success,성동구,R,전통시장,"3130069","한양대앞상점가(한양시장, 왕십리맛골목)",203578,451118,"11200",성동구,"11200550",사근동,23243
2E4C72C286,서울특별시 성동구 마조로 17,고품*******,,서울 성동구,한식-육류/고기,한양대,20220715,,37.5594649,127.0405472,success,성동구,R,전통시장,"3130069","한양대앞상점가(한양시장, 왕십리맛골목)",203578,451118,"11200",성동구,"11200550",사근동,23243
51CD26A022,서울특별시 성동구 마조로 17,20*********,,서울 성동구,한식-육류/고기,한양대,20240509,,37.5594649,127.0405472,success,성동구,R,전통시장,"3130069","한양대앞상점가(한양시장, 왕십리맛골목)",203578,451118,"11200",성동구,"11200550",사근동,23243
442C98A349,서울특별시 성동구 마조로 17,카모*******,한식-단품요리일반11,서울 성동구,한식-단품요리일반,한양대,20190502,,37.5594649,127.0405472,success,성동구,R,전통시장,"3130069","한양대앞상점가(한양시장, 왕십리맛골목)",203578,451118,"11200",성동구,"11200550",사근동,23243
209ED3E24F,서울특별시 성동구 마조로 17,브로***********,,서울 성동구,한식-단품요리일반,한양대,20201016,,37.5594649,127.0405472,success,성동구,R,전통시장,"3130069","한양대앞상점가(한양시장, 왕십리맛골목)",203578,451118,"11200",성동구,"11200550",사근동,23243
ED1607CD38,서울특별시 성동구 마조로 17,깡우*,,서울 성동구,한식-단품요리일반,한양대,20210305,,37.5594649,127.0405472,success,성동구,R,전통시장,"3130069","한양대앞상점가(한양시장, 왕십리맛골목)",203578,451118,"11200",성동구,"11200550",사근동,23243
CB2F55FC97,서울특별시 성동구 마조로 21,서울***,,서울 성동구,한식-육류/고기,한양대,20220919,,37.5597975,127.0408759,success,성동구,R,전통시장,"3130069","한양대앞상점가(한양시장, 왕십리맛골목)",203578,451118,"11200",성동구,"11200550",사근동,23243
406403403D,서울특별시 성동구 마조로 21,프레**************,,서울 성동구,한식-단품요리일반,한양대,20231121,,37.5597975,127.0408759,success,성동구,R,전통시장,"3130069","한양대앞상점가(한양시장, 왕십리맛골목)",203578,451118,"11200",성동구,"11200550",사근동,23243
4972FC2750,서울특별시 성동구 마조로 25,수지**,,서울 성동구,요리주점,한양대,20180920,,37.5600895,127.0408984,success,성동구,R,전통시장,"3130069","한양대앞상점가(한양시장, 왕십리맛골목)",203578,451118,"11200",성동구,"11200550",사근동,23243
86263312C9,서울특별시 성동구 마조로 25,파머********,,서울 성동구,샌드위치/토스트,한양대,20241107,,37.5600895,127.0408984,success,성동구,R,전통시장,"3130069","한양대앞상점가(한양시장, 왕십리맛골목)",203578,451118,"11200",성동구,"11200550",사근동,23243
6C7874EB50,서울특별시 성동구 마조로 25,베스********,아이스크림/빙수1,서울 성동구,아이스크림/빙수,한양대,20200713,,37.5600895,127.0408984,success,성동구,R,전통시장,"3130069","한양대앞상점가(한양시장, 왕십리맛골목)",203578,451118,"11200",성동구,"11200550",사근동,23243
8E3B9888E3,서울특별시 성동구 마조로 27,맨스****,,서울 성동구,커피전문점,한양대,20200713,,37.5602469,127.0409247,success,성동구,R,전통시장,"3130069","한양대앞상점가(한양시장, 왕십리맛골목)",203578,451118,"11200",성동구,"11200550",사근동,23243
4B5922FA5E,서울특별시 성동구 마조로 27,램플*********,백반/가정식8,서울 성동구,백반/가정식,한양대,20241030,,37.5602469,127.0409247,success,성동구,R,전통시장,"3130069","한양대앞상점가(한양시장, 왕십리맛골목)",203578,451118,"11200",성동구,"11200550",사근동,23243
2DCC4A585C,서울특별시 성동구 마조로 27,계경*********,한식-단품요리일반1,서울 성동구,한식-단품요리일반,한양대,20190523,,37.5602469,127.0409247,success,성동구,R,전통시장,"3130069","한양대앞상점가(한양시장, 왕십리맛골목)",203578,451118,"11200",성동구,"11200550",사근동,23243
AD4AB01B65,서울특별시 성동구 마조로 29,백소******,,서울 성동구,일식당,한양대,20220630,,37.5603706,127.041033,success,성동구,R,전통시장,"3130069","한양대앞상점가(한양시장, 왕십리맛골목)",203578,451118,"11200",성동구,"11200550",사근동,23243
D9A857451B,서울특별시 성동구 마조로 31,더클**,,서울 성동구,양식,한양대,20241029,,37.5604956,127.0410595,success,성동구,R,전통시장,"3130069","한양대앞상점가(한양시장, 왕십리맛골목)",203578,451118,"11200",성동구,"11200550",사근동,23243
B2097EA52F,서울특별시 성동구 마조로 33,호호**,,서울 성동구,백반/가정식,한양대,20240805,,37.5606342,127.0410891,success,성동구,R,전통시장,"3130069","한양대앞상점가(한양시장, 왕십리맛골목)",203578,451118,"11200",성동구,"11200550",사근동,23243
22323DD09C,서울  성동구  마조로3가길  30,일*,,서울 성동구,일식당,한양대,20120210,,37.5598294,127.0403108,success,성동구,R,전통시장,"3130069","한양대앞상점가(한양시장, 왕십리맛골목)",203578,451118,"11200",성동구,"11200550",사근동,23243
75A1F5A452,서울  성동구  마조로3나길  27,서래*******,한식-육류/고기13,서울 성동구,한식-육류/고기,한양대,20120224,,37.5598284,127.0397124,success,성동구,R,전통시장,"3130069","한양대앞상점가(한양시장, 왕십리맛골목)",203578,451118,"11200",성동구,"11200550",사근동,23243
F24E9532C3,서울특별시 성동구 마조로 15-2,역전*********,호프/맥주5,서울 성동구,호프/맥주,한양대,20231017,,37.5592177,127.0405933,success,성동구,R,전통시장,"3130069","한양대앞상점가(한양시장, 왕십리맛골목)",203578,451118,"11200",성동구,"11200550",사근동,23243
E2AFB2BDCB,서울특별시 성동구 마조로 15-3,싸구***,,서울 성동구,포장마차,한양대,20210624,,37.5590541,127.0404925,success,성동구,R,전통시장,"3130069","한양대앞상점가(한양시장, 왕십리맛골목)",203578,451118,"11200",성동구,"11200550",사근동,23243
D1DF607320,서울특별시 성동구 마조로 15-3,마을**,,서울 성동구,한식-단품요리일반,한양대,20180418,,37.5590541,127.0404925,success,성동구,R,전통시장,"3130069","한양대앞상점가(한양시장, 왕십리맛골목)",203578,451118,"11200",성동구,"11200550",사근동,23243
73623D09A9,서울특별시 성동구 마조로 15-6,불닭****************,분식7,서울 성동구,분식,한양대,20221021,,37.5592561,127.0404357,success,성동구,R,전통시장,"3130069","한양대앞상점가(한양시장, 왕십리맛골목)",203578,451118,"11200",성동구,"11200550",사근동,23243
B919F9B2D5,서울특별시 성동구 마조로 15-8,여우**,,서울 성동구,요리주점,한양대,20210527,,37.5592784,127.0403129,success,성동구,R,전통시장,"3130069","한양대앞상점가(한양시장, 왕십리맛골목)",203578,451118,"11200",성동구,"11200550",사근동,23243
4BC0ED1667,서울특별시 성동구 마조로3길 6,멘푸*,,서울 성동구,일식당,한양대,20240206,,37.5586337,127.0401633,success,성동구,R,전통시장,"3130069","한양대앞상점가(한양시장, 왕십리맛골목)",203578,451118,"11200",성동구,"11200550",사근동,23243
6BCA53C20A,서울특별시 성동구 마조로3길 6,마쿠***,,서울 성동구,중식당,한양대,20180725,,37.5586337,127.0401633,success,성동구,R,전통시장,"3130069","한양대앞상점가(한양시장, 왕십리맛골목)",203578,451118,"11200",성동구,"11200550",사근동,23243
"0E7F1F5130",서울특별시 성동구 마조로3길 8,소*,,서울 성동구,카페,한양대,20200421,,37.5586972,127.0399812,success,성동구,R,전통시장,"3130069","한양대앞상점가(한양시장, 왕십리맛골목)",203578,451118,"11200",성동구,"11200550",사근동,23243
2FEF6803AC,서울특별시 성동구 마조로3길 8,끄트***,,서울 성동구,한식-육류/고기,한양대,20190821,,37.5586972,127.0399812,success,성동구,R,전통시장,"3130069","한양대앞상점가(한양시장, 왕십리맛골목)",203578,451118,"11200",성동구,"11200550",사근동,23243
593875841D,서울특별시 성동구 마조로3길 8,벙커********,,서울 성동구,한식-단품요리일반,한양대,20200306,,37.5586972,127.0399812,success,성동구,R,전통시장,"3130069","한양대앞상점가(한양시장, 왕십리맛골목)",203578,451118,"11200",성동구,"11200550",사근동,23243
4F7FF335EF,서울특별시 성동구 마조로5길 4,굽네**********,치킨7,서울 성동구,치킨,한양대,20220418,,37.5601377,127.0405669,success,성동구,R,전통시장,"3130069","한양대앞상점가(한양시장, 왕십리맛골목)",203578,451118,"11200",성동구,"11200550",사근동,23243
F84E5ED7D7,서울특별시 성동구 마조로5길 4,노가***,룸살롱/단란주점1,서울 성동구,룸살롱/단란주점,한양대,20190418,,37.5601377,127.0405669,success,성동구,R,전통시장,"3130069","한양대앞상점가(한양시장, 왕십리맛골목)",203578,451118,"11200",성동구,"11200550",사근동,23243
E4BAFA1890,서울특별시 성동구 마조로5길 5,정태****,,서울 성동구,한식-단품요리일반,한양대,20200211,,37.5599259,127.0405236,success,성동구,R,전통시장,"3130069","한양대앞상점가(한양시장, 왕십리맛골목)",203578,451118,"11200",성동구,"11200550",사근동,23243
D97D0EEBFE,서울특별시 성동구 마조로5길 6,디저*********,베이커리1,서울 성동구,베이커리,한양대,20210625,,37.5601748,127.0404155,success,성동구,R,전통시장,"3130069","한양대앞상점가(한양시장, 왕십리맛골목)",203578,451118,"11200",성동구,"11200550",사근동,23243
3A07D1755D,서울특별시 성동구 마조로5길 9,잭펍*****,,서울 성동구,호프/맥주,한양대,20240422,,37.5599054,127.0400889,success,성동구,R,전통시장,"3130069","한양대앞상점가(한양시장, 왕십리맛골목)",203578,451118,"11200",성동구,"11200550",사근동,23243
B14CA968AE,서울특별시 성동구 마조로5길 9,청록**********,,서울 성동구,백반/가정식,한양대,20240513,,37.5599054,127.0400889,success,성동구,R,전통시장,"3130069","한양대앞상점가(한양시장, 왕십리맛골목)",203578,451118,"11200",성동구,"11200550",사근동,23243
BC3B472D8E,서울특별시 성동구 마조로 15-11,갈십*,,서울 성동구,카페,한양대,20190131,,37.5589396,127.0404549,success,성동구,R,전통시장,"3130069","한양대앞상점가(한양시장, 왕십리맛골목)",203578,451118,"11200",성동구,"11200550",사근동,23243
A4FE771AB2,서울특별시 성동구 마조로 15-12,철길*********,,서울 성동구,호프/맥주,한양대,20221227,,37.558982,127.0402286,success,성동구,R,전통시장,"3130069","한양대앞상점가(한양시장, 왕십리맛골목)",203578,451118,"11200",성동구,"11200550",사근동,23243
E402643C21,서울특별시 성동구 마조로 15-13,한양**,,서울 성동구,호프/맥주,한양대,20240910,,37.5588261,127.0404168,success,성동구,R,전통시장,"3130069","한양대앞상점가(한양시장, 왕십리맛골목)",203578,451118,"11200",성동구,"11200550",사근동,23243
13B170C44E,서울특별시 성동구 마조로 15-13,백*,,서울 성동구,백반/가정식,한양대,20220707,,37.5588261,127.0404168,success,성동구,R,전통시장,"3130069","한양대앞상점가(한양시장, 왕십리맛골목)",203578,451118,"11200",성동구,"11200550",사근동,23243
898632E7CF,서울특별시 성동구 마조로 15-14,스시**,,서울 성동구,일식당,한양대,20170912,,37.5588635,127.0401906,success,성동구,R,전통시장,"3130069","한양대앞상점가(한양시장, 왕십리맛골목)",203578,451118,"11200",성동구,"11200550",사근동,23243
B95A7665A4,서울특별시 성동구 마조로 15-16,호말**,,서울 성동구,커피전문점,한양대,20211115,,37.5587451,127.0401507,success,성동구,R,전통시장,"3130069","한양대앞상점가(한양시장, 왕십리맛골목)",203578,451118,"11200",성동구,"11200550",사근동,23243
21B58D4396,서울특별시 성동구 마조로 19-10,태원**,,서울 성동구,식료품,한양대,20210121,,37.5597951,127.0404733,success,성동구,R,전통시장,"3130069","한양대앞상점가(한양시장, 왕십리맛골목)",203578,451118,"11200",성동구,"11200550",사근동,23243
C530609FDA,서울특별시 성동구 마조로5길 10,김두*,,서울 성동구,한식-육류/고기,한양대,20211208,20250721,37.5600885,127.0400893,success,성동구,R,전통시장,"3130069","한양대앞상점가(한양시장, 왕십리맛골목)",203578,451118,"11200",성동구,"11200550",사근동,23243
DFF4FC9533,서울특별시 성동구 마조로5길 11,한사********,,서울 성동구,포장마차,한양대,20171228,,37.5598822,127.0399294,success,성동구,R,전통시장,"3130069","한양대앞상점가(한양시장, 왕십리맛골목)",203578,451118,"11200",성동구,"11200550",사근동,23243
2CC7A59E1B,서울특별시 성동구 마조로5길 11,다트***,,서울 성동구,일반 유흥주점,한양대,20241007,,37.5598822,127.0399294,success,성동구,R,전통시장,"3130069","한양대앞상점가(한양시장, 왕십리맛골목)",203578,451118,"11200",성동구,"11200550",사근동,23243
62DA6EB79A,서울특별시 성동구 마조로3길 2-1,치폴******,,서울 성동구,한식-육류/고기,한양대,20181010,,37.5585011,127.0404141,success,성동구,R,전통시장,"3130069","한양대앞상점가(한양시장, 왕십리맛골목)",203578,451118,"11200",성동구,"11200550",사근동,23243
B72347F20F,서울특별시 성동구 마조로5길 3-3,리올*,,서울 성동구,한식-단품요리일반,한양대,20231102,,37.5597661,127.0406771,success,성동구,R,전통시장,"3130069","한양대앞상점가(한양시장, 왕십리맛골목)",203578,451118,"11200",성동구,"11200550",사근동,23243
AF12407D8A,서울특별시 성동구 마조로5길 4-5,짙은********,,서울 성동구,카페,한양대,20200925,,37.5602755,127.0405832,success,성동구,R,전통시장,"3130069","한양대앞상점가(한양시장, 왕십리맛골목)",203578,451118,"11200",성동구,"11200550",사근동,23243
A9242223C7,서울특별시 성동구 마조로5길 4-5,한양**,,서울 성동구,포장마차,한양대,20220503,,37.5602755,127.0405832,success,성동구,R,전통시장,"3130069","한양대앞상점가(한양시장, 왕십리맛골목)",203578,451118,"11200",성동구,"11200550",사근동,23243
2A74299DD1,서울특별시 성동구 마조로1가길 14,도담*******,치킨13,서울 성동구,치킨,한양대,20230911,20250407,37.5603056,127.040079,success,성동구,R,전통시장,"3130069","한양대앞상점가(한양시장, 왕십리맛골목)",203578,451118,"11200",성동구,"11200550",사근동,23243
3531297CCD,서울특별시 성동구 마조로1가길 16,한신*******,포장마차1,서울 성동구,포장마차,한양대,20220203,,37.5603004,127.0402245,success,성동구,R,전통시장,"3130069","한양대앞상점가(한양시장, 왕십리맛골목)",203578,451118,"11200",성동구,"11200550",사근동,23243
E9CC23245B,서울특별시 성동구 마조로1길 26-5,싼(***********,,서울 성동구,피자,한양대,20220106,20240305,37.5597138,127.0396765,success,성동구,R,전통시장,"3130069","한양대앞상점가(한양시장, 왕십리맛골목)",203578,451118,"11200",성동구,"11200550",사근동,23243
EE79357E42,서울특별시 성동구 마조로3가길 10,미미**********,,서울 성동구,꼬치구이,한양대,20210319,,37.558931,127.0400551,success,성동구,R,전통시장,"3130069","한양대앞상점가(한양시장, 왕십리맛골목)",203578,451118,"11200",성동구,"11200550",사근동,23243
BABA730F00,서울특별시 성동구 마조로3가길 10,생마*****,,서울 성동구,이자카야,한양대,20231128,,37.558931,127.0400551,success,성동구,R,전통시장,"3130069","한양대앞상점가(한양시장, 왕십리맛골목)",203578,451118,"11200",성동구,"11200550",사근동,23243
E79BB5C3F3,서울특별시 성동구 마조로3가길 12,포차*,,서울 성동구,포장마차,한양대,20240411,,37.5590329,127.0400862,success,성동구,R,전통시장,"3130069","한양대앞상점가(한양시장, 왕십리맛골목)",203578,451118,"11200",성동구,"11200550",사근동,23243
EC8D405566,서울특별시 성동구 마조로3가길 12,계맛*****,,서울 성동구,한식-육류/고기,한양대,20221104,,37.5590329,127.0400862,success,성동구,R,전통시장,"3130069","한양대앞상점가(한양시장, 왕십리맛골목)",203578,451118,"11200",성동구,"11200550",사근동,23243
AB9C75D921,서울특별시 성동구 마조로3가길 18,무지********,,서울 성동구,호프/맥주,한양대,20200904,,37.5593053,127.0401759,success,성동구,R,전통시장,"3130069","한양대앞상점가(한양시장, 왕십리맛골목)",203578,451118,"11200",성동구,"11200550",사근동,23243
FEA22C8CC8,서울특별시 성동구 마조로3가길 18,92******,,서울 성동구,한식-육류/고기,한양대,20241127,,37.5593053,127.0401759,success,성동구,R,전통시장,"3130069","한양대앞상점가(한양시장, 왕십리맛골목)",203578,451118,"11200",성동구,"11200550",사근동,23243
90AFF4E6B1,서울특별시 성동구 마조로3가길 25,김복*************,,서울 성동구,호프/맥주,한양대,20220722,20250408,37.559659,127.0400256,success,성동구,R,전통시장,"3130069","한양대앞상점가(한양시장, 왕십리맛골목)",203578,451118,"11200",성동구,"11200550",사근동,23243
6A405B55C3,서울특별시 성동구 마조로3가길 25,몽*,,서울 성동구,백반/가정식,한양대,20240219,,37.559659,127.0400256,success,성동구,R,전통시장,"3130069","한양대앞상점가(한양시장, 왕십리맛골목)",203578,451118,"11200",성동구,"11200550",사근동,23243
70B13460CE,서울특별시 성동구 마조로3가길 30,오*,,서울 성동구,이자카야,한양대,20200717,,37.5598294,127.0403108,success,성동구,R,전통시장,"3130069","한양대앞상점가(한양시장, 왕십리맛골목)",203578,451118,"11200",성동구,"11200550",사근동,23243
FEFBDB41EA,서울특별시 성동구 마조로3가길 30,수세*,,서울 성동구,한식-단품요리일반,한양대,20210531,,37.5598294,127.0403108,success,성동구,R,전통시장,"3130069","한양대앞상점가(한양시장, 왕십리맛골목)",203578,451118,"11200",성동구,"11200550",사근동,23243
5E8B3A9C0F,서울특별시 성동구 마조로3나길 26,곱분*********,,서울 성동구,한식-육류/고기,한양대,20160819,,37.5596755,127.0398691,success,성동구,R,전통시장,"3130069","한양대앞상점가(한양시장, 왕십리맛골목)",203578,451118,"11200",성동구,"11200550",사근동,23243
5FE888BC65,서울특별시 성동구 마조로3나길 27,메종****,,서울 성동구,백반/가정식,한양대,20240422,,37.5598284,127.0397124,success,성동구,R,전통시장,"3130069","한양대앞상점가(한양시장, 왕십리맛골목)",203578,451118,"11200",성동구,"11200550",사근동,23243
9E304D405E,서울특별시 성동구 마조로3나길 28,본참*,일식당1,서울 성동구,일식당,한양대,20211203,,37.5597783,127.0398939,success,성동구,R,전통시장,"3130069","한양대앞상점가(한양시장, 왕십리맛골목)",203578,451118,"11200",성동구,"11200550",사근동,23243
E1D3268137,서울특별시 성동구 마조로5길 4-10,은현******,,서울 성동구,요리주점,한양대,20230803,,37.5603876,127.0408464,success,성동구,R,전통시장,"3130069","한양대앞상점가(한양시장, 왕십리맛골목)",203578,451118,"11200",성동구,"11200550",사근동,23243
98ACFD8C28,서울특별시 성동구 마조로5길 4-12,왕십****,,서울 성동구,한식-해물/생선,한양대,20231005,,37.5605129,127.0408685,success,성동구,R,전통시장,"3130069","한양대앞상점가(한양시장, 왕십리맛골목)",203578,451118,"11200",성동구,"11200550",사근동,23243
3D8F0EC508,서울특별시 성동구 마조로5길 4-16,완미********,,서울 성동구,한식-육류/고기,한양대,20230829,,37.5606493,127.0408973,success,성동구,R,전통시장,"3130069","한양대앞상점가(한양시장, 왕십리맛골목)",203578,451118,"11200",성동구,"11200550",사근동,23243
2BBA95E499,서울 성동구 살곶이길 40,고깃****,,서울 성동구,한식-육류/고기,마장동,20140612,,37.5711153,127.0414467,success,성동구,R,전통시장,"3130068",마장축산물시장,203467,452337,"11200",성동구,"11200540",마장동,218303
AA315D04DD,서울 성동구 고산자로 344,서울**,,서울 성동구,식료품,마장동,20030807,,37.5701779,127.0379599,success,성동구,R,전통시장,"3130068",마장축산물시장,203467,452337,"11200",성동구,"11200540",마장동,218303
4080EC9ECB,서울 성동구 고산자로 346,미성****,,서울 성동구,한식-육류/고기,마장동,20021008,,37.5703215,127.0379999,success,성동구,R,전통시장,"3130068",마장축산물시장,203467,452337,"11200",성동구,"11200540",마장동,218303
243EFCA58C,서울 성동구 살곶이길 40.,경기*,,서울 성동구,한식-육류/고기,마장동,20060306,,37.5711153,127.0414467,success,성동구,R,전통시장,"3130068",마장축산물시장,203467,452337,"11200",성동구,"11200540",마장동,218303
4F98FE8D27,서울 성동구 고산자로 340.,운정**,,서울 성동구,한식-단품요리일반,마장동,20101109,20250801,37.5696825,127.0378225,success,성동구,R,전통시장,"3130068",마장축산물시장,203467,452337,"11200",성동구,"11200540",마장동,218303
6A6D259BD3,서울 성동구 고산자로 344.,화신****,,서울 성동구,축산물,마장동,20090914,,37.5701779,127.0379599,success,성동구,R,전통시장,"3130068",마장축산물시장,203467,452337,"11200",성동구,"11200540",마장동,218303
9911CB0D95,서울 성동구 고산자로 345.,둘*,,서울 성동구,카페,마장동,20160218,,37.5704543,127.0373767,success,성동구,R,전통시장,"3130068",마장축산물시장,203467,452337,"11200",성동구,"11200540",마장동,218303
8F48DAD41C,서울 성동구 고산자로 345.,봉구*******,호프/맥주2,서울 성동구,호프/맥주,마장동,20160205,,37.5704543,127.0373767,success,성동구,R,전통시장,"3130068",마장축산물시장,203467,452337,"11200",성동구,"11200540",마장동,218303
471640408B,서울 성동구 고산자로 349.,한우****,,서울 성동구,한식-육류/고기,마장동,20140221,,37.5709214,127.0373425,success,성동구,R,전통시장,"3130068",마장축산물시장,203467,452337,"11200",성동구,"11200540",마장동,218303
AE9397E158,서울 성동구 마장로29길 54,맛자*,,서울 성동구,분식,마장동,20091113,,37.5707817,127.0371944,success,성동구,R,전통시장,"3130068",마장축산물시장,203467,452337,"11200",성동구,"11200540",마장동,218303
"9869644D22",서울 성동구 마장로31길 40,우성**,,서울 성동구,축산물,마장동,20060922,,37.5697429,127.0384113,success,성동구,R,전통시장,"3130068",마장축산물시장,203467,452337,"11200",성동구,"11200540",마장동,218303
4636AC6E2B,서울 성동구 마장로35길 46,토박***,,서울 성동구,축산물,마장동,20100308,,37.5695323,127.0400238,success,성동구,R,전통시장,"3130068",마장축산물시장,203467,452337,"11200",성동구,"11200540",마장동,218303
B23694E88A,서울 성동구 마장로37길 40,남양**,,서울 성동구,축산물,,20000203,,37.5689605,127.0410436,success,성동구,R,전통시장,"3130068",마장축산물시장,203467,452337,"11200",성동구,"11200540",마장동,218303
A8709C1FC5,서울 성동구 마장로37길 40,우성****,,서울 성동구,축산물,,20090626,,37.5689605,127.0410436,success,성동구,R,전통시장,"3130068",마장축산물시장,203467,452337,"11200",성동구,"11200540",마장동,218303
C67A90C6B4,서울 성동구 마장로37길 40,이영**,,서울 성동구,축산물,,20150730,20230822,37.5689605,127.0410436,success,성동구,R,전통시장,"3130068",마장축산물시장,203467,452337,"11200",성동구,"11200540",마장동,218303
"9313D39511",서울 성동구 마장로37길 43,한미**,,서울 성동구,농산물,마장동,20160722,,37.569339,127.0409704,success,성동구,R,전통시장,"3130068",마장축산물시장,203467,452337,"11200",성동구,"11200540",마장동,218303
BD61CF1C6B,서울 성동구 마장로37길 43,신우**,,서울 성동구,축산물,마장동,20100812,,37.569339,127.0409704,success,성동구,R,전통시장,"3130068",마장축산물시장,203467,452337,"11200",성동구,"11200540",마장동,218303
3A2AB3FD4F,서울 성동구 마장로37길 43,현대**,,서울 성동구,축산물,마장동,20120905,,37.569339,127.0409704,success,성동구,R,전통시장,"3130068",마장축산물시장,203467,452337,"11200",성동구,"11200540",마장동,218303
E27BFF4C97,서울 성동구 마장로37길 43,한미****,,서울 성동구,축산물,마장동,20140514,,37.569339,127.0409704,success,성동구,R,전통시장,"3130068",마장축산물시장,203467,452337,"11200",성동구,"11200540",마장동,218303
AAEED00881,서울 성동구 마장로37길 45,협*,,서울 성동구,축산물,마장동,20130910,,37.5695521,127.0411087,success,성동구,R,전통시장,"3130068",마장축산물시장,203467,452337,"11200",성동구,"11200540",마장동,218303
3A8F8A6B41,서울 성동구 마장로37길 55,동강**,,서울 성동구,축산물,마장동,20130701,,37.5703072,127.0416587,success,성동구,R,전통시장,"3130068",마장축산물시장,203467,452337,"11200",성동구,"11200540",마장동,218303
657E1184BB,서울 성동구 마장로37길 59,대한**,,서울 성동구,축산물,마장동,20020322,,37.5705645,127.0418333,success,성동구,R,전통시장,"3130068",마장축산물시장,203467,452337,"11200",성동구,"11200540",마장동,218303
AE9390EB40,서울 성동구 마장로37길 59,광장**,,서울 성동구,축산물,마장동,20071231,,37.5705645,127.0418333,success,성동구,R,전통시장,"3130068",마장축산물시장,203467,452337,"11200",성동구,"11200540",마장동,218303
A0BBC6838F,서울 성동구 마장로37길 59,현대**,,서울 성동구,축산물,마장동,20141028,,37.5705645,127.0418333,success,성동구,R,전통시장,"3130068",마장축산물시장,203467,452337,"11200",성동구,"11200540",마장동,218303
B4AE01B8FB,서울 성동구 마장로37길 59,태원**,,서울 성동구,축산물,마장동,20141029,,37.5705645,127.0418333,success,성동구,R,전통시장,"3130068",마장축산물시장,203467,452337,"11200",성동구,"11200540",마장동,218303
1095E71AA8,서울  성동구  마장로35다길,대용**,,서울 성동구,축산물,마장동,20111101,,37.5693842,127.0403841,success,성동구,R,전통시장,"3130068",마장축산물시장,203467,452337,"11200",성동구,"11200540",마장동,218303
37FEBDD1C1,서울 성동구 고산자로 337-1,조은**,,서울 성동구,호프/맥주,마장동,20070227,,37.5697891,127.0372974,success,성동구,R,전통시장,"3130068",마장축산물시장,203467,452337,"11200",성동구,"11200540",마장동,218303
FE0080F280,서울 성동구 마장로29길 40.,궁중**,,서울 성동구,한식-육류/고기,마장동,20140730,,37.5694937,127.0368443,success,성동구,R,전통시장,"3130068",마장축산물시장,203467,452337,"11200",성동구,"11200540",마장동,218303
AD22A7162D,서울 성동구 마장로31가길 6,임하**,,서울 성동구,축산물,마장동,20050920,,37.5694662,127.0384962,success,성동구,R,전통시장,"3130068",마장축산물시장,203467,452337,"11200",성동구,"11200540",마장동,218303
34202B73D6,서울 성동구 마장로31길 34.,경지**,,서울 성동구,축산물,마장동,20140124,,37.5693331,127.0383082,success,성동구,R,전통시장,"3130068",마장축산물시장,203467,452337,"11200",성동구,"11200540",마장동,218303
B6EC787096,서울 성동구 마장로31길 40.,대광**,,서울 성동구,축산물,마장동,20111026,,37.5697429,127.0384113,success,성동구,R,전통시장,"3130068",마장축산물시장,203467,452337,"11200",성동구,"11200540",마장동,218303
C710E8B62F,서울 성동구 마장로31길 40.,청운**,,서울 성동구,축산물,마장동,20150126,,37.5697429,127.0384113,success,성동구,R,전통시장,"3130068",마장축산물시장,203467,452337,"11200",성동구,"11200540",마장동,218303
3C9CFC0B9F,서울 성동구 마장로31길 44.,삼보**,,서울 성동구,축산물,마장동,20151222,,37.5701221,127.0385418,success,성동구,R,전통시장,"3130068",마장축산물시장,203467,452337,"11200",성동구,"11200540",마장동,218303
66E5115662,서울 성동구 마장로31길 48.,순창**,,서울 성동구,축산물,마장동,20071018,,37.5704618,127.0386129,success,성동구,R,전통시장,"3130068",마장축산물시장,203467,452337,"11200",성동구,"11200540",마장동,218303
"08108678CB",서울 성동구 마장로35길 66.,대한**,,서울 성동구,축산물,마장동,20140903,,37.5708496,127.041074,success,성동구,R,전통시장,"3130068",마장축산물시장,203467,452337,"11200",성동구,"11200540",마장동,218303
25100A92DC,서울 성동구 마장로35길 68.,마장******,,서울 성동구,한식-육류/고기,마장동,20110901,,37.5706552,127.0412734,success,성동구,R,전통시장,"3130068",마장축산물시장,203467,452337,"11200",성동구,"11200540",마장동,218303
2358FEB402,서울 성동구 마장로35길 70.,몽실**,,서울 성동구,축산물,마장동,20131030,20250805,37.5705966,127.0414968,success,성동구,R,전통시장,"3130068",마장축산물시장,203467,452337,"11200",성동구,"11200540",마장동,218303
30A5227B23,서울 성동구 마장로35나길 3,한국**,,서울 성동구,축산물,마장동,20071206,,37.5688181,127.0398431,success,성동구,R,전통시장,"3130068",마장축산물시장,203467,452337,"11200",성동구,"11200540",마장동,218303
A0C37B29DA,서울 성동구 마장로35다길 9,삼형***,,서울 성동구,축산물,마장동,20071020,,37.5695718,127.0406341,success,성동구,R,전통시장,"3130068",마장축산물시장,203467,452337,"11200",성동구,"11200540",마장동,218303
E999F941CF,서울 성동구 마장로35다길 9,대용*****,,서울 성동구,축산물,마장동,20090316,,37.5695718,127.0406341,success,성동구,R,전통시장,"3130068",마장축산물시장,203467,452337,"11200",성동구,"11200540",마장동,218303
EF32AB6F09,서울 성동구 마장로35다길 9,대성**,,서울 성동구,축산물,마장동,20110907,,37.5695718,127.0406341,success,성동구,R,전통시장,"3130068",마장축산물시장,203467,452337,"11200",성동구,"11200540",마장동,218303
40B3115ED5,서울 성동구 마장로35다길 9,영양**,,서울 성동구,축산물,마장동,20140428,,37.5695718,127.0406341,success,성동구,R,전통시장,"3130068",마장축산물시장,203467,452337,"11200",성동구,"11200540",마장동,218303
A849839BC8,서울 성동구 마장로35다길 9,누리**,,서울 성동구,축산물,마장동,20150703,,37.5695718,127.0406341,success,성동구,R,전통시장,"3130068",마장축산물시장,203467,452337,"11200",성동구,"11200540",마장동,218303
3185CC12C8,서울 성동구 마장로37길 40.,영남****,,서울 성동구,축산물,,20100913,,37.5689605,127.0410436,success,성동구,R,전통시장,"3130068",마장축산물시장,203467,452337,"11200",성동구,"11200540",마장동,218303
3B10BE8CBB,서울 성동구 마장로37길 43.,창민**,,서울 성동구,축산물,마장동,20150108,20250717,37.569339,127.0409704,success,성동구,R,전통시장,"3130068",마장축산물시장,203467,452337,"11200",성동구,"11200540",마장동,218303
3E36C045C0,서울 성동구 마장로37길 53.,한일***,,서울 성동구,축산물,마장동,20180823,,37.5701542,127.0415236,success,성동구,R,전통시장,"3130068",마장축산물시장,203467,452337,"11200",성동구,"11200540",마장동,218303
B0292898CE,서울 성동구 마장로37길 53.,마장****,,서울 성동구,한식-육류/고기,마장동,20140407,,37.5701542,127.0415236,success,성동구,R,전통시장,"3130068",마장축산물시장,203467,452337,"11200",성동구,"11200540",마장동,218303
844FB79595,서울 성동구 마장로37길 59.,한우**,,서울 성동구,축산물,마장동,20160504,,37.5705645,127.0418333,success,성동구,R,전통시장,"3130068",마장축산물시장,203467,452337,"11200",성동구,"11200540",마장동,218303
1958977F7D,서울 성동구 마장로37길 59.,한우************,,서울 성동구,한식-육류/고기,마장동,20160429,,37.5705645,127.0418333,success,성동구,R,전통시장,"3130068",마장축산물시장,203467,452337,"11200",성동구,"11200540",마장동,218303
B384999F4C,서울 성동구 고산자로22길 11,양자*,,서울 성동구,중식당,마장동,20010721,,37.5692155,127.0386256,success,성동구,R,전통시장,"3130068",마장축산물시장,203467,452337,"11200",성동구,"11200540",마장동,218303
"0DBD011FE1",서울 성동구 고산자로24길 11,광덕**,,서울 성동구,축산물,마장동,20020723,,37.5700805,127.0387718,success,성동구,R,전통시장,"3130068",마장축산물시장,203467,452337,"11200",성동구,"11200540",마장동,218303
2E56C71323,서울 성동구 고산자로24길 11,동호**,,서울 성동구,축산물,마장동,20110110,,37.5700805,127.0387718,success,성동구,R,전통시장,"3130068",마장축산물시장,203467,452337,"11200",성동구,"11200540",마장동,218303
CD17D7F552,서울 성동구 고산자로24길 11,천안****,,서울 성동구,축산물,마장동,20240503,,37.5700805,127.0387718,success,성동구,R,전통시장,"3130068",마장축산물시장,203467,452337,"11200",성동구,"11200540",마장동,218303
577F82A787,서울 성동구 고산자로24길 16,명가******,,서울 성동구,축산물,마장동,20130724,,37.5696876,127.0393036,success,성동구,R,전통시장,"3130068",마장축산물시장,203467,452337,"11200",성동구,"11200540",마장동,218303
5E6FE68BF5,서울 성동구 고산자로24길 16,초경**,,서울 성동구,축산물,마장동,20160411,,37.5696876,127.0393036,success,성동구,R,전통시장,"3130068",마장축산물시장,203467,452337,"11200",성동구,"11200540",마장동,218303
"310D618597",서울 성동구 고산자로24길 17,형우**,,서울 성동구,축산물,마장동,20110406,,37.5698782,127.0395502,success,성동구,R,전통시장,"3130068",마장축산물시장,203467,452337,"11200",성동구,"11200540",마장동,218303
ED68BA86A3,서울 성동구 고산자로24길 6.,우리*****,,서울 성동구,축산물,마장동,20080402,,37.5698932,127.0381417,success,성동구,R,전통시장,"3130068",마장축산물시장,203467,452337,"11200",성동구,"11200540",마장동,218303
C168E9F433,서울 성동구 고산자로24길 6.,장푸*,,서울 성동구,축산물,마장동,20110406,,37.5698932,127.0381417,success,성동구,R,전통시장,"3130068",마장축산물시장,203467,452337,"11200",성동구,"11200540",마장동,218303
7AE92B81E6,서울 성동구 고산자로24길 6.,정선****,,서울 성동구,축산물,마장동,20131113,,37.5698932,127.0381417,success,성동구,R,전통시장,"3130068",마장축산물시장,203467,452337,"11200",성동구,"11200540",마장동,218303
D04449492B,서울 성동구 고산자로24길 6.,고기**,,서울 성동구,축산물,마장동,20141016,,37.5698932,127.0381417,success,성동구,R,전통시장,"3130068",마장축산물시장,203467,452337,"11200",성동구,"11200540",마장동,218303
9CD4728087,서울 성동구 고산자로26길 5.,여우*,,서울 성동구,한식-육류/고기,마장동,20130520,,37.5708266,127.0384161,success,성동구,R,전통시장,"3130068",마장축산물시장,203467,452337,"11200",성동구,"11200540",마장동,218303
ACC89DAC44,서울 성동구 마장로31가길 5.,대호**,,서울 성동구,축산물,마장동,20140317,,37.5697139,127.0385941,success,성동구,R,전통시장,"3130068",마장축산물시장,203467,452337,"11200",성동구,"11200540",마장동,218303
2A46B78747,서울 성동구 마장로31가길 5.,대호**,,서울 성동구,축산물,마장동,20140507,,37.5697139,127.0385941,success,성동구,R,전통시장,"3130068",마장축산물시장,203467,452337,"11200",성동구,"11200540",마장동,218303
5E86C12B37,서울 성동구 마장로31나길 14,제일**,,서울 성동구,축산물,마장동,20021105,,37.57003,127.0392539,success,성동구,R,전통시장,"3130068",마장축산물시장,203467,452337,"11200",성동구,"11200540",마장동,218303
F830EFEDC5,서울 성동구 마장로31나길 7.,은성***,,서울 성동구,축산물,마장동,20090123,,37.5704286,127.0387961,success,성동구,R,전통시장,"3130068",마장축산물시장,203467,452337,"11200",성동구,"11200540",마장동,218303
B6D9ACF9C9,서울 성동구 마장로35길 42-3,호수****,,서울 성동구,축산물,마장동,20141014,,37.5693179,127.039816,success,성동구,R,전통시장,"3130068",마장축산물시장,203467,452337,"11200",성동구,"11200540",마장동,218303
C83DB3B632,서울 성동구 마장로35나길 9.,화랑**,,서울 성동구,축산물,마장동,20080403,,37.5686921,127.0403129,success,성동구,R,전통시장,"3130068",마장축산물시장,203467,452337,"11200",성동구,"11200540",마장동,218303
281D5B3CBD,서울 성동구 마장로35다길 10,부흥***,,서울 성동구,축산물,마장동,20121025,,37.5693637,127.0404275,success,성동구,R,전통시장,"3130068",마장축산물시장,203467,452337,"11200",성동구,"11200540",마장동,218303
"07D4C06897",서울 성동구 마장로35다길 12,하*,,서울 성동구,축산물,마장동,20121214,,37.5693141,127.0405333,success,성동구,R,전통시장,"3130068",마장축산물시장,203467,452337,"11200",성동구,"11200540",마장동,218303
20B5CCDB99,서울 성동구 마장로35다길 18,동철**,,서울 성동구,축산물,마장동,20160929,,37.5690372,127.0406544,success,성동구,R,전통시장,"3130068",마장축산물시장,203467,452337,"11200",성동구,"11200540",마장동,218303
825CCFE2CE,서울 성동구 마장로35다길 7.,팔팔******,,서울 성동구,축산물,마장동,20121005,,37.5695584,127.0404047,success,성동구,R,전통시장,"3130068",마장축산물시장,203467,452337,"11200",성동구,"11200540",마장동,218303
FA56138C48,서울 성동구 마장로35다길 8.,두두**,,서울 성동구,축산물,마장동,20161028,,37.569432,127.0402787,success,성동구,R,전통시장,"3130068",마장축산물시장,203467,452337,"11200",성동구,"11200540",마장동,218303
84C2CF5A0F,서울 성동구 마장로37길 37-1,진덕**,,서울 성동구,축산물,마장동,20110407,,37.5689918,127.040762,success,성동구,R,전통시장,"3130068",마장축산물시장,203467,452337,"11200",성동구,"11200540",마장동,218303
4F2296203F,서울 성동구 마장로37길 51-1,현대**,,서울 성동구,축산물,마장동,20200703,,37.5699903,127.0415002,success,성동구,R,전통시장,"3130068",마장축산물시장,203467,452337,"11200",성동구,"11200540",마장동,218303
AFFE78AA17,서울 성동구 마장로37길 53-9,사랑**,,서울 성동구,축산물,마장동,20161006,,37.5701542,127.0415236,success,성동구,R,전통시장,"3130068",마장축산물시장,203467,452337,"11200",성동구,"11200540",마장동,218303
51114863DE,서울  성동구  마장로37길  45,대영**,,서울 성동구,축산물,마장동,20120524,,37.5695521,127.0411087,success,성동구,R,전통시장,"3130068",마장축산물시장,203467,452337,"11200",성동구,"11200540",마장동,218303
B3A7F2509A,서울  성동구  마장로37길  51,조양**,,서울 성동구,축산물,마장동,20120906,,37.5699316,127.0414441,success,성동구,R,전통시장,"3130068",마장축산물시장,203467,452337,"11200",성동구,"11200540",마장동,218303
23A7CC4CFE,서울 성동구 고산자로24길 11.,한우*****,,서울 성동구,축산물,마장동,20160331,,37.5700805,127.0387718,success,성동구,R,전통시장,"3130068",마장축산물시장,203467,452337,"11200",성동구,"11200540",마장동,218303
FD67E697FF,서울 성동구 고산자로24길 11.,한우**,,서울 성동구,한식-육류/고기,마장동,20160429,,37.5700805,127.0387718,success,성동구,R,전통시장,"3130068",마장축산물시장,203467,452337,"11200",성동구,"11200540",마장동,218303
81C55F8941,서울 성동구 고산자로24길 4-1,대림**,,서울 성동구,축산물,마장동,20140925,,37.5699427,127.0379716,success,성동구,R,전통시장,"3130068",마장축산물시장,203467,452337,"11200",성동구,"11200540",마장동,218303
9769F49AB2,서울 성동구 마장로31가길 18.,연흥*****,,서울 성동구,축산물,마장동,20150528,,37.5693437,127.0391821,success,성동구,R,전통시장,"3130068",마장축산물시장,203467,452337,"11200",성동구,"11200540",마장동,218303
22BDEE04F4,서울 성동구 마장로31길 14-2.,대박****,,서울 성동구,축산물,,20150810,,37.5676263,127.0377678,success,성동구,R,전통시장,"3130068",마장축산물시장,203467,452337,"11200",성동구,"11200540",마장동,218303
FB36289140,서울 성동구 마장로35나길 3-1,희망**,,서울 성동구,축산물,마장동,20130524,,37.5688783,127.0397006,success,성동구,R,전통시장,"3130068",마장축산물시장,203467,452337,"11200",성동구,"11200540",마장동,218303
AAC3D4597D,서울 성동구 마장로35다길 18.,마장***,,서울 성동구,축산물,마장동,20170208,,37.5690372,127.0406544,success,성동구,R,전통시장,"3130068",마장축산물시장,203467,452337,"11200",성동구,"11200540",마장동,218303
5417C5A2AE,서울 성동구 마장로37길 53-9.,회*,,서울 성동구,축산물,마장동,20160511,,37.5701542,127.0415236,success,성동구,R,전통시장,"3130068",마장축산물시장,203467,452337,"11200",성동구,"11200540",마장동,218303
534FC7A474,서울  성동구  고산자로  335-2,꼬끼*,,서울 성동구,호프/맥주,마장동,20120820,,37.5696555,127.0372161,success,성동구,R,전통시장,"3130068",마장축산물시장,203467,452337,"11200",성동구,"11200540",마장동,218303
7268E7807A,서울 성동구 고산자로24길 11-1,보성**,,서울 성동구,축산물,마장동,20031211,,37.5700435,127.0389791,success,성동구,R,전통시장,"3130068",마장축산물시장,203467,452337,"11200",성동구,"11200540",마장동,218303
C549675902,서울 성동구 고산자로24길 11-1,정호**,,서울 성동구,축산물,마장동,20050214,,37.5700435,127.0389791,success,성동구,R,전통시장,"3130068",마장축산물시장,203467,452337,"11200",성동구,"11200540",마장동,218303
8E2D448FF9,서울 성동구 고산자로24길 11-1,동신**,,서울 성동구,축산물,마장동,20140929,,37.5700435,127.0389791,success,성동구,R,전통시장,"3130068",마장축산물시장,203467,452337,"11200",성동구,"11200540",마장동,218303
756011C7B4,서울 성동구 고산자로24길 12-1,성우**,,서울 성동구,축산물,마장동,20080116,,37.5697253,127.0388741,success,성동구,R,전통시장,"3130068",마장축산물시장,203467,452337,"11200",성동구,"11200540",마장동,218303
598ACA428F,서울 성동구 고산자로24길 14-2,영덕**,,서울 성동구,축산물,마장동,20070921,,37.5697515,127.0389798,success,성동구,R,전통시장,"3130068",마장축산물시장,203467,452337,"11200",성동구,"11200540",마장동,218303
4DE273254C,서울 성동구 고산자로24길 4-1.,대림**,,서울 성동구,축산물,마장동,20060203,,37.5699427,127.0379716,success,성동구,R,전통시장,"3130068",마장축산물시장,203467,452337,"11200",성동구,"11200540",마장동,218303
AC8D66E0C8,서울 성동구 마장로31길 24-12.,골목*,,서울 성동구,백반/가정식,마장동,20081001,,37.5684584,127.0382337,success,성동구,R,전통시장,"3130068",마장축산물시장,203467,452337,"11200",성동구,"11200540",마장동,218303
C9550798B7,서울 성동구 마장로35다길 15-1,광장**,,서울 성동구,축산물,마장동,20140529,,37.5694258,127.0407557,success,성동구,R,전통시장,"3130068",마장축산물시장,203467,452337,"11200",성동구,"11200540",마장동,218303
8F6C066370,서울 성동구 마장로37길 45-10.,88**,,서울 성동구,축산물,마장동,20240513,,37.5697257,127.0410205,success,성동구,R,전통시장,"3130068",마장축산물시장,203467,452337,"11200",성동구,"11200540",마장동,218303
"002816BA73",서울 성동구 청계천로10나길 78,자갈***********,,서울 성동구,요리주점,마장동,20140507,,37.5700669,127.0370927,success,성동구,R,전통시장,"3130068",마장축산물시장,203467,452337,"11200",성동구,"11200540",마장동,218303
DB794CF0E3,서울  성동구  마장로29길  46-1,빅토***,,서울 성동구,분식,마장동,20060105,,37.5700863,127.0369945,success,성동구,R,전통시장,"3130068",마장축산물시장,203467,452337,"11200",성동구,"11200540",마장동,218303
38277AF289,서울 성동구 고산자로24길 14-2.,제인**,,서울 성동구,축산물,마장동,20091109,,37.5697515,127.0389798,success,성동구,R,전통시장,"3130068",마장축산물시장,203467,452337,"11200",성동구,"11200540",마장동,218303
946258597D,서울 성동구 고산자로24길 14-2.,신숯***,,서울 성동구,한식-육류/고기,마장동,20151229,,37.5697515,127.0389798,success,성동구,R,전통시장,"3130068",마장축산물시장,203467,452337,"11200",성동구,"11200540",마장동,218303
E9FD5A6490,서울특별시 성동구 고산자로 337,전라***,,서울 성동구,한식-단품요리일반,마장동,20211208,,37.5697348,127.0372806,success,성동구,R,전통시장,"3130068",마장축산물시장,203467,452337,"11200",성동구,"11200540",마장동,218303
AB68D92311,서울특별시 성동구 고산자로 339,비비*******,치킨2,서울 성동구,치킨,마장동,20240701,,37.5699111,127.0373336,success,성동구,R,전통시장,"3130068",마장축산물시장,203467,452337,"11200",성동구,"11200540",마장동,218303
8839A42F11,서울특별시 성동구 고산자로 341,야시****,,서울 성동구,룸살롱/단란주점,마장동,20181011,,37.5700784,127.037379,success,성동구,R,전통시장,"3130068",마장축산물시장,203467,452337,"11200",성동구,"11200540",마장동,218303
14AAC1149B,서울특별시 성동구 고산자로 349,덕성**,,서울 성동구,축산물,마장동,20161005,,37.5709214,127.0373425,success,성동구,R,전통시장,"3130068",마장축산물시장,203467,452337,"11200",성동구,"11200540",마장동,218303
BDB8AA2BA9,서울특별시 성동구 고산자로 354,마장**,,서울 성동구,식료품,마장동,20230626,,37.5711181,127.0383433,success,성동구,R,전통시장,"3130068",마장축산물시장,203467,452337,"11200",성동구,"11200540",마장동,218303
A4CF81DD03,서울특별시 성동구 고산자로 354,손건********,,서울 성동구,한식-육류/고기,마장동,20230421,,37.5711181,127.0383433,success,성동구,R,전통시장,"3130068",마장축산물시장,203467,452337,"11200",성동구,"11200540",마장동,218303
"02377784A1",서울특별시 성동구 마장로31길 40,한우**,,서울 성동구,축산물,마장동,20170424,,37.5697429,127.0384113,success,성동구,R,전통시장,"3130068",마장축산물시장,203467,452337,"11200",성동구,"11200540",마장동,218303
525D3B1AD2,서울특별시 성동구 마장로31길 40,흥일**,,서울 성동구,축산물,마장동,20200107,,37.5697429,127.0384113,success,성동구,R,전통시장,"3130068",마장축산물시장,203467,452337,"11200",성동구,"11200540",마장동,218303
E8152DDA49,서울특별시 성동구 마장로31길 40,하나**,,서울 성동구,축산물,마장동,20210705,,37.5697429,127.0384113,success,성동구,R,전통시장,"3130068",마장축산물시장,203467,452337,"11200",성동구,"11200540",마장동,218303
83A0FDAFA7,서울특별시 성동구 마장로31길 40,대광**,,서울 성동구,축산물,마장동,20240905,,37.5697429,127.0384113,success,성동구,R,전통시장,"3130068",마장축산물시장,203467,452337,"11200",성동구,"11200540",마장동,218303
"02B9A2CC01",서울특별시 성동구 마장로31길 40,마장*******,,서울 성동구,한식-육류/고기,마장동,20200730,,37.5697429,127.0384113,success,성동구,R,전통시장,"3130068",마장축산물시장,203467,452337,"11200",성동구,"11200540",마장동,218303
4C4C19D23F,서울특별시 성동구 마장로31길 43,서문**,,서울 성동구,축산물,마장동,20170420,,37.5701654,127.0382167,success,성동구,R,전통시장,"3130068",마장축산물시장,203467,452337,"11200",성동구,"11200540",마장동,218303
A6964F8879,서울특별시 성동구 마장로31길 43,원일**,,서울 성동구,축산물,마장동,20170824,,37.5701654,127.0382167,success,성동구,R,전통시장,"3130068",마장축산물시장,203467,452337,"11200",성동구,"11200540",마장동,218303
83900DDFE0,서울특별시 성동구 마장로31길 43,삼호**,,서울 성동구,축산물,마장동,20190910,,37.5701654,127.0382167,success,성동구,R,전통시장,"3130068",마장축산물시장,203467,452337,"11200",성동구,"11200540",마장동,218303
F5449AAD7F,서울특별시 성동구 마장로31길 43,나눔****,,서울 성동구,축산물,마장동,20191206,,37.5701654,127.0382167,success,성동구,R,전통시장,"3130068",마장축산물시장,203467,452337,"11200",성동구,"11200540",마장동,218303
FB4DA73643,서울특별시 성동구 마장로31길 43,로또****,축산물2,서울 성동구,축산물,마장동,20210709,,37.5701654,127.0382167,success,성동구,R,전통시장,"3130068",마장축산물시장,203467,452337,"11200",성동구,"11200540",마장동,218303
5B537AFFD8,서울특별시 성동구 마장로31길 44,동남**,,서울 성동구,축산물,마장동,20180419,,37.5701221,127.0385418,success,성동구,R,전통시장,"3130068",마장축산물시장,203467,452337,"11200",성동구,"11200540",마장동,218303
823EAE1BFC,서울특별시 성동구 마장로31길 44,대찬**,,서울 성동구,축산물,마장동,20191226,,37.5701221,127.0385418,success,성동구,R,전통시장,"3130068",마장축산물시장,203467,452337,"11200",성동구,"11200540",마장동,218303
4D45E10163,서울특별시 성동구 마장로31길 44,삼보****,,서울 성동구,축산물,마장동,20230116,,37.5701221,127.0385418,success,성동구,R,전통시장,"3130068",마장축산물시장,203467,452337,"11200",성동구,"11200540",마장동,218303
6880AFD844,서울특별시 성동구 마장로31길 48,한솔**,,서울 성동구,한식-단품요리일반,마장동,20211108,,37.5704618,127.0386129,success,성동구,R,전통시장,"3130068",마장축산물시장,203467,452337,"11200",성동구,"11200540",마장동,218303
AB7C12DD2E,서울특별시 성동구 마장로33길 13,덕유**,,서울 성동구,축산물,,20190617,,37.5673032,127.0377917,success,성동구,R,전통시장,"3130068",마장축산물시장,203467,452337,"11200",성동구,"11200540",마장동,218303
59C69D9CD8,서울특별시 성동구 마장로33길 67,좋은****,,서울 성동구,축산물,마장동,20210209,,37.5710272,127.0402015,success,성동구,R,전통시장,"3130068",마장축산물시장,203467,452337,"11200",성동구,"11200540",마장동,218303
7939D0AA25,서울특별시 성동구 마장로33길 67,경동****,,서울 성동구,축산물,마장동,20220418,,37.5710272,127.0402015,success,성동구,R,전통시장,"3130068",마장축산물시장,203467,452337,"11200",성동구,"11200540",마장동,218303
2E11392CA8,서울특별시 성동구 마장로35길 46,대*,,서울 성동구,축산물,마장동,20170105,,37.5695323,127.0400238,success,성동구,R,전통시장,"3130068",마장축산물시장,203467,452337,"11200",성동구,"11200540",마장동,218303
4DC1192CB7,서울특별시 성동구 마장로35길 46,보형**,,서울 성동구,축산물,마장동,20180906,,37.5695323,127.0400238,success,성동구,R,전통시장,"3130068",마장축산물시장,203467,452337,"11200",성동구,"11200540",마장동,218303
3A81FE047A,서울특별시 성동구 마장로35길 46,정오**,,서울 성동구,축산물,마장동,20240223,,37.5695323,127.0400238,success,성동구,R,전통시장,"3130068",마장축산물시장,203467,452337,"11200",성동구,"11200540",마장동,218303
7042BE8B0B,서울특별시 성동구 마장로35길 70,다복**,,서울 성동구,축산물,마장동,20210114,,37.5705966,127.0414968,success,성동구,R,전통시장,"3130068",마장축산물시장,203467,452337,"11200",성동구,"11200540",마장동,218303
EEA824DBB4,서울특별시 성동구 마장로37길 33,수정**,,서울 성동구,백반/가정식,마장동,20161212,,37.5686679,127.0405271,success,성동구,R,전통시장,"3130068",마장축산물시장,203467,452337,"11200",성동구,"11200540",마장동,218303
80847B8A08,서울특별시 성동구 마장로37길 40,한우**,,서울 성동구,농산물,,20180330,,37.5689605,127.0410436,success,성동구,R,전통시장,"3130068",마장축산물시장,203467,452337,"11200",성동구,"11200540",마장동,218303
1E10EECF86,서울특별시 성동구 마장로37길 40,동원****,,서울 성동구,축산물,,20200214,,37.5689605,127.0410436,success,성동구,R,전통시장,"3130068",마장축산물시장,203467,452337,"11200",성동구,"11200540",마장동,218303
62170CD834,서울특별시 성동구 마장로37길 40,장수****,,서울 성동구,축산물,,20200521,,37.5689605,127.0410436,success,성동구,R,전통시장,"3130068",마장축산물시장,203467,452337,"11200",성동구,"11200540",마장동,218303
AEDB32EDA4,서울특별시 성동구 마장로37길 40,대성**,축산물2,서울 성동구,축산물,,20210825,,37.5689605,127.0410436,success,성동구,R,전통시장,"3130068",마장축산물시장,203467,452337,"11200",성동구,"11200540",마장동,218303
7DECE5D4FD,서울특별시 성동구 마장로37길 40,미육*******,,서울 성동구,축산물,,20230802,,37.5689605,127.0410436,success,성동구,R,전통시장,"3130068",마장축산물시장,203467,452337,"11200",성동구,"11200540",마장동,218303
9E656CB539,서울특별시 성동구 마장로37길 40,이영**,,서울 성동구,축산물,,20230822,,37.5689605,127.0410436,success,성동구,R,전통시장,"3130068",마장축산물시장,203467,452337,"11200",성동구,"11200540",마장동,218303
ED52C35FC7,서울특별시 성동구 마장로37길 41,우진**,,서울 성동구,축산물,마장동,20210709,,37.5691536,127.040877,success,성동구,R,전통시장,"3130068",마장축산물시장,203467,452337,"11200",성동구,"11200540",마장동,218303
81159E8CD8,서울특별시 성동구 마장로37길 41,우진**,,서울 성동구,축산물,마장동,20240405,,37.5691536,127.040877,success,성동구,R,전통시장,"3130068",마장축산물시장,203467,452337,"11200",성동구,"11200540",마장동,218303
995AA17CD7,서울특별시 성동구 마장로37길 43,마장**,,서울 성동구,축산물,마장동,20170310,,37.569339,127.0409704,success,성동구,R,전통시장,"3130068",마장축산물시장,203467,452337,"11200",성동구,"11200540",마장동,218303
31AED9557A,서울특별시 성동구 마장로37길 43,현대**,,서울 성동구,축산물,마장동,20180611,,37.569339,127.0409704,success,성동구,R,전통시장,"3130068",마장축산물시장,203467,452337,"11200",성동구,"11200540",마장동,218303
F8D42257C0,서울특별시 성동구 마장로37길 43,한우**,,서울 성동구,축산물,마장동,20230209,,37.569339,127.0409704,success,성동구,R,전통시장,"3130068",마장축산물시장,203467,452337,"11200",성동구,"11200540",마장동,218303
519942A2F8,서울특별시 성동구 마장로37길 43,우여*,,서울 성동구,축산물,마장동,20231006,,37.569339,127.0409704,success,성동구,R,전통시장,"3130068",마장축산물시장,203467,452337,"11200",성동구,"11200540",마장동,218303
F27F93CCEE,서울특별시 성동구 마장로37길 43,우여*,,서울 성동구,한식-육류/고기,마장동,20221024,,37.569339,127.0409704,success,성동구,R,전통시장,"3130068",마장축산물시장,203467,452337,"11200",성동구,"11200540",마장동,218303
FEDAD7667E,서울특별시 성동구 마장로37길 45,탐라**,,서울 성동구,축산물,마장동,20170406,,37.5695521,127.0411087,success,성동구,R,전통시장,"3130068",마장축산물시장,203467,452337,"11200",성동구,"11200540",마장동,218303
8640E83EC0,서울특별시 성동구 마장로37길 45,신부**,,서울 성동구,축산물,마장동,20190716,,37.5695521,127.0411087,success,성동구,R,전통시장,"3130068",마장축산물시장,203467,452337,"11200",성동구,"11200540",마장동,218303
AFD575EAD3,서울특별시 성동구 마장로37길 45,대한**,,서울 성동구,축산물,마장동,20200812,,37.5695521,127.0411087,success,성동구,R,전통시장,"3130068",마장축산물시장,203467,452337,"11200",성동구,"11200540",마장동,218303
F4D804EFA3,서울특별시 성동구 마장로37길 49,명진****,,서울 성동구,축산물,마장동,20200826,,37.5698199,127.0413203,success,성동구,R,전통시장,"3130068",마장축산물시장,203467,452337,"11200",성동구,"11200540",마장동,218303
BE98ECE2C2,서울특별시 성동구 마장로37길 49,남원***,,서울 성동구,축산물,마장동,20230526,,37.5698199,127.0413203,success,성동구,R,전통시장,"3130068",마장축산물시장,203467,452337,"11200",성동구,"11200540",마장동,218303
A1B826773C,서울특별시 성동구 마장로37길 49,남원**,,서울 성동구,축산물,마장동,20230908,,37.5698199,127.0413203,success,성동구,R,전통시장,"3130068",마장축산물시장,203467,452337,"11200",성동구,"11200540",마장동,218303
104031A6C2,서울특별시 성동구 마장로37길 53,한일**,,서울 성동구,축산물,마장동,20200213,20240521,37.5701542,127.0415236,success,성동구,R,전통시장,"3130068",마장축산물시장,203467,452337,"11200",성동구,"11200540",마장동,218303
60AD2EEEB8,서울특별시 성동구 마장로37길 53,마블*,,서울 성동구,축산물,마장동,20240521,,37.5701542,127.0415236,success,성동구,R,전통시장,"3130068",마장축산물시장,203467,452337,"11200",성동구,"11200540",마장동,218303
162B21238D,서울  성동구  청계천로10나길  77,해돋***,,서울 성동구,축산물,마장동,20091207,,37.5702592,127.0372186,success,성동구,R,전통시장,"3130068",마장축산물시장,203467,452337,"11200",성동구,"11200540",마장동,218303
79758BA350,서울 성동구 청계천로10가길 64-3.,청계****,,서울 성동구,한식-국밥/설렁탕,마장동,20240802,,37.5712602,127.0357505,success,성동구,R,전통시장,"3130068",마장축산물시장,203467,452337,"11200",성동구,"11200540",마장동,218303
"05870C6994",서울 성동구 청계천로10나길 82-14,전주**,,서울 성동구,백반/가정식,마장동,20150414,,37.5698664,127.0371624,success,성동구,R,전통시장,"3130068",마장축산물시장,203467,452337,"11200",성동구,"11200540",마장동,218303
99973542B9,서울특별시 성동구 고산자로 337-2,달콤***,,서울 성동구,카페,마장동,20170915,,37.5698533,127.0373169,success,성동구,R,전통시장,"3130068",마장축산물시장,203467,452337,"11200",성동구,"11200540",마장동,218303
CDAEDB0A25,서울특별시 성동구 고산자로 339-2,이디********,커피전문점6,서울 성동구,커피전문점,마장동,20190220,,37.5700188,127.0373626,success,성동구,R,전통시장,"3130068",마장축산물시장,203467,452337,"11200",성동구,"11200540",마장동,218303
F9E3638CA1,서울특별시 성동구 고산자로20길 9,만나********,,서울 성동구,농산물,마장동,20210128,,37.5679928,127.0380527,success,성동구,R,전통시장,"3130068",마장축산물시장,203467,452337,"11200",성동구,"11200540",마장동,218303
"0E8F0F8410",서울특별시 성동구 고산자로20길 9,리안**,,서울 성동구,축산물,마장동,20190530,,37.5679928,127.0380527,success,성동구,R,전통시장,"3130068",마장축산물시장,203467,452337,"11200",성동구,"11200540",마장동,218303
CAF68EC2CB,서울특별시 성동구 고산자로22길 6,담*,,서울 성동구,카페,마장동,20221202,,37.5690366,127.0379602,success,성동구,R,전통시장,"3130068",마장축산물시장,203467,452337,"11200",성동구,"11200540",마장동,218303
26EBEEFD0A,서울특별시 성동구 고산자로24길 6,삼성**,,서울 성동구,축산물,마장동,20240708,,37.5698932,127.0381417,success,성동구,R,전통시장,"3130068",마장축산물시장,203467,452337,"11200",성동구,"11200540",마장동,218303
E5B86651F8,서울특별시 성동구 고산자로26길 5,구미*,,서울 성동구,한식-육류/고기,마장동,20180919,,37.5708266,127.0384161,success,성동구,R,전통시장,"3130068",마장축산물시장,203467,452337,"11200",성동구,"11200540",마장동,218303
8934C5353C,서울특별시 성동구 마장로31가길 2,자매**,,서울 성동구,백반/가정식,마장동,20171017,,37.5694808,127.038328,success,성동구,R,전통시장,"3130068",마장축산물시장,203467,452337,"11200",성동구,"11200540",마장동,218303
386397E23E,서울특별시 성동구 마장로31가길 5,동명**,,서울 성동구,축산물,마장동,20210621,,37.5697139,127.0385941,success,성동구,R,전통시장,"3130068",마장축산물시장,203467,452337,"11200",성동구,"11200540",마장동,218303
C525E44DDB,서울특별시 성동구 마장로31가길 5,희망**,,서울 성동구,축산물,마장동,20211220,,37.5697139,127.0385941,success,성동구,R,전통시장,"3130068",마장축산물시장,203467,452337,"11200",성동구,"11200540",마장동,218303
289FECEDF1,서울특별시 성동구 마장로31가길 5,동명**,,서울 성동구,축산물,마장동,20211222,,37.5697139,127.0385941,success,성동구,R,전통시장,"3130068",마장축산물시장,203467,452337,"11200",성동구,"11200540",마장동,218303
A5252A18CF,서울특별시 성동구 마장로31가길 5,선광**,,서울 성동구,축산물,마장동,20220504,,37.5697139,127.0385941,success,성동구,R,전통시장,"3130068",마장축산물시장,203467,452337,"11200",성동구,"11200540",마장동,218303
33B68F414D,서울특별시 성동구 마장로31가길 6,수정**,,서울 성동구,식료품,마장동,20220803,,37.5694662,127.0384962,success,성동구,R,전통시장,"3130068",마장축산물시장,203467,452337,"11200",성동구,"11200540",마장동,218303
1EC413BB05,서울특별시 성동구 마장로35나길 5,신호**,,서울 성동구,축산물,마장동,20201013,,37.5687665,127.0399431,success,성동구,R,전통시장,"3130068",마장축산물시장,203467,452337,"11200",성동구,"11200540",마장동,218303
C08E57AC76,서울특별시 성동구 마장로35나길 9,남문******,,서울 성동구,한식-찌개/전골,마장동,20240314,,37.5686921,127.0403129,success,성동구,R,전통시장,"3130068",마장축산물시장,203467,452337,"11200",성동구,"11200540",마장동,218303
1FD34CB47A,서울특별시 성동구 마장로35다길 7,세원**,,서울 성동구,축산물,마장동,20210121,,37.5695584,127.0404047,success,성동구,R,전통시장,"3130068",마장축산물시장,203467,452337,"11200",성동구,"11200540",마장동,218303
48A2E5A7D3,서울특별시 성동구 마장로35다길 8,대성****,,서울 성동구,축산물,마장동,20230802,,37.569432,127.0402787,success,성동구,R,전통시장,"3130068",마장축산물시장,203467,452337,"11200",성동구,"11200540",마장동,218303
"4069628130",서울특별시 성동구 마장로35다길 9,OM***,,서울 성동구,축산물,마장동,20170424,,37.5695718,127.0406341,success,성동구,R,전통시장,"3130068",마장축산물시장,203467,452337,"11200",성동구,"11200540",마장동,218303
61E9DEEBD7,서울특별시 성동구 마장로35다길 9,마천**,,서울 성동구,축산물,마장동,20230914,,37.5695718,127.0406341,success,성동구,R,전통시장,"3130068",마장축산물시장,203467,452337,"11200",성동구,"11200540",마장동,218303
3DFABAA899,서울특별시 성동구 마장로35다길 9,예농***,,서울 성동구,축산물,마장동,20240327,,37.5695718,127.0406341,success,성동구,R,전통시장,"3130068",마장축산물시장,203467,452337,"11200",성동구,"11200540",마장동,218303
"07048B6141",서울특별시 성동구 마장로35라길 9,한남**,,서울 성동구,백반/가정식,마장동,20200610,,37.5702722,127.0411278,success,성동구,R,전통시장,"3130068",마장축산물시장,203467,452337,"11200",성동구,"11200540",마장동,218303
DC2433C636,서울특별시 성동구 고산자로24길 11,유현**,,서울 성동구,축산물,마장동,20191002,,37.5700805,127.0387718,success,성동구,R,전통시장,"3130068",마장축산물시장,203467,452337,"11200",성동구,"11200540",마장동,218303
5ED6A6D25C,서울특별시 성동구 고산자로24길 11,미트************,,서울 성동구,축산물,마장동,20220627,,37.5700805,127.0387718,success,성동구,R,전통시장,"3130068",마장축산물시장,203467,452337,"11200",성동구,"11200540",마장동,218303
BD97D048D7,서울특별시 성동구 고산자로24길 12,소오**,,서울 성동구,축산물,마장동,20240911,,37.5697942,127.0387727,success,성동구,R,전통시장,"3130068",마장축산물시장,203467,452337,"11200",성동구,"11200540",마장동,218303
6744E203FD,서울특별시 성동구 고산자로24길 15,양지**,,서울 성동구,축산물,마장동,20191104,,37.5699266,127.0392982,success,성동구,R,전통시장,"3130068",마장축산물시장,203467,452337,"11200",성동구,"11200540",마장동,218303
1109D8FCC5,서울특별시 성동구 고산자로24길 15,양지**,,서울 성동구,축산물,마장동,20240221,,37.5699266,127.0392982,success,성동구,R,전통시장,"3130068",마장축산물시장,203467,452337,"11200",성동구,"11200540",마장동,218303
2A28E1D01A,서울특별시 성동구 고산자로24길 15,생생**,,서울 성동구,한식-육류/고기,마장동,20170801,,37.5699266,127.0392982,success,성동구,R,전통시장,"3130068",마장축산물시장,203467,452337,"11200",성동구,"11200540",마장동,218303
B8A531489A,서울특별시 성동구 고산자로24길 16,풍원****,,서울 성동구,축산물,마장동,20240701,,37.5696876,127.0393036,success,성동구,R,전통시장,"3130068",마장축산물시장,203467,452337,"11200",성동구,"11200540",마장동,218303
186E12F013,서울특별시 성동구 고산자로24길 17,남양**,,서울 성동구,축산물,마장동,20180508,,37.5698782,127.0395502,success,성동구,R,전통시장,"3130068",마장축산물시장,203467,452337,"11200",성동구,"11200540",마장동,218303
A75CE5A018,서울특별시 성동구 고산자로24길 18,팔팔**,,서울 성동구,축산물,마장동,20201104,,37.5697261,127.0394289,success,성동구,R,전통시장,"3130068",마장축산물시장,203467,452337,"11200",성동구,"11200540",마장동,218303
9476AD97B9,서울특별시 성동구 고산자로24길 18,동백******,,서울 성동구,축산물,마장동,20211103,,37.5697261,127.0394289,success,성동구,R,전통시장,"3130068",마장축산물시장,203467,452337,"11200",성동구,"11200540",마장동,218303
40C78A09A2,서울특별시 성동구 고산자로24길 18,형제**,,서울 성동구,축산물,마장동,20221207,,37.5697261,127.0394289,success,성동구,R,전통시장,"3130068",마장축산물시장,203467,452337,"11200",성동구,"11200540",마장동,218303
D488494DEF,서울특별시 성동구 고산자로26길 12,경원**,,서울 성동구,축산물,마장동,20181001,20240402,37.5703918,127.0390092,success,성동구,R,전통시장,"3130068",마장축산물시장,203467,452337,"11200",성동구,"11200540",마장동,218303
975CAF71FE,서울특별시 성동구 마장로35길 48-9,용궁**,,서울 성동구,축산물,마장동,20170518,,37.5697645,127.040439,success,성동구,R,전통시장,"3130068",마장축산물시장,203467,452337,"11200",성동구,"11200540",마장동,218303
CE4E66121E,서울특별시 성동구 마장로35다길 10,혜인**,,서울 성동구,축산물,마장동,20240126,,37.5693637,127.0404275,success,성동구,R,전통시장,"3130068",마장축산물시장,203467,452337,"11200",성동구,"11200540",마장동,218303
16FF61FF49,서울특별시 성동구 마장로35다길 12,영주**,,서울 성동구,축산물,마장동,20230106,,37.5693141,127.0405333,success,성동구,R,전통시장,"3130068",마장축산물시장,203467,452337,"11200",성동구,"11200540",마장동,218303
5507C4D8DB,서울특별시 성동구 마장로35다길 16,착한**,,서울 성동구,축산물,마장동,20190819,,37.5691654,127.0406131,success,성동구,R,전통시장,"3130068",마장축산물시장,203467,452337,"11200",성동구,"11200540",마장동,218303
3521453C6F,서울특별시 성동구 마장로35다길 16,오성**,,서울 성동구,축산물,마장동,20230425,,37.5691654,127.0406131,success,성동구,R,전통시장,"3130068",마장축산물시장,203467,452337,"11200",성동구,"11200540",마장동,218303
BCEE2D09FD,서울특별시 성동구 마장로35다길 18,영동**,,서울 성동구,축산물,마장동,20211007,,37.5690372,127.0406544,success,성동구,R,전통시장,"3130068",마장축산물시장,203467,452337,"11200",성동구,"11200540",마장동,218303
14AAED5A5C,서울특별시 성동구 마장로35다길 18,마장****,,서울 성동구,축산물,마장동,20231228,,37.5690372,127.0406544,success,성동구,R,전통시장,"3130068",마장축산물시장,203467,452337,"11200",성동구,"11200540",마장동,218303
"0624A8697D",서울특별시 성동구 마장로35라길 16,지선**,,서울 성동구,축산물,마장동,20180206,,37.5698542,127.0411209,success,성동구,R,전통시장,"3130068",마장축산물시장,203467,452337,"11200",성동구,"11200540",마장동,218303
BC1CC776B0,서울특별시 성동구 마장로35라길 16,웅이***,,서울 성동구,축산물,마장동,20240221,,37.5698542,127.0411209,success,성동구,R,전통시장,"3130068",마장축산물시장,203467,452337,"11200",성동구,"11200540",마장동,218303
FD83D6880D,서울특별시 성동구 마장로35라길 17,중앙***,,서울 성동구,축산물,마장동,20230404,,37.5699681,127.0413567,success,성동구,R,전통시장,"3130068",마장축산물시장,203467,452337,"11200",성동구,"11200540",마장동,218303
E5D4A2B7C3,서울특별시 성동구 마장로37길 35-1,정일**,,서울 성동구,축산물,마장동,20220214,,37.5688268,127.0406434,success,성동구,R,전통시장,"3130068",마장축산물시장,203467,452337,"11200",성동구,"11200540",마장동,218303
B7BCECAB53,서울특별시 성동구 마장로37길 35-1,임가*******,,서울 성동구,한식-육류/고기,마장동,20240912,,37.5688268,127.0406434,success,성동구,R,전통시장,"3130068",마장축산물시장,203467,452337,"11200",성동구,"11200540",마장동,218303
E672DE0773,서울특별시 성동구 마장로37길 36-1,영일**,,서울 성동구,축산물,,20200605,,37.5686209,127.040748,success,성동구,R,전통시장,"3130068",마장축산물시장,203467,452337,"11200",성동구,"11200540",마장동,218303
6634FE5F13,서울특별시 성동구 마장로37길 37-1,다복**,,서울 성동구,축산물,마장동,20180531,,37.5689918,127.040762,success,성동구,R,전통시장,"3130068",마장축산물시장,203467,452337,"11200",성동구,"11200540",마장동,218303
B7277086F3,서울특별시 성동구 마장로37길 45-1,호수****,,서울 성동구,축산물,마장동,20200902,,37.5694356,127.0410496,success,성동구,R,전통시장,"3130068",마장축산물시장,203467,452337,"11200",성동구,"11200540",마장동,218303
935994591A,서울특별시 성동구 마장로37길 45-2,동남**,,서울 성동구,축산물,마장동,20211231,,37.5696274,127.0412299,success,성동구,R,전통시장,"3130068",마장축산물시장,203467,452337,"11200",성동구,"11200540",마장동,218303
75AC755E3E,서울특별시 성동구 마장로37길 45-6,동남**,,서울 성동구,축산물,마장동,20200528,,37.5696753,127.0411349,success,성동구,R,전통시장,"3130068",마장축산물시장,203467,452337,"11200",성동구,"11200540",마장동,218303
93D9B9CC54,서울특별시 성동구 마장로37길 47-1,삼성***,,서울 성동구,축산물,마장동,20240904,,37.569727,127.0412568,success,성동구,R,전통시장,"3130068",마장축산물시장,203467,452337,"11200",성동구,"11200540",마장동,218303
"02826B57BE",서울특별시 성동구 마장로37길 51-1,다정**,,서울 성동구,축산물,마장동,20230404,,37.5699903,127.0415002,success,성동구,R,전통시장,"3130068",마장축산물시장,203467,452337,"11200",성동구,"11200540",마장동,218303
E76E810A77,서울특별시 성동구 마장로37길 53-2,삼화***,,서울 성동구,축산물,마장동,20170919,,37.5702321,127.0416346,success,성동구,R,전통시장,"3130068",마장축산물시장,203467,452337,"11200",성동구,"11200540",마장동,218303
5B2E4E2454,서울특별시 성동구 마장로37길 53-2,한*,,서울 성동구,축산물,마장동,20171124,,37.5702321,127.0416346,success,성동구,R,전통시장,"3130068",마장축산물시장,203467,452337,"11200",성동구,"11200540",마장동,218303
73ACE2A1BF,서울특별시 성동구 마장로37길 53-2,삼*,,서울 성동구,축산물,마장동,20190903,,37.5702321,127.0416346,success,성동구,R,전통시장,"3130068",마장축산물시장,203467,452337,"11200",성동구,"11200540",마장동,218303
D7F0860579,서울특별시 성동구 마장로37길 53-2,대은**,,서울 성동구,축산물,마장동,20210429,,37.5702321,127.0416346,success,성동구,R,전통시장,"3130068",마장축산물시장,203467,452337,"11200",성동구,"11200540",마장동,218303
3C57E8E398,서울 성동구 마장로37길 40 (마장동),온다***,,서울 성동구,축산물,,20231101,,37.5689605,127.0410436,success,성동구,R,전통시장,"3130068",마장축산물시장,203467,452337,"11200",성동구,"11200540",마장동,218303
155590DFC1,서울특별시 성동구 고산자로18길 5-1,그린**,,서울 성동구,축산물,,20231218,,37.5672367,127.0376871,success,성동구,R,전통시장,"3130068",마장축산물시장,203467,452337,"11200",성동구,"11200540",마장동,218303
A7429A4A77,서울특별시 성동구 고산자로24길 4-1,현대**,,서울 성동구,축산물,마장동,20190910,,37.5699427,127.0379716,success,성동구,R,전통시장,"3130068",마장축산물시장,203467,452337,"11200",성동구,"11200540",마장동,218303
4FF5BC13EF,서울특별시 성동구 마장로33길 37-13,대박**,,서울 성동구,백반/가정식,마장동,20180315,,37.569346,127.0387382,success,성동구,R,전통시장,"3130068",마장축산물시장,203467,452337,"11200",성동구,"11200540",마장동,218303
9A9106F100,서울특별시 성동구 마장로35나길 3-7,수민**,,서울 성동구,축산물,마장동,20230515,,37.5689699,127.0397748,success,성동구,R,전통시장,"3130068",마장축산물시장,203467,452337,"11200",성동구,"11200540",마장동,218303
E24BAE6F44,서울특별시 성동구 마장로35다길 4-9,하경**,,서울 성동구,축산물,마장동,20211216,,37.5693246,127.0400453,success,성동구,R,전통시장,"3130068",마장축산물시장,203467,452337,"11200",성동구,"11200540",마장동,218303
23E87CC0C5,서울특별시 성동구 고산자로24길 11-1,경원**,,서울 성동구,축산물,마장동,20160817,,37.5700435,127.0389791,success,성동구,R,전통시장,"3130068",마장축산물시장,203467,452337,"11200",성동구,"11200540",마장동,218303
"01AB37892D",서울특별시 성동구 고산자로24길 11-1,구공**,,서울 성동구,축산물,마장동,20210712,,37.5700435,127.0389791,success,성동구,R,전통시장,"3130068",마장축산물시장,203467,452337,"11200",성동구,"11200540",마장동,218303
513A8B50FC,서울특별시 성동구 고산자로24길 12-1,내일***,,서울 성동구,축산물,마장동,20210812,,37.5697253,127.0388741,success,성동구,R,전통시장,"3130068",마장축산물시장,203467,452337,"11200",성동구,"11200540",마장동,218303
F12638FC09,서울특별시 성동구 고산자로24길 14-2,보경**,,서울 성동구,축산물,마장동,20231229,,37.5697515,127.0389798,success,성동구,R,전통시장,"3130068",마장축산물시장,203467,452337,"11200",성동구,"11200540",마장동,218303
2BE8E6A10C,서울특별시 성동구 고산자로24길 14-7,소지****,,서울 성동구,식료품,마장동,20191104,,37.5696653,127.0390474,success,성동구,R,전통시장,"3130068",마장축산물시장,203467,452337,"11200",성동구,"11200540",마장동,218303
D1AB16DDC4,서울특별시 성동구 고산자로24길 15-1,영화**,,서울 성동구,축산물,마장동,20211116,,37.5698823,127.0393929,success,성동구,R,전통시장,"3130068",마장축산물시장,203467,452337,"11200",성동구,"11200540",마장동,218303
2D732BFF98,서울특별시 성동구 고산자로24길 16-2,풍원**,,서울 성동구,축산물,마장동,20191230,,37.5697102,127.039157,success,성동구,R,전통시장,"3130068",마장축산물시장,203467,452337,"11200",성동구,"11200540",마장동,218303
44410D0CB8,서울특별시 성동구 마장로35나길 3-22,거승**,,서울 성동구,축산물,마장동,20180321,,37.5689372,127.0400918,success,성동구,R,전통시장,"3130068",마장축산물시장,203467,452337,"11200",성동구,"11200540",마장동,218303
E0B79043DA,서울특별시 성동구 마장로35나길 3-29,신안**,,서울 성동구,축산물,마장동,20211216,,37.5692709,127.0401509,success,성동구,R,전통시장,"3130068",마장축산물시장,203467,452337,"11200",성동구,"11200540",마장동,218303
42591F7AE9,서울특별시 성동구 마장로35나길 3-33,비앙*********,,서울 성동구,축산물,마장동,20240116,,37.5693494,127.040213,success,성동구,R,전통시장,"3130068",마장축산물시장,203467,452337,"11200",성동구,"11200540",마장동,218303
E9372BF2CE,서울특별시 성동구 마장로35나길 3-60,남도**,,서울 성동구,축산물,마장동,20181106,,37.5692799,127.0403595,success,성동구,R,전통시장,"3130068",마장축산물시장,203467,452337,"11200",성동구,"11200540",마장동,218303
44CA6EDFE3,서울특별시 성동구 마장로35나길 3-60,정육**,,서울 성동구,축산물,마장동,20200513,,37.5692799,127.0403595,success,성동구,R,전통시장,"3130068",마장축산물시장,203467,452337,"11200",성동구,"11200540",마장동,218303
7FC483F27A,서울특별시 성동구 청계천로10나길 79,중국***,,서울 성동구,식료품,마장동,20240725,20250725,37.5702592,127.0372186,success,성동구,R,전통시장,"3130068",마장축산물시장,203467,452337,"11200",성동구,"11200540",마장동,218303
2C4B01EA60,서울특별시 성동구 청계천로10나길 79,고기*,,서울 성동구,한식-육류/고기,마장동,20190515,,37.5702592,127.0372186,success,성동구,R,전통시장,"3130068",마장축산물시장,203467,452337,"11200",성동구,"11200540",마장동,218303
39A0648E6F,서울특별시 성동구 청계천로10나길 80,주향****,,서울 성동구,꼬치구이,마장동,20210329,,37.5701164,127.0372195,success,성동구,R,전통시장,"3130068",마장축산물시장,203467,452337,"11200",성동구,"11200540",마장동,218303
FC94397B9D,서울특별시 성동구 청계천로12가길 51,한결**,,서울 성동구,축산물,마장동,20220221,,37.5710998,127.0363402,success,성동구,R,전통시장,"3130068",마장축산물시장,203467,452337,"11200",성동구,"11200540",마장동,218303
1F8450ED67,서울특별시 성동구 청계천로12가길 40-3,신영****,,서울 성동구,축산물,마장동,20210805,,37.5708048,127.0361702,success,성동구,R,전통시장,"3130068",마장축산물시장,203467,452337,"11200",성동구,"11200540",마장동,218303
B584924DB0,서울 성동구 행당1동,왕십****,,서울 성동구,식품 제조,왕십리,20140828,,37.5598639,127.0354473,success,성동구,D,발달상권,"3120049",왕십리역(왕십리),203287,451265,"11200",성동구,"11200560",행당1동,193725
167F268F8E,서울  성동구  행당1동,돔카*,,서울 성동구,카페,왕십리,20110525,,37.5598639,127.0354473,success,성동구,D,발달상권,"3120049",왕십리역(왕십리),203287,451265,"11200",성동구,"11200560",행당1동,193725
7C3795DF2D,서울  성동구  행당1동,한양***********,,서울 성동구,식료품,한양대,20090311,,37.5598639,127.0354473,success,성동구,D,발달상권,"3120049",왕십리역(왕십리),203287,451265,"11200",성동구,"11200560",행당1동,193725
E9EB56D7EC,서울  성동구  행당1동,한양***,,서울 성동구,한식-육류/고기,한양대,20100719,,37.5598639,127.0354473,success,성동구,D,발달상권,"3120049",왕십리역(왕십리),203287,451265,"11200",성동구,"11200560",행당1동,193725
661C7C734C,서울 성동구 마조로 35,크로*******,,서울 성동구,베이커리,한양대,20020925,,37.5608803,127.0411306,success,성동구,D,발달상권,"3120049",왕십리역(왕십리),203287,451265,"11200",성동구,"11200560",행당1동,193725
43CE48A1CD,서울 성동구 마조로 39,스마*,,서울 성동구,분식,한양대,20090303,,37.5612809,127.0412893,success,성동구,D,발달상권,"3120049",왕십리역(왕십리),203287,451265,"11200",성동구,"11200560",행당1동,193725
77F596FCF5,서울 성동구 마조로 35.,본죽*********,한식-죽2,서울 성동구,한식-죽,한양대,20140523,,37.5608803,127.0411306,success,성동구,D,발달상권,"3120049",왕십리역(왕십리),203287,451265,"11200",성동구,"11200560",행당1동,193725
51DB10788F,서울 성동구 마조로 35 .,버거*,,서울 성동구,햄버거,한양대,20160901,,37.5608803,127.0411306,success,성동구,D,발달상권,"3120049",왕십리역(왕십리),203287,451265,"11200",성동구,"11200560",행당1동,193725
3B5C32604B,서울 성동구 마조로7길 6,싱싱*****,한식-해물/생선5,서울 성동구,한식-해물/생선,한양대,20080417,,37.5609017,127.0407212,success,성동구,D,발달상권,"3120049",왕십리역(왕십리),203287,451265,"11200",성동구,"11200560",행당1동,193725
F7C857EF14,서울 성동구 고산자로 263,거창**,,서울 성동구,한식-육류/고기,왕십리,20020531,,37.563355,127.0358351,success,성동구,D,발달상권,"3120049",왕십리역(왕십리),203287,451265,"11200",성동구,"11200560",행당1동,193725
E4C7CD6FBB,서울 성동구 마조로7길 11,치킨*******,치킨33,서울 성동구,치킨,한양대,20140924,,37.5607016,127.0399675,success,성동구,D,발달상권,"3120049",왕십리역(왕십리),203287,451265,"11200",성동구,"11200560",행당1동,193725
1BC90B10EC,서울 성동구 마조로7길 12,곱창***,,서울 성동구,한식-육류/고기,한양대,20010927,,37.5608971,127.040095,success,성동구,D,발달상권,"3120049",왕십리역(왕십리),203287,451265,"11200",성동구,"11200560",행당1동,193725
28BE1401AB,서울 성동구 마조로7길 5.,육회***,백반/가정식18,서울 성동구,백반/가정식,한양대,20150724,,37.5606755,127.0406482,success,성동구,D,발달상권,"3120049",왕십리역(왕십리),203287,451265,"11200",성동구,"11200560",행당1동,193725
"0732DD7F6A",서울 성동구 마조로7길 5.,내가***,한식-육류/고기5,서울 성동구,한식-육류/고기,한양대,20150804,,37.5606755,127.0406482,success,성동구,D,발달상권,"3120049",왕십리역(왕십리),203287,451265,"11200",성동구,"11200560",행당1동,193725
41BCC06E83,서울 성동구 마조로7길 8.,압구***********,,서울 성동구,한식-육류/고기,한양대,20160314,,37.5608803,127.0404123,success,성동구,D,발달상권,"3120049",왕십리역(왕십리),203287,451265,"11200",성동구,"11200560",행당1동,193725
6C1F093FD7,서울 성동구 마조로9길 5.,뺑드*,,서울 성동구,베이커리,한양대,20230105,,37.5611766,127.0407457,success,성동구,D,발달상권,"3120049",왕십리역(왕십리),203287,451265,"11200",성동구,"11200560",행당1동,193725
9A2D5845EB,서울 성동구 마조로9길 8.,무한**,,서울 성동구,한식-육류/고기,한양대,20130625,,37.561365,127.0406935,success,성동구,D,발달상권,"3120049",왕십리역(왕십리),203287,451265,"11200",성동구,"11200560",행당1동,193725
972280B725,서울 성동구 왕십리로 294,전주*,,서울 성동구,백반/가정식,왕십리,20050615,,37.5605202,127.0362069,success,성동구,D,발달상권,"3120049",왕십리역(왕십리),203287,451265,"11200",성동구,"11200560",행당1동,193725
B4A7FA3204,서울 성동구 고산자로 253.,김정********,건강식품1,서울 성동구,건강식품,왕십리,19961105,,37.5623652,127.035623,success,성동구,D,발달상권,"3120049",왕십리역(왕십리),203287,451265,"11200",성동구,"11200560",행당1동,193725
B2E0EBD449,서울 성동구 고산자로 269.,전주*******,,서울 성동구,한식-국밥/설렁탕,왕십리,20040320,,37.5637175,127.0357607,success,성동구,D,발달상권,"3120049",왕십리역(왕십리),203287,451265,"11200",성동구,"11200560",행당1동,193725
FFD5654C3D,서울 성동구 마조로1가길 4,부대***,,서울 성동구,한식-찌개/전골,한양대,20110218,,37.5602741,127.0395783,success,성동구,D,발달상권,"3120049",왕십리역(왕십리),203287,451265,"11200",성동구,"11200560",행당1동,193725
23D97A4475,서울 성동구 마조로1길 39.,양심**,,서울 성동구,백반/가정식,오남,20230912,,37.5610124,127.0392288,success,성동구,D,발달상권,"3120049",왕십리역(왕십리),203287,451265,"11200",성동구,"11200560",행당1동,193725
6375E191B5,서울 성동구 마조로1길 46.,제육**,치킨15,서울 성동구,치킨,한양대,20070402,,37.5613642,127.0393966,success,성동구,D,발달상권,"3120049",왕십리역(왕십리),203287,451265,"11200",성동구,"11200560",행당1동,193725
86C00477EB,서울 성동구 마조로5길 12.,헤븐********,,서울 성동구,룸살롱/단란주점,한양대,20100310,,37.5600495,127.0398968,success,성동구,D,발달상권,"3120049",왕십리역(왕십리),203287,451265,"11200",성동구,"11200560",행당1동,193725
E19118E99D,서울 성동구 마조로7길 15.,혜원****,,서울 성동구,한식-육류/고기,한양대,20200601,,37.5607259,127.0396218,success,성동구,D,발달상권,"3120049",왕십리역(왕십리),203287,451265,"11200",성동구,"11200560",행당1동,193725
5C86E37148,서울 성동구 마조로9길 18.,아리**,,서울 성동구,한식-단품요리일반,한양대,20150923,,37.561357,127.0395454,success,성동구,D,발달상권,"3120049",왕십리역(왕십리),203287,451265,"11200",성동구,"11200560",행당1동,193725
7E27181707,서울 성동구 마조로9길 6-3,뺑드*,,서울 성동구,베이커리,한양대,20160704,20230105,37.5614105,127.0408262,success,성동구,D,발달상권,"3120049",왕십리역(왕십리),203287,451265,"11200",성동구,"11200560",행당1동,193725
84590CFA26,서울 성동구 무학봉16길 28,요거**************,,서울 성동구,아이스크림/빙수,왕십리,20230629,,37.5596248,127.0334992,success,성동구,D,발달상권,"3120049",왕십리역(왕십리),203287,451265,"11200",성동구,"11200560",행당1동,193725
7439039EF1,서울 성동구 왕십리로 285.,나인***********,,서울 성동구,카페,왕십리,20121030,,37.5597846,127.0363105,success,성동구,D,발달상권,"3120049",왕십리역(왕십리),203287,451265,"11200",성동구,"11200560",행당1동,193725
6D331F1EE9,서울 성동구 마조로11길 17.,카페***************,카페9,서울 성동구,카페,한양대,20110921,,37.5616991,127.0395211,success,성동구,D,발달상권,"3120049",왕십리역(왕십리),203287,451265,"11200",성동구,"11200560",행당1동,193725
30A3576891,서울 성동구 마조로1가길 3.,요거********,아이스크림/빙수5,서울 성동구,아이스크림/빙수,한양대,20140821,,37.5604771,127.0396288,success,성동구,D,발달상권,"3120049",왕십리역(왕십리),203287,451265,"11200",성동구,"11200560",행당1동,193725
17B71ACAEE,서울 성동구 마조로7길 7-1.,춘천*****,한식-육류/고기26,서울 성동구,한식-육류/고기,한양대,20160617,,37.5606994,127.0403555,success,성동구,D,발달상권,"3120049",왕십리역(왕십리),203287,451265,"11200",성동구,"11200560",행당1동,193725
359DA6198A,서울 성동구 마조로7길 9-1.,쭈식***,,서울 성동구,한식-육류/고기,한양대,20140822,,37.560703,127.0400923,success,성동구,D,발달상권,"3120049",왕십리역(왕십리),203287,451265,"11200",성동구,"11200560",행당1동,193725
BB82FCB163,서울 성동구 왕십리로 291-2,볼카***,,서울 성동구,호프/맥주,왕십리,20051202,,37.5601733,127.0359271,success,성동구,D,발달상권,"3120049",왕십리역(왕십리),203287,451265,"11200",성동구,"11200560",행당1동,193725
7D998A4E45,서울 성동구 왕십리로 291-2,가요**,,서울 성동구,일반 유흥주점,왕십리,20090806,,37.5601733,127.0359271,success,성동구,D,발달상권,"3120049",왕십리역(왕십리),203287,451265,"11200",성동구,"11200560",행당1동,193725
3DB47F6D25,서울 성동구 왕십리로 296-1,학다*,,서울 성동구,카페,왕십리,20110729,,37.5607634,127.0360229,success,성동구,D,발달상권,"3120049",왕십리역(왕십리),203287,451265,"11200",성동구,"11200560",행당1동,193725
BD59CF16DF,서울 성동구 마조로1가길 13.,on****,,서울 성동구,호프/맥주,한양대,20101014,,37.5605104,127.0402136,success,성동구,D,발달상권,"3120049",왕십리역(왕십리),203287,451265,"11200",성동구,"11200560",행당1동,193725
FDC922ABCE,서울 성동구 마조로1가길 17.,라*,,서울 성동구,카페,한양대,20150409,,37.5605179,127.040359,success,성동구,D,발달상권,"3120049",왕십리역(왕십리),203287,451265,"11200",성동구,"11200560",행당1동,193725
9DB801DF04,서울 성동구 마조로5길 4-11.,삼팔****,,서울 성동구,포장마차,한양대,20090602,,37.5604886,127.0406304,success,성동구,D,발달상권,"3120049",왕십리역(왕십리),203287,451265,"11200",성동구,"11200560",행당1동,193725
3BD38FB889,서울 성동구 왕십리로 294-2.,오소*,,서울 성동구,한식-국수/만두,왕십리,20241106,,37.560465,127.0363188,success,성동구,D,발달상권,"3120049",왕십리역(왕십리),203287,451265,"11200",성동구,"11200560",행당1동,193725
30D877AA68,서울특별시 성동구 마조로 35,틈새*******,분식18,서울 성동구,분식,한양대,20210805,,37.5608803,127.0411306,success,성동구,D,발달상권,"3120049",왕십리역(왕십리),203287,451265,"11200",성동구,"11200560",행당1동,193725
7DFEFACC2E,서울특별시 성동구 마조로 43,긴자********,,서울 성동구,일식당,한양대,20240507,,37.5615683,127.0413534,success,성동구,D,발달상권,"3120049",왕십리역(왕십리),203287,451265,"11200",성동구,"11200560",행당1동,193725
E4899A583F,서울  성동구  마조로11길  13,브릭****,,서울 성동구,카페,한양대,20120601,,37.5617134,127.039957,success,성동구,D,발달상권,"3120049",왕십리역(왕십리),203287,451265,"11200",성동구,"11200560",행당1동,193725
13D9737A1D,서울 성동구 왕십리광장로 17.,공차******,차1,서울 성동구,차,왕십리,20160223,,37.5612886,127.038382,success,성동구,D,발달상권,"3120049",왕십리역(왕십리),203287,451265,"11200",성동구,"11200560",행당1동,193725
370B4F40C3,서울 성동구 왕십리광장로 17.,전자**,,서울 성동구,담배,왕십리,20101201,,37.5612886,127.038382,success,성동구,D,발달상권,"3120049",왕십리역(왕십리),203287,451265,"11200",성동구,"11200560",행당1동,193725
8D18C2E99F,서울 성동구 왕십리광장로 17.,달다*******,,서울 성동구,카페,왕십리,20240604,,37.5612886,127.038382,success,성동구,D,발달상권,"3120049",왕십리역(왕십리),203287,451265,"11200",성동구,"11200560",행당1동,193725
842D25724F,서울 성동구 왕십리광장로 17.,투썸*********,커피전문점13,서울 성동구,커피전문점,왕십리,20160722,,37.5612886,127.038382,success,성동구,D,발달상권,"3120049",왕십리역(왕십리),203287,451265,"11200",성동구,"11200560",행당1동,193725
87BD99FCEF,서울 성동구 왕십리광장로 17.,나마*******,,서울 성동구,동남아/인도음식,왕십리,20191002,,37.5612886,127.038382,success,성동구,D,발달상권,"3120049",왕십리역(왕십리),203287,451265,"11200",성동구,"11200560",행당1동,193725
1D47B2E51D,서울 성동구 왕십리로20길 18.,돈구*,,서울 성동구,한식-육류/고기,왕십리,20161206,,37.5633356,127.0355685,success,성동구,D,발달상권,"3120049",왕십리역(왕십리),203287,451265,"11200",성동구,"11200560",행당1동,193725
"01CCBE28E0",서울특별시 성동구 행당로 133,워니***,,서울 성동구,양식,왕십리,20180704,,37.5585567,127.0336069,success,성동구,D,발달상권,"3120049",왕십리역(왕십리),203287,451265,"11200",성동구,"11200560",행당1동,193725
F5D09BB486,서울 성동구 고산자로12길 1-1.,일품*****,,서울 성동구,한식-국수/만두,왕십리,20080717,,37.560231,127.0350537,success,성동구,D,발달상권,"3120049",왕십리역(왕십리),203287,451265,"11200",성동구,"11200560",행당1동,193725
CDDAE64AC2,서울 성동구 왕십리광장로 17 .,포르**,,서울 성동구,한식-단품요리일반,왕십리,20170830,,37.5612886,127.038382,success,성동구,D,발달상권,"3120049",왕십리역(왕십리),203287,451265,"11200",성동구,"11200560",행당1동,193725
679B13C3AD,서울특별시 성동구 마조로7길 4,스시*,,서울 성동구,일식당,한양대,20170831,,37.5608686,127.0409286,success,성동구,D,발달상권,"3120049",왕십리역(왕십리),203287,451265,"11200",성동구,"11200560",행당1동,193725
F52CC07BC8,서울특별시 성동구 마조로7길 5,갱*,,서울 성동구,요리주점,한양대,20240704,,37.5606755,127.0406482,success,성동구,D,발달상권,"3120049",왕십리역(왕십리),203287,451265,"11200",성동구,"11200560",행당1동,193725
F794B9D76C,서울특별시 성동구 마조로7길 7,더 *,,서울 성동구,한식-육류/고기,한양대,20221028,,37.5606837,127.0404862,success,성동구,D,발달상권,"3120049",왕십리역(왕십리),203287,451265,"11200",성동구,"11200560",행당1동,193725
B5A64F8167,서울특별시 성동구 마조로7길 9,군자*********,,서울 성동구,한식-육류/고기,한양대,20190905,,37.5607026,127.0402218,success,성동구,D,발달상권,"3120049",왕십리역(왕십리),203287,451265,"11200",성동구,"11200560",행당1동,193725
E368BF165D,서울특별시 성동구 마조로9길 3,유*,,서울 성동구,한식-국밥/설렁탕,한양대,20230922,,37.5611297,127.0409705,success,성동구,D,발달상권,"3120049",왕십리역(왕십리),203287,451265,"11200",성동구,"11200560",행당1동,193725
56CE6776C6,서울특별시 성동구 고산자로 212,구내**,,서울 성동구,구내식당/푸드코트,왕십리,20220920,,37.5589755,127.0344281,success,성동구,D,발달상권,"3120049",왕십리역(왕십리),203287,451265,"11200",성동구,"11200560",행당1동,193725
"066E49F118",서울특별시 성동구 고산자로 234,키즈***,,서울 성동구,인삼제품,왕십리,20201217,,37.5605423,127.0352676,success,성동구,D,발달상권,"3120049",왕십리역(왕십리),203287,451265,"11200",성동구,"11200560",행당1동,193725
"0220D6AA93",서울특별시 성동구 고산자로 253,프롬***************,카페14,서울 성동구,카페,왕십리,20170704,,37.5623652,127.035623,success,성동구,D,발달상권,"3120049",왕십리역(왕십리),203287,451265,"11200",성동구,"11200560",행당1동,193725
6B62F6001E,서울특별시 성동구 마조로11길 7,유유**,,서울 성동구,커피전문점,한양대,20180320,,37.561712,127.0406875,success,성동구,D,발달상권,"3120049",왕십리역(왕십리),203287,451265,"11200",성동구,"11200560",행당1동,193725
BA3F65BE47,서울특별시 성동구 마조로11길 9,츄로************************,,서울 성동구,커피전문점,한양대,20240216,,37.5617086,127.0404809,success,성동구,D,발달상권,"3120049",왕십리역(왕십리),203287,451265,"11200",성동구,"11200560",행당1동,193725
B78082EBDD,서울특별시 성동구 마조로1길 32,띵똥**,베이커리3,서울 성동구,베이커리,한양대,20170331,,37.5602443,127.0394679,success,성동구,D,발달상권,"3120049",왕십리역(왕십리),203287,451265,"11200",성동구,"11200560",행당1동,193725
A4B8D9B260,서울특별시 성동구 마조로1길 36,전원******,,서울 성동구,이자카야,한양대,20240116,,37.5606253,127.0394648,success,성동구,D,발달상권,"3120049",왕십리역(왕십리),203287,451265,"11200",성동구,"11200560",행당1동,193725
B5AFB737F5,서울특별시 성동구 마조로1길 39,타*,,서울 성동구,카페,한양대,20200313,,37.5610124,127.0392288,success,성동구,D,발달상권,"3120049",왕십리역(왕십리),203287,451265,"11200",성동구,"11200560",행당1동,193725
4554B97419,서울특별시 성동구 마조로1길 39,전원*************,,서울 성동구,포장마차,한양대,20240112,,37.5610124,127.0392288,success,성동구,D,발달상권,"3120049",왕십리역(왕십리),203287,451265,"11200",성동구,"11200560",행당1동,193725
6235F64612,서울특별시 성동구 마조로1길 39,육쌈**,한식-냉면2,서울 성동구,한식-냉면,한양대,20190703,,37.5610124,127.0392288,success,성동구,D,발달상권,"3120049",왕십리역(왕십리),203287,451265,"11200",성동구,"11200560",행당1동,193725
C224A1BCA1,서울특별시 성동구 마조로1길 39,새마********,한식-육류/고기12,서울 성동구,한식-육류/고기,한양대,20181227,,37.5610124,127.0392288,success,성동구,D,발달상권,"3120049",왕십리역(왕십리),203287,451265,"11200",성동구,"11200560",행당1동,193725
7608ABD020,서울특별시 성동구 마조로1길 39,해탄******,,서울 성동구,한식-해물/생선,한양대,20240308,,37.5610124,127.0392288,success,성동구,D,발달상권,"3120049",왕십리역(왕십리),203287,451265,"11200",성동구,"11200560",행당1동,193725
2EF97A568C,서울특별시 성동구 마조로1길 40,쭈꾸*********,,서울 성동구,한식-단품요리일반,한양대,20190909,,37.5609111,127.0394259,success,성동구,D,발달상권,"3120049",왕십리역(왕십리),203287,451265,"11200",성동구,"11200560",행당1동,193725
6C51C3210B,서울특별시 성동구 마조로1길 41,돌화***********,,서울 성동구,치킨,한양대,20240409,,37.5611094,127.0392073,success,성동구,D,발달상권,"3120049",왕십리역(왕십리),203287,451265,"11200",성동구,"11200560",행당1동,193725
A43D9F5A0D,서울특별시 성동구 마조로1길 41,명랑*********,베이커리4,서울 성동구,베이커리,한양대,20221125,,37.5611094,127.0392073,success,성동구,D,발달상권,"3120049",왕십리역(왕십리),203287,451265,"11200",성동구,"11200560",행당1동,193725
AD5BBEFD72,서울특별시 성동구 마조로1길 41,왕십********,,서울 성동구,일식-우동/소바/라면,한양대,20220218,,37.5611094,127.0392073,success,성동구,D,발달상권,"3120049",왕십리역(왕십리),203287,451265,"11200",성동구,"11200560",행당1동,193725
50BB2EA330,서울특별시 성동구 마조로1길 42,메가********,커피전문점2,서울 성동구,커피전문점,한양대,20170309,,37.5611202,127.0394089,success,성동구,D,발달상권,"3120049",왕십리역(왕십리),203287,451265,"11200",성동구,"11200560",행당1동,193725
833D6DB650,서울특별시 성동구 마조로5길 14,낙원**,한식-단품요리일반2,서울 성동구,한식-단품요리일반,한양대,20180112,,37.5599952,127.0395912,success,성동구,D,발달상권,"3120049",왕십리역(왕십리),203287,451265,"11200",성동구,"11200560",행당1동,193725
82E38303DD,서울특별시 성동구 마조로7길 13,봄의*******,,서울 성동구,양식,한양대,20230620,,37.5607214,127.0397796,success,성동구,D,발달상권,"3120049",왕십리역(왕십리),203287,451265,"11200",성동구,"11200560",행당1동,193725
6DC52C1CBC,서울특별시 성동구 마조로7길 14,오늘***********,와인바1,서울 성동구,와인바,한양대,20211123,,37.560911,127.0397825,success,성동구,D,발달상권,"3120049",왕십리역(왕십리),203287,451265,"11200",성동구,"11200560",행당1동,193725
701E62EE56,서울특별시 성동구 마조로7길 14,맵당**********,,서울 성동구,한식-단품요리일반,한양대,20220502,20250703,37.560911,127.0397825,success,성동구,D,발달상권,"3120049",왕십리역(왕십리),203287,451265,"11200",성동구,"11200560",행당1동,193725
AF2404C4F8,서울특별시 성동구 마조로9길 12,나희*****,,서울 성동구,한식-단품요리일반,한양대,20240701,,37.5613699,127.0401224,success,성동구,D,발달상권,"3120049",왕십리역(왕십리),203287,451265,"11200",성동구,"11200560",행당1동,193725
8D8246AFD2,서울특별시 성동구 마조로9길 17,간식***********,,서울 성동구,아이스크림/빙수,한양대,20230911,,37.5610596,127.0395623,success,성동구,D,발달상권,"3120049",왕십리역(왕십리),203287,451265,"11200",성동구,"11200560",행당1동,193725
A41AFFA748,서울특별시 성동구 무학로2길 50,대명***,,서울 성동구,한식-육류/고기,왕십리,20200910,,37.5622356,127.034903,success,성동구,D,발달상권,"3120049",왕십리역(왕십리),203287,451265,"11200",성동구,"11200560",행당1동,193725
376A5D3F6B,서울특별시 성동구 왕십리로 284,치킨***,,서울 성동구,치킨,왕십리,20220926,,37.5598092,127.0369406,success,성동구,D,발달상권,"3120049",왕십리역(왕십리),203287,451265,"11200",성동구,"11200560",행당1동,193725
E64A353E00,서울특별시 성동구 왕십리로 284,루비*****,,서울 성동구,일반 유흥주점,왕십리,20241022,,37.5598092,127.0369406,success,성동구,D,발달상권,"3120049",왕십리역(왕십리),203287,451265,"11200",성동구,"11200560",행당1동,193725
4B32EF06FA,서울특별시 성동구 왕십리로 287,샤보**,,서울 성동구,백반/가정식,왕십리,20231222,,37.5598286,127.0361919,success,성동구,D,발달상권,"3120049",왕십리역(왕십리),203287,451265,"11200",성동구,"11200560",행당1동,193725
D8A875AA9D,서울특별시 성동구 왕십리로 293,고품******,,서울 성동구,한식-육류/고기,왕십리,20241112,,37.5602825,127.0358433,success,성동구,D,발달상권,"3120049",왕십리역(왕십리),203287,451265,"11200",성동구,"11200560",행당1동,193725
68E9B3CBB0,서울특별시 성동구 왕십리로 295,시올******,,서울 성동구,한식-단품요리일반,왕십리,20230602,,37.5604234,127.0357343,success,성동구,D,발달상권,"3120049",왕십리역(왕십리),203287,451265,"11200",성동구,"11200560",행당1동,193725
95B2C3A482,서울특별시 성동구 행당로17길 2,간식**,,서울 성동구,아이스크림/빙수,왕십리,20230720,,37.5586037,127.0335608,success,성동구,D,발달상권,"3120049",왕십리역(왕십리),203287,451265,"11200",성동구,"11200560",행당1동,193725
7B846CCF0A,서울특별시 성동구 마조로1가길 1,한신*******,,서울 성동구,분식,한양대,20240122,,37.56047,127.0394914,success,성동구,D,발달상권,"3120049",왕십리역(왕십리),203287,451265,"11200",성동구,"11200560",행당1동,193725
279E4BE602,서울특별시 성동구 마조로1가길 1,서초***,백반/가정식13,서울 성동구,백반/가정식,한양대,20200317,,37.56047,127.0394914,success,성동구,D,발달상권,"3120049",왕십리역(왕십리),203287,451265,"11200",성동구,"11200560",행당1동,193725
7A3C729CA2,서울특별시 성동구 마조로7길 4-6,만게******,,서울 성동구,일식당,한양대,20240624,20250728,37.5609982,127.040943,success,성동구,D,발달상권,"3120049",왕십리역(왕십리),203287,451265,"11200",성동구,"11200560",행당1동,193725
AEE4ACBA39,서울특별시 성동구 마조로7길 6-1,칠성**,,서울 성동구,한식-단품요리일반,한양대,20220926,,37.5608787,127.0405443,success,성동구,D,발달상권,"3120049",왕십리역(왕십리),203287,451265,"11200",성동구,"11200560",행당1동,193725
13F380E465,서울특별시 성동구 마조로7길 9-1,세이********************,,서울 성동구,양식,한양대,20231121,,37.560703,127.0400923,success,성동구,D,발달상권,"3120049",왕십리역(왕십리),203287,451265,"11200",성동구,"11200560",행당1동,193725
FBAAA9652B,서울특별시 성동구 마조로9길 6-3,어거******,,서울 성동구,베이커리,한양대,20240617,,37.5614105,127.0408262,success,성동구,D,발달상권,"3120049",왕십리역(왕십리),203287,451265,"11200",성동구,"11200560",행당1동,193725
2D92AEB068,서울특별시 성동구 마조로9길 6-5,핏제****************************,,서울 성동구,피자,한양대,20211109,,37.5615572,127.0408402,success,성동구,D,발달상권,"3120049",왕십리역(왕십리),203287,451265,"11200",성동구,"11200560",행당1동,193725
42028E39B5,서울특별시 성동구 마조로9길 6-8,호수***,,서울 성동구,한식-해물/생선,한양대,20190702,,37.5615656,127.0410551,success,성동구,D,발달상권,"3120049",왕십리역(왕십리),203287,451265,"11200",성동구,"11200560",행당1동,193725
A17BCB86AE,서울특별시 성동구 무학봉16길 28,육회****,,서울 성동구,한식-육류/고기,왕십리,20210416,,37.5596248,127.0334992,success,성동구,D,발달상권,"3120049",왕십리역(왕십리),203287,451265,"11200",성동구,"11200560",행당1동,193725
CF93CCB79E,서울특별시 성동구 고산자로12길 1,행당**,,서울 성동구,식료품,왕십리,20181101,,37.5603837,127.0349148,success,성동구,D,발달상권,"3120049",왕십리역(왕십리),203287,451265,"11200",성동구,"11200560",행당1동,193725
6B57A63A62,서울특별시 성동구 마조로1가길 11,왕십*****************,,서울 성동구,포장마차,한양대,20241202,,37.5605042,127.0400655,success,성동구,D,발달상권,"3120049",왕십리역(왕십리),203287,451265,"11200",성동구,"11200560",행당1동,193725
1023E7B792,서울특별시 성동구 마조로1길 40-1,주*,,서울 성동구,요리주점,한양대,20240619,,37.5610289,127.0394145,success,성동구,D,발달상권,"3120049",왕십리역(왕십리),203287,451265,"11200",성동구,"11200560",행당1동,193725
C8E76C194D,서울특별시 성동구 마조로5길 4-11,칠구**************,,서울 성동구,한식-단품요리일반,한양대,20171130,,37.5604886,127.0406304,success,성동구,D,발달상권,"3120049",왕십리역(왕십리),203287,451265,"11200",성동구,"11200560",행당1동,193725
"5196197266",서울특별시 성동구 마조로7길 12-1,삼목*,,서울 성동구,한식-육류/고기,한양대,20190712,,37.5609045,127.0399147,success,성동구,D,발달상권,"3120049",왕십리역(왕십리),203287,451265,"11200",성동구,"11200560",행당1동,193725
5D0C1CAA5E,서울특별시 성동구 왕십리광장로 6,라밥******,,서울 성동구,분식,왕십리,20200925,,37.5609413,127.0360737,success,성동구,D,발달상권,"3120049",왕십리역(왕십리),203287,451265,"11200",성동구,"11200560",행당1동,193725
3DE56E2069,서울특별시 성동구 왕십리광장로 6,방배********,,서울 성동구,분식,왕십리,20240503,,37.5609413,127.0360737,success,성동구,D,발달상권,"3120049",왕십리역(왕십리),203287,451265,"11200",성동구,"11200560",행당1동,193725
D47A773B8E,서울특별시 성동구 왕십리광장로 6,스시****,,서울 성동구,일식당,왕십리,20200428,,37.5609413,127.0360737,success,성동구,D,발달상권,"3120049",왕십리역(왕십리),203287,451265,"11200",성동구,"11200560",행당1동,193725
97BB136954,서울특별시 성동구 왕십리로 291-2,고기****,,서울 성동구,한식-육류/고기,왕십리,20200630,20240426,37.5601733,127.0359271,success,성동구,D,발달상권,"3120049",왕십리역(왕십리),203287,451265,"11200",성동구,"11200560",행당1동,193725
43397BFE31,서울특별시 성동구 왕십리로 291-2,고기****,,서울 성동구,한식-육류/고기,왕십리,20240426,,37.5601733,127.0359271,success,성동구,D,발달상권,"3120049",왕십리역(왕십리),203287,451265,"11200",성동구,"11200560",행당1동,193725
677DAF15F8,서울특별시 성동구 왕십리로 294-2,에프******,,서울 성동구,햄버거,왕십리,20210924,,37.560465,127.0363188,success,성동구,D,발달상권,"3120049",왕십리역(왕십리),203287,451265,"11200",성동구,"11200560",행당1동,193725
33E3AC210C,서울특별시 성동구 왕십리로20길 8,크라********,요리주점2,서울 성동구,요리주점,왕십리,20240827,,37.5624878,127.0351059,success,성동구,D,발달상권,"3120049",왕십리역(왕십리),203287,451265,"11200",성동구,"11200560",행당1동,193725
5CAFB11F16,서울특별시 성동구 왕십리로20길 8,슈엔*,,서울 성동구,일반 유흥주점,왕십리,20181015,,37.5624878,127.0351059,success,성동구,D,발달상권,"3120049",왕십리역(왕십리),203287,451265,"11200",성동구,"11200560",행당1동,193725
E63D672DD1,서울특별시 성동구 왕십리로20길 8,오렌*,,서울 성동구,일반 유흥주점,왕십리,20221110,,37.5624878,127.0351059,success,성동구,D,발달상권,"3120049",왕십리역(왕십리),203287,451265,"11200",성동구,"11200560",행당1동,193725
7656BE5765,서울특별시 성동구 왕십리로20길 8,왕십****,,서울 성동구,한식-육류/고기,왕십리,20190918,,37.5624878,127.0351059,success,성동구,D,발달상권,"3120049",왕십리역(왕십리),203287,451265,"11200",성동구,"11200560",행당1동,193725
DA38CBD132,서울특별시 성동구 고산자로12길 15,너디******,,서울 성동구,카페,왕십리,20210423,,37.5597294,127.0359516,success,성동구,D,발달상권,"3120049",왕십리역(왕십리),203287,451265,"11200",성동구,"11200560",행당1동,193725
95C390B637,서울특별시 성동구 마조로11길 11-1,꼬*,,서울 성동구,카페,한양대,20240129,,37.5617145,127.040116,success,성동구,D,발달상권,"3120049",왕십리역(왕십리),203287,451265,"11200",성동구,"11200560",행당1동,193725
4828F279E2,서울특별시 성동구 왕십리광장로 17,히노*********,분식20,서울 성동구,분식,왕십리,20230412,,37.5612886,127.038382,success,성동구,D,발달상권,"3120049",왕십리역(왕십리),203287,451265,"11200",성동구,"11200560",행당1동,193725
FC11619D64,서울특별시 성동구 왕십리광장로 17,분식********,,서울 성동구,분식,왕십리,20231214,,37.5612886,127.038382,success,성동구,D,발달상권,"3120049",왕십리역(왕십리),203287,451265,"11200",성동구,"11200560",행당1동,193725
A7E8121B70,서울특별시 성동구 왕십리광장로 17,우리***,,서울 성동구,분식,왕십리,20240612,20250818,37.5612886,127.038382,success,성동구,D,발달상권,"3120049",왕십리역(왕십리),203287,451265,"11200",성동구,"11200560",행당1동,193725
4F0DB34622,서울특별시 성동구 왕십리광장로 17,남다****,,서울 성동구,분식,왕십리,20241010,,37.5612886,127.038382,success,성동구,D,발달상권,"3120049",왕십리역(왕십리),203287,451265,"11200",성동구,"11200560",행당1동,193725
7645F49DBD,서울특별시 성동구 왕십리광장로 17,케밥*,,서울 성동구,양식,왕십리,20161018,,37.5612886,127.038382,success,성동구,D,발달상권,"3120049",왕십리역(왕십리),203287,451265,"11200",성동구,"11200560",행당1동,193725
186BEE7C30,서울특별시 성동구 왕십리광장로 17,카이***,,서울 성동구,양식,왕십리,20230921,,37.5612886,127.038382,success,성동구,D,발달상권,"3120049",왕십리역(왕십리),203287,451265,"11200",성동구,"11200560",행당1동,193725
"9972114004",서울특별시 성동구 왕십리광장로 17,랑데********,,서울 성동구,카페,왕십리,20210604,,37.5612886,127.038382,success,성동구,D,발달상권,"3120049",왕십리역(왕십리),203287,451265,"11200",성동구,"11200560",행당1동,193725
E71673016B,서울특별시 성동구 왕십리광장로 17,망고*,,서울 성동구,카페,왕십리,20220223,,37.5612886,127.038382,success,성동구,D,발달상권,"3120049",왕십리역(왕십리),203287,451265,"11200",성동구,"11200560",행당1동,193725
6930EE8A71,서울특별시 성동구 왕십리광장로 17,탐앤********,카페13,서울 성동구,카페,왕십리,20220517,,37.5612886,127.038382,success,성동구,D,발달상권,"3120049",왕십리역(왕십리),203287,451265,"11200",성동구,"11200560",행당1동,193725
C2738D1B5D,서울특별시 성동구 왕십리광장로 17,쭈꾸*****,,서울 성동구,피자,왕십리,20230317,,37.5612886,127.038382,success,성동구,D,발달상권,"3120049",왕십리역(왕십리),203287,451265,"11200",성동구,"11200560",행당1동,193725
458600B5F4,서울특별시 성동구 왕십리광장로 17,이자**********,일식당4,서울 성동구,일식당,왕십리,20171204,,37.5612886,127.038382,success,성동구,D,발달상권,"3120049",왕십리역(왕십리),203287,451265,"11200",성동구,"11200560",행당1동,193725
E57A82C28E,서울특별시 성동구 왕십리광장로 17,신기****,일식당2,서울 성동구,일식당,왕십리,20190429,,37.5612886,127.038382,success,성동구,D,발달상권,"3120049",왕십리역(왕십리),203287,451265,"11200",성동구,"11200560",행당1동,193725
3074DF0C17,서울특별시 성동구 왕십리광장로 17,스시*************,,서울 성동구,일식당,왕십리,20220420,,37.5612886,127.038382,success,성동구,D,발달상권,"3120049",왕십리역(왕십리),203287,451265,"11200",성동구,"11200560",행당1동,193725
5DB407D5B6,서울특별시 성동구 왕십리광장로 17,칸지*******,중식당7,서울 성동구,중식당,왕십리,20191104,,37.5612886,127.038382,success,성동구,D,발달상권,"3120049",왕십리역(왕십리),203287,451265,"11200",성동구,"11200560",행당1동,193725
4FD2CD656B,서울특별시 성동구 왕십리광장로 17,폼드*****,,서울 성동구,베이커리,왕십리,20221012,,37.5612886,127.038382,success,성동구,D,발달상권,"3120049",왕십리역(왕십리),203287,451265,"11200",성동구,"11200560",행당1동,193725
88DDED98E7,서울특별시 성동구 왕십리광장로 17,호두*****,,서울 성동구,베이커리,왕십리,20221219,,37.5612886,127.038382,success,성동구,D,발달상권,"3120049",왕십리역(왕십리),203287,451265,"11200",성동구,"11200560",행당1동,193725
B017B263BC,서울특별시 성동구 왕십리광장로 17,와플********,,서울 성동구,베이커리,왕십리,20230608,,37.5612886,127.038382,success,성동구,D,발달상권,"3120049",왕십리역(왕십리),203287,451265,"11200",성동구,"11200560",행당1동,193725
612C103359,서울특별시 성동구 왕십리광장로 17,파리**********,베이커리10,서울 성동구,베이커리,왕십리,20240123,,37.5612886,127.038382,success,성동구,D,발달상권,"3120049",왕십리역(왕십리),203287,451265,"11200",성동구,"11200560",행당1동,193725
26B2585C88,서울특별시 성동구 왕십리광장로 17,뚜레***********,베이커리2,서울 성동구,베이커리,왕십리,20240626,,37.5612886,127.038382,success,성동구,D,발달상권,"3120049",왕십리역(왕십리),203287,451265,"11200",성동구,"11200560",행당1동,193725
255821302B,서울특별시 성동구 왕십리광장로 17,이디********,커피전문점6,서울 성동구,커피전문점,왕십리,20180914,,37.5612886,127.038382,success,성동구,D,발달상권,"3120049",왕십리역(왕십리),203287,451265,"11200",성동구,"11200560",행당1동,193725
71725E8FB3,서울특별시 성동구 왕십리광장로 17,커피*************,,서울 성동구,커피전문점,왕십리,20240404,,37.5612886,127.038382,success,성동구,D,발달상권,"3120049",왕십리역(왕십리),203287,451265,"11200",성동구,"11200560",행당1동,193725
EB2F2101D0,서울특별시 성동구 왕십리광장로 17,할리*********,커피전문점15,서울 성동구,커피전문점,왕십리,20240417,,37.5612886,127.038382,success,성동구,D,발달상권,"3120049",왕십리역(왕십리),203287,451265,"11200",성동구,"11200560",행당1동,193725
C11AF827CF,서울특별시 성동구 왕십리광장로 17,담솥******,,서울 성동구,백반/가정식,왕십리,20230817,,37.5612886,127.038382,success,성동구,D,발달상권,"3120049",왕십리역(왕십리),203287,451265,"11200",성동구,"11200560",행당1동,193725
EFE2BD2AEE,서울특별시 성동구 왕십리광장로 17,갓잇*********,,서울 성동구,기타세계요리,왕십리,20240222,,37.5612886,127.038382,success,성동구,D,발달상권,"3120049",왕십리역(왕십리),203287,451265,"11200",성동구,"11200560",행당1동,193725
41D2AB65FB,서울특별시 성동구 왕십리광장로 17,청담**********,,서울 성동구,일식-샤브샤브,왕십리,20220413,,37.5612886,127.038382,success,성동구,D,발달상권,"3120049",왕십리역(왕십리),203287,451265,"11200",성동구,"11200560",행당1동,193725
C82F7B7133,서울특별시 성동구 왕십리광장로 17,성수********,,서울 성동구,한식-국수/만두,왕십리,20241114,,37.5612886,127.038382,success,성동구,D,발달상권,"3120049",왕십리역(왕십리),203287,451265,"11200",성동구,"11200560",행당1동,193725
9BA9EBEA37,서울특별시 성동구 왕십리광장로 17,홍수************,한식-육류/고기32,서울 성동구,한식-육류/고기,왕십리,20180403,,37.5612886,127.038382,success,성동구,D,발달상권,"3120049",왕십리역(왕십리),203287,451265,"11200",성동구,"11200560",행당1동,193725
20186EA812,서울특별시 성동구 왕십리광장로 17,한컵***,,서울 성동구,샌드위치/토스트,왕십리,20190925,,37.5612886,127.038382,success,성동구,D,발달상권,"3120049",왕십리역(왕십리),203287,451265,"11200",성동구,"11200560",행당1동,193725
9C1036E322,서울특별시 성동구 왕십리광장로 17,10******************,,서울 성동구,일식-덮밥/돈가스,왕십리,20190107,,37.5612886,127.038382,success,성동구,D,발달상권,"3120049",왕십리역(왕십리),203287,451265,"11200",성동구,"11200560",행당1동,193725
1C7B1712C9,서울특별시 성동구 왕십리광장로 17,포메********,,서울 성동구,한식-단품요리일반,왕십리,20220322,,37.5612886,127.038382,success,성동구,D,발달상권,"3120049",왕십리역(왕십리),203287,451265,"11200",성동구,"11200560",행당1동,193725
FA06E82AE6,서울특별시 성동구 왕십리광장로 17,북촌************,한식-단품요리일반7,서울 성동구,한식-단품요리일반,왕십리,20241011,,37.5612886,127.038382,success,성동구,D,발달상권,"3120049",왕십리역(왕십리),203287,451265,"11200",성동구,"11200560",행당1동,193725
E427B5E29F,서울특별시 성동구 고산자로12길 1-1,뜨아******,,서울 성동구,커피전문점,왕십리,20210322,,37.560231,127.0350537,success,성동구,D,발달상권,"3120049",왕십리역(왕십리),203287,451265,"11200",성동구,"11200560",행당1동,193725
DE5FF7193C,서울 성동구 용답중앙13길 9.,용답****,,서울 성동구,꼬치구이,답십리,20141114,,37.5651463,127.0525784,success,성동구,A,골목상권,"3110130",답십리역 6번,204631,451780,"11200",성동구,"11200790",용답동,43065
B3A70AB07E,서울 성동구 용답중앙13길 13.,경복*,백반/가정식2,서울 성동구,백반/가정식,답십리,20191204,,37.5654078,127.0529003,success,성동구,A,골목상권,"3110130",답십리역 6번,204631,451780,"11200",성동구,"11200790",용답동,43065
"2143174547",서울 성동구 용답중앙13길 15-1.,슬로***,,서울 성동구,카페,답십리,20141125,,37.5655981,127.0531454,success,성동구,A,골목상권,"3110130",답십리역 6번,204631,451780,"11200",성동구,"11200790",용답동,43065
3F3922C8C3,서울특별시 성동구 용답중앙길 42,본떡**,,서울 성동구,분식,답십리,20200416,,37.565079,127.0509107,success,성동구,A,골목상권,"3110130",답십리역 6번,204631,451780,"11200",성동구,"11200790",용답동,43065
E9CAEBD784,서울특별시 성동구 용답중앙11길 13,남원***,한식-해물/생선2,서울 성동구,한식-해물/생선,답십리,20180514,20231127,37.5661794,127.0518924,success,성동구,A,골목상권,"3110130",답십리역 6번,204631,451780,"11200",성동구,"11200790",용답동,43065
7D3670AAC1,서울특별시 성동구 용답중앙11길 13,남원***,한식-해물/생선2,서울 성동구,한식-해물/생선,답십리,20231127,,37.5661794,127.0518924,success,성동구,A,골목상권,"3110130",답십리역 6번,204631,451780,"11200",성동구,"11200790",용답동,43065
848399AA13,서울특별시 성동구 용답중앙13길 15,대도****,,서울 성동구,한식-육류/고기,답십리,20230821,,37.5655491,127.0530693,success,성동구,A,골목상권,"3110130",답십리역 6번,204631,451780,"11200",성동구,"11200790",용답동,43065
DB02976DF2,서울특별시 성동구 용답중앙13길 7-1,건영**,,서울 성동구,축산물,답십리,20210120,,37.5650818,127.0525031,success,성동구,A,골목상권,"3110130",답십리역 6번,204631,451780,"11200",성동구,"11200790",용답동,43065
F5F6298388,서울 성동구 용답동 5-3,동호**,,서울 성동구,일식당,답십리,19960112,,37.5639845,127.0559025,success,성동구,A,골목상권,"3110133",서울교통공사,205004,451461,"11200",성동구,"11200790",용답동,80187
3466CE84BF,서울 성동구 용답중앙길 92.,찜사***,,서울 성동구,한식-해물/생선,답십리,20150102,,37.5620741,127.054967,success,성동구,A,골목상권,"3110133",서울교통공사,205004,451461,"11200",성동구,"11200790",용답동,80187
389E239904,서울 성동구 천호대로 352-13.,용답****,,서울 성동구,기사식당,장한평자동차,20130725,,37.5622692,127.0580127,success,성동구,A,골목상권,"3110133",서울교통공사,205004,451461,"11200",성동구,"11200790",용답동,80187
F4835443B8,서울특별시 성동구 용답길 169-1,코너***************,,서울 성동구,식료품,답십리,20180905,,37.563802,127.0559691,success,성동구,A,골목상권,"3110133",서울교통공사,205004,451461,"11200",성동구,"11200790",용답동,80187
C5F8521BC4,서울특별시 성동구 천호대로 328,명륜********,백반/가정식9,서울 성동구,백반/가정식,답십리,20191120,,37.5639845,127.0559025,success,성동구,A,골목상권,"3110133",서울교통공사,205004,451461,"11200",성동구,"11200790",용답동,80187
228EDD81BA,서울특별시 성동구 용답29길 10-1,행복****,,서울 성동구,한식-국수/만두,답십리,20231017,,37.5638439,127.0550036,success,성동구,A,골목상권,"3110133",서울교통공사,205004,451461,"11200",성동구,"11200790",용답동,80187
756D7DCEEE,서울특별시 성동구 용답길 157-32,커피****,,서울 성동구,카페,답십리,20240509,,37.56312,127.054982,success,성동구,A,골목상권,"3110133",서울교통공사,205004,451461,"11200",성동구,"11200790",용답동,80187
C7A37F14A6,서울특별시 성동구 용답중앙길 90,키미***,,서울 성동구,식료품,답십리,20240830,,37.5621656,127.0548421,success,성동구,A,골목상권,"3110133",서울교통공사,205004,451461,"11200",성동구,"11200790",용답동,80187
68F1BBE833,서울특별시 성동구 용답중앙길 87-1,수동*,,서울 성동구,중식당,답십리,20200108,,37.5624681,127.0548011,success,성동구,A,골목상권,"3110133",서울교통공사,205004,451461,"11200",성동구,"11200790",용답동,80187
2B06E192A3,서울특별시 성동구 용답중앙23길 16-2,모찌*****,,서울 성동구,마카롱,답십리,20230417,,37.5640495,127.0552409,success,성동구,A,골목상권,"3110133",서울교통공사,205004,451461,"11200",성동구,"11200790",용답동,80187
E945237BD4,서울 성동구 용답길 157-31,장성**,,서울 성동구,백반/가정식,답십리,20200827,,37.5630365,127.0548823,success,성동구,A,골목상권,"3110133",서울교통공사,205004,451461,"11200",성동구,"11200790",용답동,80187
"01AAD3CFFA",서울 성동구 행당동,행당**,,서울 성동구,식료품,왕십리,20160513,,37.5576248,127.0359917,success,성동구,A,골목상권,"3110118",왕십리역 9번,203170,450924,"11200",성동구,"11200560",행당1동,63575
C3E6D8B14F,서울 성동구 행당동,이혜*******,,서울 성동구,인삼제품,행당,20131216,,37.5576248,127.0359917,success,성동구,A,골목상권,"3110118",왕십리역 9번,203170,450924,"11200",성동구,"11200560",행당1동,63575
21752D89FB,서울  성동구  행당동,영*,,서울 성동구,건강식품,행당,20090316,,37.5576248,127.0359917,success,성동구,A,골목상권,"3110118",왕십리역 9번,203170,450924,"11200",성동구,"11200560",행당1동,63575
80E637212D,서울  성동구  행당동,에스******,,서울 성동구,커피전문점,행당,20110808,,37.5576248,127.0359917,success,성동구,A,골목상권,"3110118",왕십리역 9번,203170,450924,"11200",성동구,"11200560",행당1동,63575
CEF3D93273,서울  성동구  행당동,종로**,,서울 성동구,떡/한과 제조,행당,20061026,,37.5576248,127.0359917,success,성동구,A,골목상권,"3110118",왕십리역 9번,203170,450924,"11200",성동구,"11200560",행당1동,63575
33361C935B,서울  성동구  행당동,만두**,,서울 성동구,한식-국수/만두,행당,20101112,,37.5576248,127.0359917,success,성동구,A,골목상권,"3110118",왕십리역 9번,203170,450924,"11200",성동구,"11200560",행당1동,63575
E1C897591D,서울  성동구  행당동,코페*,,서울 성동구,한식-단품요리일반,한양대,20061023,,37.5576248,127.0359917,success,성동구,A,골목상권,"3110118",왕십리역 9번,203170,450924,"11200",성동구,"11200560",행당1동,63575
1F7ECE7D49,서울  성동구  행당동,아폴*********,,서울 성동구,한식-단품요리일반,왕십리,20110105,,37.5576248,127.0359917,success,성동구,A,골목상권,"3110118",왕십리역 9번,203170,450924,"11200",성동구,"11200560",행당1동,63575
25D2E98F3A,서울  성동구  행당동,무탁****,,서울 성동구,한식-단품요리일반,왕십리,20111107,,37.5576248,127.0359917,success,성동구,A,골목상권,"3110118",왕십리역 9번,203170,450924,"11200",성동구,"11200560",행당1동,63575
3A286DF61F,서울 성동구 왕십리로 275,짱호***,,서울 성동구,치킨,,20060821,,37.558904,127.0369817,success,성동구,A,골목상권,"3110118",왕십리역 9번,203170,450924,"11200",성동구,"11200560",행당1동,63575
133FADDC35,서울 성동구 고산자로 202.,메가***********,커피전문점2,서울 성동구,커피전문점,왕십리,20191218,,37.5582197,127.0344612,success,성동구,A,골목상권,"3110118",왕십리역 9번,203170,450924,"11200",성동구,"11200560",행당1동,63575
A0CE4F5DE8,서울 성동구 고산자로6길 40,라인******,,서울 성동구,식료품,,20170213,,37.5582591,127.0355555,success,성동구,A,골목상권,"3110118",왕십리역 9번,203170,450924,"11200",성동구,"11200560",행당1동,63575
453BD22A9C,서울 성동구 고산자로8길 18,부자**,,서울 성동구,백반/가정식,,20100519,,37.5579005,127.0359192,success,성동구,A,골목상권,"3110118",왕십리역 9번,203170,450924,"11200",성동구,"11200560",행당1동,63575
ED968D5FD1,서울 성동구 왕십리로 275-1,할리********,커피전문점15,서울 성동구,커피전문점,,20151125,,37.5589493,127.0368763,success,성동구,A,골목상권,"3110118",왕십리역 9번,203170,450924,"11200",성동구,"11200560",행당1동,63575
4E390D279A,서울 성동구 고산자로6길 24.,드소*************,,서울 성동구,베이커리,,20160721,,37.5574251,127.0351411,success,성동구,A,골목상권,"3110118",왕십리역 9번,203170,450924,"11200",성동구,"11200560",행당1동,63575
F852908BF6,서울 성동구 고산자로6길 33.,탐라******,,서울 성동구,한식-육류/고기,왕십리,20160622,,37.5583832,127.0349041,success,성동구,A,골목상권,"3110118",왕십리역 9번,203170,450924,"11200",성동구,"11200560",행당1동,63575
816828B7F6,서울 성동구 고산자로6길 40.,신촌***,한식-국밥/설렁탕4,서울 성동구,한식-국밥/설렁탕,,20050124,,37.5582591,127.0355555,success,성동구,A,골목상권,"3110118",왕십리역 9번,203170,450924,"11200",성동구,"11200560",행당1동,63575
28CF1EBDA2,서울 성동구 고산자로6길 40.,병천**,한식-국밥/설렁탕3,서울 성동구,한식-국밥/설렁탕,,20100211,,37.5582591,127.0355555,success,성동구,A,골목상권,"3110118",왕십리역 9번,203170,450924,"11200",성동구,"11200560",행당1동,63575
"0773FAF52A",서울 성동구 고산자로6길 40.,전주******,한식-국밥/설렁탕11,서울 성동구,한식-국밥/설렁탕,,20150105,,37.5582591,127.0355555,success,성동구,A,골목상권,"3110118",왕십리역 9번,203170,450924,"11200",성동구,"11200560",행당1동,63575
"0AD65F48B1",서울 성동구 고산자로8길 22.,띵스**,,서울 성동구,햄버거,,20241007,,37.5581031,127.0362744,success,성동구,A,골목상권,"3110118",왕십리역 9번,203170,450924,"11200",성동구,"11200560",행당1동,63575
D63B351295,서울 성동구 고산자로8길 26.,동해*,,서울 성동구,중식당,,20170327,20250813,37.5581256,127.0366529,success,성동구,A,골목상권,"3110118",왕십리역 9번,203170,450924,"11200",성동구,"11200560",행당1동,63575
E43C1CDC68,서울 성동구 고산자로6가길 36,옛고*,,서울 성동구,한식-단품요리일반,,20080703,,37.556727,127.0357031,success,성동구,A,골목상권,"3110118",왕십리역 9번,203170,450924,"11200",성동구,"11200560",행당1동,63575
B91AFC4E86,서울 성동구 고산자로6가길 44,또래*******,치킨15,서울 성동구,치킨,,20030828,,37.5564583,127.0357201,success,성동구,A,골목상권,"3110118",왕십리역 9번,203170,450924,"11200",성동구,"11200560",행당1동,63575
93F44D89BB,서울 성동구 고산자로6길 40 .,함지*,,서울 성동구,백반/가정식,,20040517,,37.5582591,127.0355555,success,성동구,A,골목상권,"3110118",왕십리역 9번,203170,450924,"11200",성동구,"11200560",행당1동,63575
7635F397CD,서울 성동구 고산자로8길 23-1,제일**,,서울 성동구,분식,,20090330,,37.5583209,127.0365367,success,성동구,A,골목상권,"3110118",왕십리역 9번,203170,450924,"11200",성동구,"11200560",행당1동,63575
153D5AC634,서울특별시 성동구 고산자로 194,포케*******,,서울 성동구,기타세계요리,,20231129,,37.5575352,127.0343161,success,성동구,A,골목상권,"3110118",왕십리역 9번,203170,450924,"11200",성동구,"11200560",행당1동,63575
730E4C7574,서울특별시 성동구 고산자로 198,홍연********,,서울 성동구,한식-단품요리일반,왕십리,20240507,20250728,37.5578046,127.0342704,success,성동구,A,골목상권,"3110118",왕십리역 9번,203170,450924,"11200",성동구,"11200560",행당1동,63575
21A130787D,서울특별시 성동구 고산자로 275,플러**********,,서울 성동구,카페,왕십리,20240801,,37.5571673,127.0357202,success,성동구,A,골목상권,"3110118",왕십리역 9번,203170,450924,"11200",성동구,"11200560",행당1동,63575
26034FF5B2,서울특별시 성동구 고산자로 277,도선**,,서울 성동구,백반/가정식,왕십리,20231213,,37.5571673,127.0357202,success,성동구,A,골목상권,"3110118",왕십리역 9번,203170,450924,"11200",성동구,"11200560",행당1동,63575
A4A6A57812,서울특별시 성동구 왕십리로 273,꽃찬*********,한식-육류/고기3,서울 성동구,한식-육류/고기,,20180515,,37.558771,127.037157,success,성동구,A,골목상권,"3110118",왕십리역 9번,203170,450924,"11200",성동구,"11200560",행당1동,63575
BFA619CF5E,서울특별시 성동구 고산자로10길 8,시대**,,서울 성동구,농산물,왕십리,20211001,,37.5585896,127.0350326,success,성동구,A,골목상권,"3110118",왕십리역 9번,203170,450924,"11200",성동구,"11200560",행당1동,63575
"03A4C45CEB",서울특별시 성동구 고산자로10길 8,장어**,,서울 성동구,한식-해물/생선,왕십리,20211001,,37.5585896,127.0350326,success,성동구,A,골목상권,"3110118",왕십리역 9번,203170,450924,"11200",성동구,"11200560",행당1동,63575
46E766EB0A,서울특별시 성동구 고산자로6길 22,오브*********,,서울 성동구,양식,,20240205,,37.5571635,127.0351983,success,성동구,A,골목상권,"3110118",왕십리역 9번,203170,450924,"11200",성동구,"11200560",행당1동,63575
8D3B01376B,서울특별시 성동구 고산자로6길 40,장가**,,서울 성동구,축산물,,20221107,,37.5582591,127.0355555,success,성동구,A,골목상권,"3110118",왕십리역 9번,203170,450924,"11200",성동구,"11200560",행당1동,63575
FFEDAC5747,서울특별시 성동구 고산자로6길 40,파리**********,베이커리10,서울 성동구,베이커리,,20190110,,37.5582591,127.0355555,success,성동구,A,골목상권,"3110118",왕십리역 9번,203170,450924,"11200",성동구,"11200560",행당1동,63575
BE9777DE4A,서울특별시 성동구 고산자로6길 40,커피******,커피전문점8,서울 성동구,커피전문점,,20240423,,37.5582591,127.0355555,success,성동구,A,골목상권,"3110118",왕십리역 9번,203170,450924,"11200",성동구,"11200560",행당1동,63575
1545D071D9,서울특별시 성동구 고산자로8길 20,토리*****,,서울 성동구,한식뷔페,,20220211,,37.5579643,127.0360266,success,성동구,A,골목상권,"3110118",왕십리역 9번,203170,450924,"11200",성동구,"11200560",행당1동,63575
A9EDBF95B0,서울특별시 성동구 고산자로8길 20,테트****,한식-육류/고기28,서울 성동구,한식-육류/고기,,20190415,,37.5579643,127.0360266,success,성동구,A,골목상권,"3110118",왕십리역 9번,203170,450924,"11200",성동구,"11200560",행당1동,63575
C22422FD12,서울특별시 성동구 고산자로8길 24,자담******,치킨26,서울 성동구,치킨,,20240220,,37.5581186,127.0364055,success,성동구,A,골목상권,"3110118",왕십리역 9번,203170,450924,"11200",성동구,"11200560",행당1동,63575
4321CFDE5D,서울특별시 성동구 고산자로8길 27,왕십****,,서울 성동구,한식-단품요리일반,,20240104,,37.5583318,127.0368668,success,성동구,A,골목상권,"3110118",왕십리역 9번,203170,450924,"11200",성동구,"11200560",행당1동,63575
79D27C8940,서울특별시 성동구 왕십리로 273-1,세나*****,,서울 성동구,백반/가정식,,20240726,,37.5588385,127.0371068,success,성동구,A,골목상권,"3110118",왕십리역 9번,203170,450924,"11200",성동구,"11200560",행당1동,63575
D267FDAB6F,서울특별시 성동구 왕십리로 273-1,배달****,동남아/인도음식3,서울 성동구,동남아/인도음식,,20200306,,37.5588385,127.0371068,success,성동구,A,골목상권,"3110118",왕십리역 9번,203170,450924,"11200",성동구,"11200560",행당1동,63575
E629D92144,서울특별시 성동구 왕십리로 273-16,제주***,,서울 성동구,한식-육류/고기,,20170317,,37.558798,127.0367107,success,성동구,A,골목상권,"3110118",왕십리역 9번,203170,450924,"11200",성동구,"11200560",행당1동,63575
3F995F0EF7,서울특별시 성동구 고산자로6가길 21,얼음********,,서울 성동구,식료품,,20230605,,37.5574355,127.0357458,success,성동구,A,골목상권,"3110118",왕십리역 9번,203170,450924,"11200",성동구,"11200560",행당1동,63575
EA3F4A792D,서울특별시 성동구 고산자로6길 31-1,닥엔*******,치킨12,서울 성동구,치킨,,20210311,,37.5580648,127.0348799,success,성동구,A,골목상권,"3110118",왕십리역 9번,203170,450924,"11200",성동구,"11200560",행당1동,63575
40AA7DDA7E,서울특별시 성동구 고산자로6길 31-2,또야*,,서울 성동구,백반/가정식,왕십리,20210409,20250811,37.5581662,127.0348428,success,성동구,A,골목상권,"3110118",왕십리역 9번,203170,450924,"11200",성동구,"11200560",행당1동,63575
D5909AB680,서울특별시 성동구 고산자로6가길 21,레*,,서울 성동구,식료품,,20210205,,37.5574355,127.0357458,success,성동구,A,골목상권,"3110118",왕십리역 9번,203170,450924,"11200",성동구,"11200560",행당1동,63575
8F05244173,서울 성동구 고산자로8가길 12,소예*****,,서울 성동구,베이커리,,20191206,,37.5575312,127.0356796,success,성동구,A,골목상권,"3110118",왕십리역 9번,203170,450924,"11200",성동구,"11200560",행당1동,63575
8F5D58EB68,서울  성동구  고산자로  300,레이*************,,서울 성동구,한식-단품요리일반,왕십리,20120306,,37.5662588,127.0371155,success,성동구,A,골목상권,"3110119",마장지하차도,203308,451914,"11200",성동구,"11200540",마장동,22524
7ACE2E4135,서울 성동구 마장로31길 11-1,우리**,,서울 성동구,축산물,,20090515,,37.5674241,127.0375213,success,성동구,A,골목상권,"3110119",마장지하차도,203308,451914,"11200",성동구,"11200540",마장동,22524
26D174D6A5,서울특별시 성동구 고산자로 304,경성***,,서울 성동구,한식-육류/고기,,20190401,,37.5667161,127.0369274,success,성동구,A,골목상권,"3110119",마장지하차도,203308,451914,"11200",성동구,"11200540",마장동,22524
5159C627D2,서울특별시 성동구 고산자로 306,서울**,,서울 성동구,분식,,20170208,,37.5668229,127.0369558,success,성동구,A,골목상권,"3110119",마장지하차도,203308,451914,"11200",성동구,"11200540",마장동,22524
D6C06FDF89,서울특별시 성동구 고산자로 306,인디**,,서울 성동구,호프/맥주,,20170512,,37.5668229,127.0369558,success,성동구,A,골목상권,"3110119",마장지하차도,203308,451914,"11200",성동구,"11200540",마장동,22524
8C6E34858D,서울특별시 성동구 고산자로 308,플래*****************,,서울 성동구,한식-단품요리일반,,20180525,,37.5670243,127.0370842,success,성동구,A,골목상권,"3110119",마장지하차도,203308,451914,"11200",성동구,"11200540",마장동,22524
"0B01EED5DC",서울특별시 성동구 마장로31길 5,지혜**,,서울 성동구,축산물,,20230106,,37.5667629,127.0373438,success,성동구,A,골목상권,"3110119",마장지하차도,203308,451914,"11200",성동구,"11200540",마장동,22524
F1D42A1E4A,서울 성동구 살곶이길 346.,커농**,,서울 성동구,카페,한양대,20141008,,37.556219,127.0410936,success,성동구,A,골목상권,"3110121",한양대역 4번,203699,450806,"11200",성동구,"11200550",사근동,29267
C3E5582C1B,서울 성동구 왕십리로 211.,빨강**,,서울 성동구,분식,한양대,20121120,,37.5564098,127.0430927,success,성동구,A,골목상권,"3110121",한양대역 4번,203699,450806,"11200",성동구,"11200550",사근동,29267
"03803D77FE",서울 성동구 왕십리로 213.,엄마*,,서울 성동구,백반/가정식,한양대,20150612,,37.556555,127.0430162,success,성동구,A,골목상권,"3110121",한양대역 4번,203699,450806,"11200",성동구,"11200550",사근동,29267
6EFA1D03C5,서울 성동구 왕십리로 215.,본초***,,서울 성동구,일식-덮밥/돈가스,한양대,20130319,,37.5566885,127.0429358,success,성동구,A,골목상권,"3110121",한양대역 4번,203699,450806,"11200",성동구,"11200550",사근동,29267
C59F032CAC,서울 성동구 왕십리로 223-1,밸런***,샌드위치/토스트1,서울 성동구,샌드위치/토스트,한양대,20090421,,37.5571514,127.0423305,success,성동구,A,골목상권,"3110121",한양대역 4번,203699,450806,"11200",성동구,"11200550",사근동,29267
DCF5AF5EC7,서울 성동구 왕십리로 221-5.,포싸**,,서울 성동구,한식-단품요리일반,한양대,20151209,,37.556929,127.0426313,success,성동구,A,골목상권,"3110121",한양대역 4번,203699,450806,"11200",성동구,"11200550",사근동,29267
3E2F41A5CB,서울 성동구 왕십리로 223-1.,한양***,,서울 성동구,한식-단품요리일반,한양대,20150513,,37.5571514,127.0423305,success,성동구,A,골목상권,"3110121",한양대역 4번,203699,450806,"11200",성동구,"11200550",사근동,29267
361EC9A5E8,서울특별시 성동구 살곶이8길 22,모음*******,,서울 성동구,양식,한양대,20190410,,37.5563141,127.0429787,success,성동구,A,골목상권,"3110121",한양대역 4번,203699,450806,"11200",성동구,"11200550",사근동,29267
BE6D091D98,서울특별시 성동구 살곶이길 346,우*,,서울 성동구,백반/가정식,한양대,20200731,,37.556219,127.0410936,success,성동구,A,골목상권,"3110121",한양대역 4번,203699,450806,"11200",성동구,"11200550",사근동,29267
E9082AE454,서울특별시 성동구 살곶이길 354,35*****,,서울 성동구,분식,,20210824,,37.5569183,127.0409882,success,성동구,A,골목상권,"3110121",한양대역 4번,203699,450806,"11200",성동구,"11200550",사근동,29267
9CC514117B,서울특별시 성동구 왕십리로 217,의정******,한식-찌개/전골2,서울 성동구,한식-찌개/전골,한양대,20210406,,37.5568111,127.0427919,success,성동구,A,골목상권,"3110121",한양대역 4번,203699,450806,"11200",성동구,"11200550",사근동,29267
B1A685CB2A,서울특별시 성동구 왕십리로 235,랭스*********,,서울 성동구,카페,한양대,20240329,,37.5573466,127.0412189,success,성동구,A,골목상권,"3110121",한양대역 4번,203699,450806,"11200",성동구,"11200550",사근동,29267
A6A47A48A2,서울특별시 성동구 살곶이8길 18-1,틴토*******,,서울 성동구,양식,한양대,20221018,,37.5564687,127.0425758,success,성동구,A,골목상권,"3110121",한양대역 4번,203699,450806,"11200",성동구,"11200550",사근동,29267
FBBAC0BE34,서울특별시 성동구 살곶이길 346-1,두마***********,한식-육류/고기7,서울 성동구,한식-육류/고기,,20220407,,37.556313,127.0410199,success,성동구,A,골목상권,"3110121",한양대역 4번,203699,450806,"11200",성동구,"11200550",사근동,29267
26ACE594E8,서울특별시 성동구 왕십리로 215-2,플랏*********,,서울 성동구,카페,한양대,20211130,,37.5567892,127.0428653,success,성동구,A,골목상권,"3110121",한양대역 4번,203699,450806,"11200",성동구,"11200550",사근동,29267
87D1FC164F,서울특별시 성동구 왕십리로 217-1,피자**********,피자8,서울 성동구,피자,한양대,20170315,,37.5568738,127.0427481,success,성동구,A,골목상권,"3110121",한양대역 4번,203699,450806,"11200",성동구,"11200550",사근동,29267
4EF5BD22BD,서울특별시 성동구 왕십리로 219-1,제이*****,,서울 성동구,양식,한양대,20240202,,37.5569717,127.0426933,success,성동구,A,골목상권,"3110121",한양대역 4번,203699,450806,"11200",성동구,"11200550",사근동,29267
26DE9DB5A2,서울특별시 성동구 왕십리로 221-5,묵사*,,서울 성동구,한식-단품요리일반,한양대,20200602,,37.556929,127.0426313,success,성동구,A,골목상권,"3110121",한양대역 4번,203699,450806,"11200",성동구,"11200550",사근동,29267
D86773997F,서울 성동구 마장로 283,세계********,주류1,서울 성동구,주류,,20080613,,37.5656907,127.0414742,success,성동구,A,골목상권,"3110122",마장역 2번,203900,452033,"11200",성동구,"11200540",마장동,80335
43195F0299,서울 성동구 마장로 321,나*,,서울 성동구,백반/가정식,,20020403,,37.5675503,127.0446816,success,성동구,A,골목상권,"3110122",마장역 2번,203900,452033,"11200",성동구,"11200540",마장동,80335
58ABFB3565,서울 성동구 마장로 283.,김밥**,분식4,서울 성동구,분식,,20081226,,37.5656907,127.0414742,success,성동구,A,골목상권,"3110122",마장역 2번,203900,452033,"11200",성동구,"11200540",마장동,80335
CC80B4E678,서울 성동구 마장로 283.,하은***,,서울 성동구,분식,,20101026,,37.5656907,127.0414742,success,성동구,A,골목상권,"3110122",마장역 2번,203900,452033,"11200",성동구,"11200540",마장동,80335
CF178591B8,서울 성동구 마장로 285.,조개****,,서울 성동구,한식-찌개/전골,,20070601,,37.5656559,127.0416777,success,성동구,A,골목상권,"3110122",마장역 2번,203900,452033,"11200",성동구,"11200540",마장동,80335
B170208380,서울 성동구 마장로 299.,피자******,피자8,서울 성동구,피자,,20130611,,37.566317,127.0427293,success,성동구,A,골목상권,"3110122",마장역 2번,203900,452033,"11200",성동구,"11200540",마장동,80335
6C51945707,서울 성동구 마장로 327.,군산**,,서울 성동구,백반/가정식,,20160802,,37.5679351,127.0451412,success,성동구,A,골목상권,"3110122",마장역 2번,203900,452033,"11200",성동구,"11200540",마장동,80335
"0B2BB3D26D",서울 성동구 마장로 309 .,70*****,,서울 성동구,룸살롱/단란주점,,20170116,,37.566869,127.0435195,success,성동구,A,골목상권,"3110122",마장역 2번,203900,452033,"11200",성동구,"11200540",마장동,80335
1EE63C2F5D,서울  성동구  마장로  305,아씨***,,서울 성동구,호프/맥주,,20120621,,37.5666837,127.0432819,success,성동구,A,골목상권,"3110122",마장역 2번,203900,452033,"11200",성동구,"11200540",마장동,80335
235FF4ABE1,서울  성동구  마장로  305,남원***,한식-해물/생선2,서울 성동구,한식-해물/생선,,20120831,,37.5666837,127.0432819,success,성동구,A,골목상권,"3110122",마장역 2번,203900,452033,"11200",성동구,"11200540",마장동,80335
DD5C3290AF,서울 성동구 마장로 293-1.,이디******,커피전문점6,서울 성동구,커피전문점,,20141202,,37.5659595,127.0421511,success,성동구,A,골목상권,"3110122",마장역 2번,203900,452033,"11200",성동구,"11200540",마장동,80335
48BCC595D9,서울 성동구 마장로39길 34,충북**,,서울 성동구,축산물,,20110614,,37.5678696,127.0435505,success,성동구,A,골목상권,"3110122",마장역 2번,203900,452033,"11200",성동구,"11200540",마장동,80335
FF0B7211A6,서울 성동구 마장로39길 14.,동일**,,서울 성동구,축산물,,20161205,,37.5664933,127.042142,success,성동구,A,골목상권,"3110122",마장역 2번,203900,452033,"11200",성동구,"11200540",마장동,80335
50431C729D,서울 성동구 마장로39길 24.,청량*****,,서울 성동구,한식-해물/생선,,20160608,,37.5672538,127.0428161,success,성동구,A,골목상권,"3110122",마장역 2번,203900,452033,"11200",성동구,"11200540",마장동,80335
C8748625BA,서울 성동구 마장로35나길 40,궁마*,,서울 성동구,한식-육류/고기,,20000411,,37.5672107,127.0430308,success,성동구,A,골목상권,"3110122",마장역 2번,203900,452033,"11200",성동구,"11200540",마장동,80335
"0866C50DAD",서울 성동구 마장로39가길 23,장수**,,서울 성동구,축산물,,20080502,,37.5668069,127.0425262,success,성동구,A,골목상권,"3110122",마장역 2번,203900,452033,"11200",성동구,"11200540",마장동,80335
8CA71260B2,서울 성동구 마장로35나길 37.,이모*****,,서울 성동구,분식,,20080129,,37.5676173,127.0432543,success,성동구,A,골목상권,"3110122",마장역 2번,203900,452033,"11200",성동구,"11200540",마장동,80335
62A9B7888B,서울 성동구 마장로39가길 61.,이롬********,건강식품2,서울 성동구,건강식품,,19991105,,37.5677928,127.0441058,success,성동구,A,골목상권,"3110122",마장역 2번,203900,452033,"11200",성동구,"11200540",마장동,80335
8EE981921E,서울특별시 성동구 마장로 283,명가*******,,서울 성동구,치킨,,20211103,,37.5656907,127.0414742,success,성동구,A,골목상권,"3110122",마장역 2번,203900,452033,"11200",성동구,"11200540",마장동,80335
718E770104,서울특별시 성동구 마장로 283,파리*******,베이커리10,서울 성동구,베이커리,,20190422,,37.5656907,127.0414742,success,성동구,A,골목상권,"3110122",마장역 2번,203900,452033,"11200",성동구,"11200540",마장동,80335
FCBDB3C308,서울특별시 성동구 마장로 289,블랙***,,서울 성동구,카페,,20240906,,37.565857,127.0417058,success,성동구,A,골목상권,"3110122",마장역 2번,203900,452033,"11200",성동구,"11200540",마장동,80335
30EBD20CBF,서울특별시 성동구 마장로 297,통통**,,서울 성동구,백반/가정식,,20191219,,37.5662239,127.0425271,success,성동구,A,골목상권,"3110122",마장역 2번,203900,452033,"11200",성동구,"11200540",마장동,80335
145A1666B3,서울특별시 성동구 마장로 297,통통**,,서울 성동구,한식-육류/고기,,20191219,,37.5662239,127.0425271,success,성동구,A,골목상권,"3110122",마장역 2번,203900,452033,"11200",성동구,"11200540",마장동,80335
"0C02E54954",서울특별시 성동구 마장로 299,컴포*********,커피전문점11,서울 성동구,커피전문점,,20220516,,37.566317,127.0427293,success,성동구,A,골목상권,"3110122",마장역 2번,203900,452033,"11200",성동구,"11200540",마장동,80335
E4B34ABDDB,서울특별시 성동구 마장로 301,아쿠**,,서울 성동구,호프/맥주,,20191017,,37.566451,127.0429797,success,성동구,A,골목상권,"3110122",마장역 2번,203900,452033,"11200",성동구,"11200540",마장동,80335
4BF6B1EEF7,서울특별시 성동구 마장로 301,오땅********,호프/맥주6,서울 성동구,호프/맥주,,20191107,,37.566451,127.0429797,success,성동구,A,골목상권,"3110122",마장역 2번,203900,452033,"11200",성동구,"11200540",마장동,80335
DD0FCFEDE6,서울특별시 성동구 마장로 301,메가*********,커피전문점2,서울 성동구,커피전문점,,20211202,,37.566451,127.0429797,success,성동구,A,골목상권,"3110122",마장역 2번,203900,452033,"11200",성동구,"11200540",마장동,80335
89F36844AE,서울특별시 성동구 마장로 305,토프*******,커피전문점12,서울 성동구,커피전문점,,20190603,,37.5666837,127.0432819,success,성동구,A,골목상권,"3110122",마장역 2번,203900,452033,"11200",성동구,"11200540",마장동,80335
C3D19B4AAD,서울특별시 성동구 마장로 323,연평********,,서울 성동구,한식-해물/생선,,20220707,,37.5676993,127.0448592,success,성동구,A,골목상권,"3110122",마장역 2번,203900,452033,"11200",성동구,"11200540",마장동,80335
3816AE5158,서울특별시 성동구 마장로 325,서산***,,서울 성동구,한식-해물/생선,,20230208,,37.5677864,127.0450386,success,성동구,A,골목상권,"3110122",마장역 2번,203900,452033,"11200",성동구,"11200540",마장동,80335
9763A314E7,서울특별시 성동구 마장로 331,목포*****,,서울 성동구,한식-해물/생선,,20241021,,37.5681019,127.0454006,success,성동구,A,골목상권,"3110122",마장역 2번,203900,452033,"11200",성동구,"11200540",마장동,80335
"51006614E2",서울 성동구 마장로35길 112-1.,일우**,,서울 성동구,식료품,,20070703,,37.5684519,127.0452984,success,성동구,A,골목상권,"3110122",마장역 2번,203900,452033,"11200",성동구,"11200540",마장동,80335
A4B767188E,서울 성동구 마장로39나길 17-1,남원***,한식-해물/생선2,서울 성동구,한식-해물/생선,,20091216,,37.5681173,127.0445959,success,성동구,A,골목상권,"3110122",마장역 2번,203900,452033,"11200",성동구,"11200540",마장동,80335
6EF7FADB37,서울특별시 성동구 마장로 293-2,홍진*,,서울 성동구,치킨,,20240726,,37.5660922,127.0424016,success,성동구,A,골목상권,"3110122",마장역 2번,203900,452033,"11200",성동구,"11200540",마장동,80335
"012A64A73B",서울특별시 성동구 마장로 319-1,인생**,,서울 성동구,포장마차,,20181102,,37.5674502,127.0445723,success,성동구,A,골목상권,"3110122",마장역 2번,203900,452033,"11200",성동구,"11200540",마장동,80335
"0495B069FF",서울특별시 성동구 마장로39길 34,다다**,,서울 성동구,식료품,,20180523,,37.5678696,127.0435505,success,성동구,A,골목상권,"3110122",마장역 2번,203900,452033,"11200",성동구,"11200540",마장동,80335
ABBBDF19AC,서울특별시 성동구 마장로39길 36,더달************,,서울 성동구,아이스크림/빙수,,20200615,,37.5681119,127.0436936,success,성동구,A,골목상권,"3110122",마장역 2번,203900,452033,"11200",성동구,"11200540",마장동,80335
2EAE67C0B4,서울특별시 성동구 천호대로 380-7,바나********,카페5,서울 성동구,카페,장한평자동차,20231110,,37.5694978,127.0451578,success,성동구,A,골목상권,"3110122",마장역 2번,203900,452033,"11200",성동구,"11200540",마장동,80335
DFCD699E8D,서울특별시 성동구 마장로35나길 39,해솔**,,서울 성동구,축산물,,20211027,,37.5674679,127.0434159,success,성동구,A,골목상권,"3110122",마장역 2번,203900,452033,"11200",성동구,"11200540",마장동,80335
256B5CE947,서울특별시 성동구 마장로35나길 40,또와**,,서울 성동구,분식,,20190211,,37.5672107,127.0430308,success,성동구,A,골목상권,"3110122",마장역 2번,203900,452033,"11200",성동구,"11200540",마장동,80335
B602E6FF55,서울특별시 성동구 마장로35나길 40,트리***,,서울 성동구,인삼제품,,20180620,,37.5672107,127.0430308,success,성동구,A,골목상권,"3110122",마장역 2번,203900,452033,"11200",성동구,"11200540",마장동,80335
FF8A45E182,서울특별시 성동구 마장로35나길 40,뼈마*******,,서울 성동구,한식-감자탕,,20230605,,37.5672107,127.0430308,success,성동구,A,골목상권,"3110122",마장역 2번,203900,452033,"11200",성동구,"11200540",마장동,80335
1890D657AD,서울특별시 성동구 마장로39가길 32,경기**,,서울 성동구,축산물,,20170703,,37.5667733,127.0430608,success,성동구,A,골목상권,"3110122",마장역 2번,203900,452033,"11200",성동구,"11200540",마장동,80335
C2F9610A34,서울특별시 성동구 마장로39가길 40,픽미**********,,서울 성동구,아이스크림/빙수,,20241223,20250710,37.567003,127.0433695,success,성동구,A,골목상권,"3110122",마장역 2번,203900,452033,"11200",성동구,"11200540",마장동,80335
F3413EEBA2,서울특별시 성동구 마장로39나길 14,신호**,,서울 성동구,축산물,,20240923,,37.5679239,127.0442742,success,성동구,A,골목상권,"3110122",마장역 2번,203900,452033,"11200",성동구,"11200540",마장동,80335
5C58B2EF46,서울특별시 성동구 마장로35길 112-1,일우**,,서울 성동구,식료품,,20211202,,37.5684519,127.0452984,success,성동구,A,골목상권,"3110122",마장역 2번,203900,452033,"11200",성동구,"11200540",마장동,80335
B2FEC8DC0B,서울특별시 성동구 마장로35길 112-4,한나*******,,서울 성동구,축산물,,20220225,,37.5685251,127.0451734,success,성동구,A,골목상권,"3110122",마장역 2번,203900,452033,"11200",성동구,"11200540",마장동,80335
43343735BB,서울특별시 성동구 천호대로 지하300,어묵**,,서울 성동구,식료품,답십리,20200826,,37.5694978,127.0451578,success,성동구,A,골목상권,"3110122",마장역 2번,203900,452033,"11200",성동구,"11200540",마장동,80335
F3D0744667,서울 성동구 마장로 296,비어**,호프/맥주3,서울 성동구,호프/맥주,,20060925,,37.5656912,127.0427762,success,성동구,A,골목상권,"3110123",마장역 3번,203977,451906,"11200",성동구,"11200540",마장동,169553
41CD6D7430,서울 성동구 마장로 326,들창*,,서울 성동구,한식-육류/고기,,20080520,,37.5674319,127.0454338,success,성동구,A,골목상권,"3110123",마장역 3번,203977,451906,"11200",성동구,"11200540",마장동,169553
2BB4EF9F37,서울 성동구 마장로 328.,별바*,,서울 성동구,일식당,,20031001,,37.5674997,127.0455694,success,성동구,A,골목상권,"3110123",마장역 3번,203977,451906,"11200",성동구,"11200540",마장동,169553
B0FAF5B316,서울 성동구 마장로 296 .,달무*,,서울 성동구,떡/한과 제조,,20191108,,37.5656912,127.0427762,success,성동구,A,골목상권,"3110123",마장역 3번,203977,451906,"11200",성동구,"11200540",마장동,169553
6E3F359ACF,서울 성동구 마장로42길 2,마장*,,서울 성동구,백반/가정식,,20040513,,37.5665018,127.0442926,success,성동구,A,골목상권,"3110123",마장역 3번,203977,451906,"11200",성동구,"11200540",마장동,169553
6466B7724E,서울 성동구 마장로40길 10.,추억*******,,서울 성동구,한식-국수/만두,,20140219,,37.5651351,127.0429571,success,성동구,A,골목상권,"3110123",마장역 3번,203977,451906,"11200",성동구,"11200540",마장동,169553
291BA8B14B,서울 성동구 마조로18길 21.,청진****,한식-국밥/설렁탕12,서울 성동구,한식-국밥/설렁탕,,20081224,,37.5661871,127.0437082,success,성동구,A,골목상권,"3110123",마장역 3번,203977,451906,"11200",성동구,"11200540",마장동,169553
4FD8DEB849,서울특별시 성동구 마장로 288,월*,,서울 성동구,식료품,,20210419,,37.5653519,127.0423033,success,성동구,A,골목상권,"3110123",마장역 3번,203977,451906,"11200",성동구,"11200540",마장동,169553
C919038375,서울특별시 성동구 마장로 292,보배**,,서울 성동구,한식-육류/고기,,20201012,,37.5653519,127.0423033,success,성동구,A,골목상권,"3110123",마장역 3번,203977,451906,"11200",성동구,"11200540",마장동,169553
F901334796,서울특별시 성동구 마장로 298,유성************,,서울 성동구,한식-찌개/전골,,20210201,,37.5656316,127.0430018,success,성동구,A,골목상권,"3110123",마장역 3번,203977,451906,"11200",성동구,"11200540",마장동,169553
2D4E9106EA,서울특별시 성동구 마장로 310,강원*****,,서울 성동구,농산물,,20211109,,37.5664691,127.0440045,success,성동구,A,골목상권,"3110123",마장역 3번,203977,451906,"11200",성동구,"11200540",마장동,169553
409D0DA708,서울특별시 성동구 마장로 310,복권***********,,서울 성동구,식료품,,20221111,,37.5664691,127.0440045,success,성동구,A,골목상권,"3110123",마장역 3번,203977,451906,"11200",성동구,"11200540",마장동,169553
9385DC7BDB,서울특별시 성동구 마장로 310,황귀***,,서울 성동구,백반/가정식,,20180111,,37.5664691,127.0440045,success,성동구,A,골목상권,"3110123",마장역 3번,203977,451906,"11200",성동구,"11200540",마장동,169553
746686BA39,서울특별시 성동구 마장로 310,픽미************,,서울 성동구,아이스크림/빙수,,20231222,,37.5664691,127.0440045,success,성동구,A,골목상권,"3110123",마장역 3번,203977,451906,"11200",성동구,"11200540",마장동,169553
DA258C9262,서울특별시 성동구 살곶이2길 1,마머********,,서울 성동구,양식,,20210408,,37.5652694,127.046782,success,성동구,A,골목상권,"3110123",마장역 3번,203977,451906,"11200",성동구,"11200540",마장동,169553
85AE872C0E,서울특별시 성동구 마조로 64-20,제주*********,,서울 성동구,식료품,,20240318,,37.5640966,127.0422711,success,성동구,A,골목상권,"3110123",마장역 3번,203977,451906,"11200",성동구,"11200540",마장동,169553
A0995D635E,서울특별시 성동구 마장로46길 18,무진**,,서울 성동구,축산물,,20200724,,37.566333,127.046204,success,성동구,A,골목상권,"3110123",마장역 3번,203977,451906,"11200",성동구,"11200540",마장동,169553
70E5A42DE8,서울특별시 성동구 마조로16길 23,이지****,,서울 성동구,식료품,,20221031,,37.5651317,127.0438316,success,성동구,A,골목상권,"3110123",마장역 3번,203977,451906,"11200",성동구,"11200540",마장동,169553
837F9F44DC,서울특별시 성동구 마조로16길 23,얼음*******************,,서울 성동구,아이스크림/빙수,,20210218,,37.5651317,127.0438316,success,성동구,A,골목상권,"3110123",마장역 3번,203977,451906,"11200",성동구,"11200540",마장동,169553
E8B987DD5B,서울특별시 성동구 마조로18길 12,가평**,,서울 성동구,백반/가정식,,20200213,,37.5654743,127.0431139,success,성동구,A,골목상권,"3110123",마장역 3번,203977,451906,"11200",성동구,"11200540",마장동,169553
C99550815C,서울특별시 성동구 마조로16길 3-6,쏘앤**************,,서울 성동구,농산물,,20231211,,37.5645029,127.0423413,success,성동구,A,골목상권,"3110123",마장역 3번,203977,451906,"11200",성동구,"11200540",마장동,169553
CECDA06CB5,서울특별시 성동구 마장로40길 11-1,가보***,,서울 성동구,백반/가정식,,20190304,,37.5652003,127.0435164,success,성동구,A,골목상권,"3110123",마장역 3번,203977,451906,"11200",성동구,"11200540",마장동,169553
CC85B20721,서울특별시 성동구 마장로44길 8-18,카페******,,서울 성동구,베이커리,,20230919,,37.5665419,127.0451635,success,성동구,A,골목상권,"3110123",마장역 3번,203977,451906,"11200",성동구,"11200540",마장동,169553
"2344622681",서울  성동구  도선동,광한******,,서울 성동구,한식-해물/생선,왕십리,20110502,,37.5638096,127.0335507,success,성동구,R,전통시장,"3130067",왕십리도선동상점가,203030,451634,"11200",성동구,"11200535",왕십리도선동,86695
44EA134147,서울 성동구 마장로 232,권가*,,서울 성동구,한식-육류/고기,왕십리,20131024,,37.5660103,127.0356158,success,성동구,R,전통시장,"3130067",왕십리도선동상점가,203030,451634,"11200",성동구,"11200535",왕십리도선동,86695
FF39E0223D,서울  성동구  무학로2길,오븐******,치킨25,서울 성동구,치킨,왕십리,20121017,,37.5634536,127.0328973,success,성동구,R,전통시장,"3130067",왕십리도선동상점가,203030,451634,"11200",성동구,"11200535",왕십리도선동,86695
57B4E2F996,서울 성동구 마장로 228.,장충********,,서울 성동구,한식-육류/고기,왕십리,20151123,20250811,37.5660682,127.0350514,success,성동구,R,전통시장,"3130067",왕십리도선동상점가,203030,451634,"11200",성동구,"11200535",왕십리도선동,86695
4C021A3A21,서울 성동구 마장로 228.,대게******,,서울 성동구,한식-해물/생선,왕십리,20151130,,37.5660682,127.0350514,success,성동구,R,전통시장,"3130067",왕십리도선동상점가,203030,451634,"11200",성동구,"11200535",왕십리도선동,86695
"05354D332D",서울 성동구 마장로 220-5,정원**,,서울 성동구,한식-단품요리일반,왕십리,20010727,,37.566072,127.0343637,success,성동구,R,전통시장,"3130067",왕십리도선동상점가,203030,451634,"11200",성동구,"11200535",왕십리도선동,86695
E45CC78273,서울 성동구 마장로 230-1,시온**,,서울 성동구,식료품,왕십리,20100107,,37.5660009,127.0354282,success,성동구,R,전통시장,"3130067",왕십리도선동상점가,203030,451634,"11200",성동구,"11200535",왕십리도선동,86695
2816E24ED9,서울 성동구 무학로2길 31,호호***,,서울 성동구,한식-육류/고기,왕십리,20110530,,37.5633693,127.0334542,success,성동구,R,전통시장,"3130067",왕십리도선동상점가,203030,451634,"11200",성동구,"11200535",왕십리도선동,86695
6B4688F13F,서울 성동구 무학로2길 37,달인***,,서울 성동구,한식-육류/고기,왕십리,19990116,,37.5632237,127.0337601,success,성동구,R,전통시장,"3130067",왕십리도선동상점가,203030,451634,"11200",성동구,"11200535",왕십리도선동,86695
"08AFA3AAA2",서울 성동구 무학로2길 43,헤라******,,서울 성동구,일반 유흥주점,왕십리,20160602,,37.5628585,127.034454,success,성동구,R,전통시장,"3130067",왕십리도선동상점가,203030,451634,"11200",성동구,"11200535",왕십리도선동,86695
8634C80463,서울 성동구 무학로2길 44,싼타*,,서울 성동구,룸살롱/단란주점,왕십리,20080326,,37.562687,127.0343025,success,성동구,R,전통시장,"3130067",왕십리도선동상점가,203030,451634,"11200",성동구,"11200535",왕십리도선동,86695
5DEA8CA245,서울 성동구 무학로2길 46,조마****,한식-감자탕1,서울 성동구,한식-감자탕,왕십리,19980818,,37.5624538,127.034574,success,성동구,R,전통시장,"3130067",왕십리도선동상점가,203030,451634,"11200",성동구,"11200535",왕십리도선동,86695
EAC8D706B1,서울 성동구 무학로2길 48,바다**,,서울 성동구,한식-해물/생선,왕십리,20070724,,37.5623758,127.0346863,success,성동구,R,전통시장,"3130067",왕십리도선동상점가,203030,451634,"11200",성동구,"11200535",왕십리도선동,86695
3842954B95,서울 성동구 왕십리로 330,은좌**,,서울 성동구,백반/가정식,왕십리,20010630,,37.5628979,127.0332536,success,성동구,R,전통시장,"3130067",왕십리도선동상점가,203030,451634,"11200",성동구,"11200535",왕십리도선동,86695
29F6BB77B3,서울 성동구 마장로 228-12,우*,,서울 성동구,요리주점,왕십리,20020906,,37.5658862,127.0352979,success,성동구,R,전통시장,"3130067",왕십리도선동상점가,203030,451634,"11200",성동구,"11200535",왕십리도선동,86695
92ACC6CE0C,서울 성동구 마장로 228-23,원조***,,서울 성동구,한식-국밥/설렁탕,왕십리,20130903,,37.565771,127.0356023,success,성동구,R,전통시장,"3130067",왕십리도선동상점가,203030,451634,"11200",성동구,"11200535",왕십리도선동,86695
F1758BF01F,서울 성동구 마장로26길 9.,바오*********,,서울 성동구,커피전문점,왕십리,20160712,,37.565659,127.0354458,success,성동구,R,전통시장,"3130067",왕십리도선동상점가,203030,451634,"11200",성동구,"11200535",왕십리도선동,86695
98320C58CB,서울 성동구 무학로2길 35.,미친***,호프/맥주1,서울 성동구,호프/맥주,왕십리,20140418,,37.5632739,127.0336868,success,성동구,R,전통시장,"3130067",왕십리도선동상점가,203030,451634,"11200",성동구,"11200535",왕십리도선동,86695
F701A56FBD,서울 성동구 무학로2길 36.,황*,,서울 성동구,룸살롱/단란주점,왕십리,20130215,,37.563122,127.0335332,success,성동구,R,전통시장,"3130067",왕십리도선동상점가,203030,451634,"11200",성동구,"11200535",왕십리도선동,86695
60AF617267,서울 성동구 무학로2길 36.,시간*********,,서울 성동구,한식-단품요리일반,왕십리,20090108,,37.563122,127.0335332,success,성동구,R,전통시장,"3130067",왕십리도선동상점가,203030,451634,"11200",성동구,"11200535",왕십리도선동,86695
349995B62A,서울 성동구 무학로2길 41.,실내**,,서울 성동구,포장마차,왕십리,20151028,,37.5628919,127.0343243,success,성동구,R,전통시장,"3130067",왕십리도선동상점가,203030,451634,"11200",성동구,"11200535",왕십리도선동,86695
5746FB77CC,서울 성동구 무학로2길 45.,둘둘**,치킨14,서울 성동구,치킨,왕십리,19990116,,37.5627017,127.0346362,success,성동구,R,전통시장,"3130067",왕십리도선동상점가,203030,451634,"11200",성동구,"11200535",왕십리도선동,86695
346EB91DC6,서울 성동구 무학로2나길 1,갈매*****,,서울 성동구,한식-육류/고기,왕십리,20080219,,37.5635922,127.0330075,success,성동구,R,전통시장,"3130067",왕십리도선동상점가,203030,451634,"11200",성동구,"11200535",왕십리도선동,86695
A92168F09C,서울 성동구 무학로6길 36.,열혈**,분식15,서울 성동구,분식,왕십리,20150202,,37.5648477,127.0340956,success,성동구,R,전통시장,"3130067",왕십리도선동상점가,203030,451634,"11200",성동구,"11200535",왕십리도선동,86695
4E5DEDBDDC,서울 성동구 무학로6길 50.,바리*******,,서울 성동구,커피전문점,왕십리,20090904,,37.5643927,127.0349365,success,성동구,R,전통시장,"3130067",왕십리도선동상점가,203030,451634,"11200",성동구,"11200535",왕십리도선동,86695
C1C2E714D4,서울 성동구 무학로6길 50.,친구**,,서울 성동구,백반/가정식,왕십리,20110309,,37.5643927,127.0349365,success,성동구,R,전통시장,"3130067",왕십리도선동상점가,203030,451634,"11200",성동구,"11200535",왕십리도선동,86695
F5D2297649,서울 성동구 무학로6길 50.,푸라******,한식-육류/고기29,서울 성동구,한식-육류/고기,왕십리,20240904,,37.5643927,127.0349365,success,성동구,R,전통시장,"3130067",왕십리도선동상점가,203030,451634,"11200",성동구,"11200535",왕십리도선동,86695
E530039112,서울 성동구 무학로6길 50.,리틀************************,,서울 성동구,동남아/인도음식,왕십리,20130110,,37.5643927,127.0349365,success,성동구,R,전통시장,"3130067",왕십리도선동상점가,203030,451634,"11200",성동구,"11200535",왕십리도선동,86695
D8C7681945,서울 성동구 왕십리로 330.,본죽*****,한식-죽1,서울 성동구,한식-죽,왕십리,20141015,,37.5628979,127.0332536,success,성동구,R,전통시장,"3130067",왕십리도선동상점가,203030,451634,"11200",성동구,"11200535",왕십리도선동,86695
4DAE33EA04,서울 성동구 왕십리로 336.,경희****,,서울 성동구,건강식품,왕십리,20130401,,37.5631429,127.032841,success,성동구,R,전통시장,"3130067",왕십리도선동상점가,203030,451634,"11200",성동구,"11200535",왕십리도선동,86695
378316C068,서울 성동구 마장로 228-18.,체*,,서울 성동구,호프/맥주,왕십리,20151106,,37.5657927,127.0353929,success,성동구,R,전통시장,"3130067",왕십리도선동상점가,203030,451634,"11200",성동구,"11200535",왕십리도선동,86695
1B2F00A1CC,서울 성동구 마장로 228-24.,다*,,서울 성동구,중식당,왕십리,20080704,,37.5657242,127.0354626,success,성동구,R,전통시장,"3130067",왕십리도선동상점가,203030,451634,"11200",성동구,"11200535",왕십리도선동,86695
2DF77932A4,서울 성동구 무학로10길 33.,소*,,서울 성동구,분식,왕십리,20160108,,37.5658736,127.0344636,success,성동구,R,전통시장,"3130067",왕십리도선동상점가,203030,451634,"11200",성동구,"11200535",왕십리도선동,86695
"00A2CF886A",서울 성동구 왕십리로22길 6,별*,,서울 성동구,일반 유흥주점,왕십리,20160229,,37.5625591,127.0344556,success,성동구,R,전통시장,"3130067",왕십리도선동상점가,203030,451634,"11200",성동구,"11200535",왕십리도선동,86695
3AE0B97C20,서울 성동구 왕십리로24길 5,소*,,서울 성동구,한식-육류/고기,왕십리,20081013,,37.5629982,127.0337139,success,성동구,R,전통시장,"3130067",왕십리도선동상점가,203030,451634,"11200",성동구,"11200535",왕십리도선동,86695
64DD526761,서울  성동구  무학로2길  44,꼬치*****,,서울 성동구,이자카야,왕십리,20120905,,37.562687,127.0343025,success,성동구,R,전통시장,"3130067",왕십리도선동상점가,203030,451634,"11200",성동구,"11200535",왕십리도선동,86695
76B71D3DF0,서울 성동구 무학로2길 42-1.,껍데**,,서울 성동구,한식-육류/고기,왕십리,20130708,,37.5627547,127.0342136,success,성동구,R,전통시장,"3130067",왕십리도선동상점가,203030,451634,"11200",성동구,"11200535",왕십리도선동,86695
CF932F2737,서울 성동구 왕십리로20길 13,어사***,,서울 성동구,백반/가정식,왕십리,20111102,,37.5630894,127.0352177,success,성동구,R,전통시장,"3130067",왕십리도선동상점가,203030,451634,"11200",성동구,"11200535",왕십리도선동,86695
50D6E3DB76,서울 성동구 왕십리로22길 3.,미스********,,서울 성동구,일식당,왕십리,20130315,,37.5626185,127.0342695,success,성동구,R,전통시장,"3130067",왕십리도선동상점가,203030,451634,"11200",성동구,"11200535",왕십리도선동,86695
F717AC887A,서울 성동구 왕십리로22길 3.,애리***,,서울 성동구,한식-육류/고기,왕십리,20130614,,37.5626185,127.0342695,success,성동구,R,전통시장,"3130067",왕십리도선동상점가,203030,451634,"11200",성동구,"11200535",왕십리도선동,86695
C6A7D1B09B,서울 성동구 왕십리로24길 19,카페**,,서울 성동구,카페,왕십리,20070903,,37.5642779,127.0342152,success,성동구,R,전통시장,"3130067",왕십리도선동상점가,203030,451634,"11200",성동구,"11200535",왕십리도선동,86695
EC999BD128,서울 성동구 왕십리로24길 5.,노리*,,서울 성동구,한식-단품요리일반,왕십리,20150717,,37.5629982,127.0337139,success,성동구,R,전통시장,"3130067",왕십리도선동상점가,203030,451634,"11200",성동구,"11200535",왕십리도선동,86695
1FF980E1D6,서울 성동구 왕십리로24길 8.,주*,,서울 성동구,요리주점,왕십리,20140915,,37.5630617,127.0340834,success,성동구,R,전통시장,"3130067",왕십리도선동상점가,203030,451634,"11200",성동구,"11200535",왕십리도선동,86695
34573ADA88,서울 성동구 왕십리로26길 30,오복**,,서울 성동구,식료품,왕십리,20001012,,37.5657456,127.0333211,success,성동구,R,전통시장,"3130067",왕십리도선동상점가,203030,451634,"11200",성동구,"11200535",왕십리도선동,86695
CD0A4EA5E0,서울 성동구 왕십리로26길 6.,만대**,,서울 성동구,한식-육류/고기,왕십리,20220607,,37.5636301,127.0328852,success,성동구,R,전통시장,"3130067",왕십리도선동상점가,203030,451634,"11200",성동구,"11200535",왕십리도선동,86695
DAD28E1892,서울 성동구 왕십리로20길 9-1,남도*,,서울 성동구,한식-찌개/전골,왕십리,20000718,,37.5628107,127.0350028,success,성동구,R,전통시장,"3130067",왕십리도선동상점가,203030,451634,"11200",성동구,"11200535",왕십리도선동,86695
C9FDD0D766,서울 성동구 왕십리로24길 11.,썬더**,치킨23,서울 성동구,치킨,왕십리,20090729,,37.5635706,127.0339803,success,성동구,R,전통시장,"3130067",왕십리도선동상점가,203030,451634,"11200",성동구,"11200535",왕십리도선동,86695
6FDDB51C40,서울 성동구 왕십리로24길 12.,진선***,,서울 성동구,백반/가정식,왕십리,20070726,,37.5635238,127.0342982,success,성동구,R,전통시장,"3130067",왕십리도선동상점가,203030,451634,"11200",성동구,"11200535",왕십리도선동,86695
DFD0B2EA28,서울 성동구 왕십리로24길 12.,왕코****,,서울 성동구,룸살롱/단란주점,왕십리,20160705,,37.5635238,127.0342982,success,성동구,R,전통시장,"3130067",왕십리도선동상점가,203030,451634,"11200",성동구,"11200535",왕십리도선동,86695
8DFBA8E48F,서울 성동구 왕십리로24길 14.,반가*,,서울 성동구,한식-국밥/설렁탕,왕십리,20181219,,37.5636664,127.0343254,success,성동구,R,전통시장,"3130067",왕십리도선동상점가,203030,451634,"11200",성동구,"11200535",왕십리도선동,86695
E4B17F7890,서울 성동구 왕십리로24길 18.,우리***,,서울 성동구,축산물,왕십리,20151221,,37.5639988,127.0343463,success,성동구,R,전통시장,"3130067",왕십리도선동상점가,203030,451634,"11200",성동구,"11200535",왕십리도선동,86695
9133ECC312,서울 성동구 왕십리로24길 27.,세계*****,주류2,서울 성동구,주류,왕십리,20050111,,37.5648269,127.0342576,success,성동구,R,전통시장,"3130067",왕십리도선동상점가,203030,451634,"11200",성동구,"11200535",왕십리도선동,86695
B3F2BA9905,서울 성동구 왕십리로24길 29.,델리******,백반/가정식7,서울 성동구,백반/가정식,왕십리,20150427,,37.565171,127.0343419,success,성동구,R,전통시장,"3130067",왕십리도선동상점가,203030,451634,"11200",성동구,"11200535",왕십리도선동,86695
"014A6A2154",서울특별시 성동구 마장로 222,소양*,,서울 성동구,백반/가정식,왕십리,20231016,,37.5661636,127.0343795,success,성동구,R,전통시장,"3130067",왕십리도선동상점가,203030,451634,"11200",성동구,"11200535",왕십리도선동,86695
F4A797E2D3,서울  성동구  왕십리로24길  8,싱싱*****,한식-해물/생선5,서울 성동구,한식-해물/생선,왕십리,20120716,,37.5630617,127.0340834,success,성동구,R,전통시장,"3130067",왕십리도선동상점가,203030,451634,"11200",성동구,"11200535",왕십리도선동,86695
3CBCDB9525,서울 성동구 왕십리로20길 11-1,담쟁*,,서울 성동구,백반/가정식,왕십리,20041026,,37.5629922,127.0351484,success,성동구,R,전통시장,"3130067",왕십리도선동상점가,203030,451634,"11200",성동구,"11200535",왕십리도선동,86695
BE1F11407F,서울 성동구 왕십리로22길 9-1.,한량**,,서울 성동구,한식-육류/고기,왕십리,20131104,,37.5630131,127.034682,success,성동구,R,전통시장,"3130067",왕십리도선동상점가,203030,451634,"11200",성동구,"11200535",왕십리도선동,86695
F4157A9FA4,서울 성동구 왕십리로24길 1-1.,한방****,,서울 성동구,한식-육류/고기,왕십리,20110818,,37.5628712,127.033551,success,성동구,R,전통시장,"3130067",왕십리도선동상점가,203030,451634,"11200",성동구,"11200535",왕십리도선동,86695
7F5C64F29B,서울 성동구 왕십리로24길 15-1,남매**,,서울 성동구,식료품,왕십리,20080414,,37.5639525,127.034128,success,성동구,R,전통시장,"3130067",왕십리도선동상점가,203030,451634,"11200",성동구,"11200535",왕십리도선동,86695
2D1F5F9F5F,서울 성동구 왕십리로24길 35-1,참존*****,치킨28,서울 성동구,치킨,왕십리,20051209,,37.5657048,127.0344414,success,성동구,R,전통시장,"3130067",왕십리도선동상점가,203030,451634,"11200",성동구,"11200535",왕십리도선동,86695
40A4DCBA7F,서울 성동구 왕십리로24길 9-1.,순천**,,서울 성동구,한식-감자탕,왕십리,20080711,,37.5634367,127.0340622,success,성동구,R,전통시장,"3130067",왕십리도선동상점가,203030,451634,"11200",성동구,"11200535",왕십리도선동,86695
7287A93C2B,서울 성동구 왕십리로24나길 4.,함흥*,,서울 성동구,한식-단품요리일반,왕십리,20101215,,37.5639882,127.0344439,success,성동구,R,전통시장,"3130067",왕십리도선동상점가,203030,451634,"11200",성동구,"11200535",왕십리도선동,86695
"00CEAAD71A",서울 성동구 왕십리로24나길 6.,근이***,,서울 성동구,포장마차,왕십리,20151104,,37.5639761,127.0345465,success,성동구,R,전통시장,"3130067",왕십리도선동상점가,203030,451634,"11200",성동구,"11200535",왕십리도선동,86695
6242BB9BEB,서울 성동구 왕십리로24나길 8.,대물**,,서울 성동구,한식-해물/생선,왕십리,20231207,,37.5639618,127.034668,success,성동구,R,전통시장,"3130067",왕십리도선동상점가,203030,451634,"11200",성동구,"11200535",왕십리도선동,86695
891AEAE4A4,서울 성동구 왕십리로26길 2-1.,안주****,,서울 성동구,포장마차,,20080731,,37.5647916,127.033003,success,성동구,R,전통시장,"3130067",왕십리도선동상점가,203030,451634,"11200",성동구,"11200535",왕십리도선동,86695
6F49465F62,서울  성동구  왕십리로24길  29,옛날****,,서울 성동구,농산물,왕십리,20120924,,37.565171,127.0343419,success,성동구,R,전통시장,"3130067",왕십리도선동상점가,203030,451634,"11200",성동구,"11200535",왕십리도선동,86695
FEBEA35A73,서울 성동구 왕십리로24길 10-1.,조박****,,서울 성동구,한식-육류/고기,왕십리,20060310,,37.5633808,127.0342392,success,성동구,R,전통시장,"3130067",왕십리도선동상점가,203030,451634,"11200",성동구,"11200535",왕십리도선동,86695
A107D94EC1,서울 성동구 왕십리로24길 13-1.,만*,,서울 성동구,호프/맥주,왕십리,20140724,,37.56375,127.0341101,success,성동구,R,전통시장,"3130067",왕십리도선동상점가,203030,451634,"11200",성동구,"11200535",왕십리도선동,86695
DA7C0F3255,서울 성동구 왕십리로24길 16-1.,성식******,,서울 성동구,한식-육류/고기,,20140822,,37.563761,127.034344,success,성동구,R,전통시장,"3130067",왕십리도선동상점가,203030,451634,"11200",성동구,"11200535",왕십리도선동,86695
"0255C174CC",서울 성동구 왕십리로24나길 10.,달구*,,서울 성동구,한식-육류/고기,왕십리,20140915,,37.5639359,127.0348883,success,성동구,R,전통시장,"3130067",왕십리도선동상점가,203030,451634,"11200",성동구,"11200535",왕십리도선동,86695
1BCD8AC994,서울특별시 성동구 마장로 230-1,펠어*******,,서울 성동구,카페,왕십리,20240924,,37.5660009,127.0354282,success,성동구,R,전통시장,"3130067",왕십리도선동상점가,203030,451634,"11200",성동구,"11200535",왕십리도선동,86695
E9DF09936C,서울특별시 성동구 마장로 230-1,펠*,,서울 성동구,한식-단품요리일반,왕십리,20230814,,37.5660009,127.0354282,success,성동구,R,전통시장,"3130067",왕십리도선동상점가,203030,451634,"11200",성동구,"11200535",왕십리도선동,86695
4D57A4C1A5,서울특별시 성동구 마장로26길 8,해창**,,서울 성동구,축산물,왕십리,20200904,,37.5656649,127.0350967,success,성동구,R,전통시장,"3130067",왕십리도선동상점가,203030,451634,"11200",성동구,"11200535",왕십리도선동,86695
8F7DEDE719,서울특별시 성동구 무학로2길 30,역전*********,호프/맥주5,서울 성동구,호프/맥주,왕십리,20191024,,37.5632272,127.0329864,success,성동구,R,전통시장,"3130067",왕십리도선동상점가,203030,451634,"11200",성동구,"11200535",왕십리도선동,86695
6A43ED334C,서울특별시 성동구 무학로2길 32,와이*******,,서울 성동구,룸살롱/단란주점,왕십리,20170918,,37.5631679,127.0331921,success,성동구,R,전통시장,"3130067",왕십리도선동상점가,203030,451634,"11200",성동구,"11200535",왕십리도선동,86695
FA5108E188,서울특별시 성동구 무학로2길 34,햄찌**********,,서울 성동구,한식-찌개/전골,왕십리,20230224,,37.5631875,127.0333823,success,성동구,R,전통시장,"3130067",왕십리도선동상점가,203030,451634,"11200",성동구,"11200535",왕십리도선동,86695
5C599A6F56,서울특별시 성동구 무학로2길 35,종로***********,,서울 성동구,한식-육류/고기,왕십리,20191122,,37.5632739,127.0336868,success,성동구,R,전통시장,"3130067",왕십리도선동상점가,203030,451634,"11200",성동구,"11200535",왕십리도선동,86695
3556A9EA7B,서울특별시 성동구 무학로2길 38,베스******,,서울 성동구,룸살롱/단란주점,왕십리,20211104,,37.5630607,127.033659,success,성동구,R,전통시장,"3130067",왕십리도선동상점가,203030,451634,"11200",성동구,"11200535",왕십리도선동,86695
28DEFF1F60,서울특별시 성동구 무학로2길 39,오사*********,,서울 성동구,이자카야,왕십리,20241127,,37.5629434,127.0342565,success,성동구,R,전통시장,"3130067",왕십리도선동상점가,203030,451634,"11200",성동구,"11200535",왕십리도선동,86695
FAC60AB34E,서울특별시 성동구 무학로2길 39,등촌***********,한식-국수/만두4,서울 성동구,한식-국수/만두,왕십리,20240619,,37.5629434,127.0342565,success,성동구,R,전통시장,"3130067",왕십리도선동상점가,203030,451634,"11200",성동구,"11200535",왕십리도선동,86695
CA01F6A76C,서울특별시 성동구 무학로2길 41,주전*,,서울 성동구,요리주점,왕십리,20200130,,37.5628919,127.0343243,success,성동구,R,전통시장,"3130067",왕십리도선동상점가,203030,451634,"11200",성동구,"11200535",왕십리도선동,86695
F565E3EC41,서울특별시 성동구 무학로2길 41,앤*,,서울 성동구,일반 유흥주점,왕십리,20180402,,37.5628919,127.0343243,success,성동구,R,전통시장,"3130067",왕십리도선동상점가,203030,451634,"11200",성동구,"11200535",왕십리도선동,86695
5D5111FAC3,서울특별시 성동구 무학로2길 43,귀한********,,서울 성동구,한식-육류/고기,왕십리,20230818,,37.5628585,127.034454,success,성동구,R,전통시장,"3130067",왕십리도선동상점가,203030,451634,"11200",성동구,"11200535",왕십리도선동,86695
AAE6F17DA3,서울특별시 성동구 무학로2길 44,섬마*,,서울 성동구,한식-해물/생선,왕십리,20220729,,37.562687,127.0343025,success,성동구,R,전통시장,"3130067",왕십리도선동상점가,203030,451634,"11200",성동구,"11200535",왕십리도선동,86695
44469393FD,서울특별시 성동구 무학로2길 45,에*,,서울 성동구,일반 유흥주점,왕십리,20230314,,37.5627017,127.0346362,success,성동구,R,전통시장,"3130067",왕십리도선동상점가,203030,451634,"11200",성동구,"11200535",왕십리도선동,86695
5A5EBCB3A8,서울특별시 성동구 무학로2길 46,엠비***********,,서울 성동구,일반 유흥주점,왕십리,20160628,,37.5624538,127.034574,success,성동구,R,전통시장,"3130067",왕십리도선동상점가,203030,451634,"11200",성동구,"11200535",왕십리도선동,86695
64477AD191,서울특별시 성동구 무학로2길 48,커피**,,서울 성동구,커피전문점,왕십리,20180514,20241010,37.5623758,127.0346863,success,성동구,R,전통시장,"3130067",왕십리도선동상점가,203030,451634,"11200",성동구,"11200535",왕십리도선동,86695
FC6E670F70,서울특별시 성동구 무학로2길 48,커피**,,서울 성동구,커피전문점,왕십리,20241010,,37.5623758,127.0346863,success,성동구,R,전통시장,"3130067",왕십리도선동상점가,203030,451634,"11200",성동구,"11200535",왕십리도선동,86695
E5E7DB8834,서울특별시 성동구 무학로2길 48,더블***,,서울 성동구,일반 유흥주점,왕십리,20201211,,37.5623758,127.0346863,success,성동구,R,전통시장,"3130067",왕십리도선동상점가,203030,451634,"11200",성동구,"11200535",왕십리도선동,86695
DAFBA48973,서울특별시 성동구 무학로2길 48,동해******,,서울 성동구,한식-해물/생선,왕십리,20241030,,37.5623758,127.0346863,success,성동구,R,전통시장,"3130067",왕십리도선동상점가,203030,451634,"11200",성동구,"11200535",왕십리도선동,86695
352569F469,서울특별시 성동구 무학로2길 52,더카***********************,,서울 성동구,카페,왕십리,20240509,,37.5634536,127.0328973,success,성동구,R,전통시장,"3130067",왕십리도선동상점가,203030,451634,"11200",성동구,"11200535",왕십리도선동,86695
6E069E8678,서울특별시 성동구 무학로4길 30,아이*******,아이스크림/빙수3,서울 성동구,아이스크림/빙수,왕십리,20220721,,37.5644878,127.034174,success,성동구,R,전통시장,"3130067",왕십리도선동상점가,203030,451634,"11200",성동구,"11200535",왕십리도선동,86695
85B1514422,서울특별시 성동구 무학로6길 47,신영**,,서울 성동구,축산물,왕십리,20220616,,37.5649348,127.0354039,success,성동구,R,전통시장,"3130067",왕십리도선동상점가,203030,451634,"11200",성동구,"11200535",왕십리도선동,86695
932F4562E9,서울특별시 성동구 무학로6길 50,파스*********,,서울 성동구,양식,왕십리,20240228,,37.5643927,127.0349365,success,성동구,R,전통시장,"3130067",왕십리도선동상점가,203030,451634,"11200",성동구,"11200535",왕십리도선동,86695
CCFF1D98D6,서울특별시 성동구 무학로6길 50,쌤*,,서울 성동구,치킨,왕십리,20230323,,37.5643927,127.0349365,success,성동구,R,전통시장,"3130067",왕십리도선동상점가,203030,451634,"11200",성동구,"11200535",왕십리도선동,86695
81591BC56A,서울특별시 성동구 무학로6길 50,아시***,,서울 성동구,식료품,왕십리,20170901,,37.5643927,127.0349365,success,성동구,R,전통시장,"3130067",왕십리도선동상점가,203030,451634,"11200",성동구,"11200535",왕십리도선동,86695
9CD0B652B8,서울특별시 성동구 무학로6길 50,한국**,,서울 성동구,인삼제품,왕십리,20190325,,37.5643927,127.0349365,success,성동구,R,전통시장,"3130067",왕십리도선동상점가,203030,451634,"11200",성동구,"11200535",왕십리도선동,86695
5A51AD1FF1,서울특별시 성동구 무학로6길 50,컴포*********,커피전문점11,서울 성동구,커피전문점,왕십리,20230116,,37.5643927,127.0349365,success,성동구,R,전통시장,"3130067",왕십리도선동상점가,203030,451634,"11200",성동구,"11200535",왕십리도선동,86695
4FF1B07188,서울특별시 성동구 무학로6길 50,추선*,,서울 성동구,백반/가정식,왕십리,20180402,,37.5643927,127.0349365,success,성동구,R,전통시장,"3130067",왕십리도선동상점가,203030,451634,"11200",성동구,"11200535",왕십리도선동,86695
F4EB8AB693,서울특별시 성동구 무학로6길 50,건강**,,서울 성동구,백반/가정식,왕십리,20180504,,37.5643927,127.0349365,success,성동구,R,전통시장,"3130067",왕십리도선동상점가,203030,451634,"11200",성동구,"11200535",왕십리도선동,86695
6AA4F9B857,서울특별시 성동구 무학로6길 50,경동*****,,서울 성동구,백반/가정식,왕십리,20211019,,37.5643927,127.0349365,success,성동구,R,전통시장,"3130067",왕십리도선동상점가,203030,451634,"11200",성동구,"11200535",왕십리도선동,86695
74E56D3EBE,서울특별시 성동구 무학로6길 50,마마**,,서울 성동구,백반/가정식,왕십리,20220419,,37.5643927,127.0349365,success,성동구,R,전통시장,"3130067",왕십리도선동상점가,203030,451634,"11200",성동구,"11200535",왕십리도선동,86695
641F185DE4,서울특별시 성동구 무학로6길 50,도리*************,,서울 성동구,백반/가정식,왕십리,20230419,,37.5643927,127.0349365,success,성동구,R,전통시장,"3130067",왕십리도선동상점가,203030,451634,"11200",성동구,"11200535",왕십리도선동,86695
D8B9E99952,서울특별시 성동구 무학로6길 50,양지*,,서울 성동구,한식-육류/고기,왕십리,20200311,,37.5643927,127.0349365,success,성동구,R,전통시장,"3130067",왕십리도선동상점가,203030,451634,"11200",성동구,"11200535",왕십리도선동,86695
887F609C60,서울특별시 성동구 무학로6길 50,김사***********,,서울 성동구,한식-육류/고기,왕십리,20230126,,37.5643927,127.0349365,success,성동구,R,전통시장,"3130067",왕십리도선동상점가,203030,451634,"11200",성동구,"11200535",왕십리도선동,86695
4CAFD6C3F4,서울특별시 성동구 무학로6길 50,김선*********,,서울 성동구,한식-육류/고기,왕십리,20230130,,37.5643927,127.0349365,success,성동구,R,전통시장,"3130067",왕십리도선동상점가,203030,451634,"11200",성동구,"11200535",왕십리도선동,86695
A242CDED34,서울특별시 성동구 무학로6길 50,59***********,,서울 성동구,한식-육류/고기,왕십리,20230418,,37.5643927,127.0349365,success,성동구,R,전통시장,"3130067",왕십리도선동상점가,203030,451634,"11200",성동구,"11200535",왕십리도선동,86695
6F9C8F530D,서울특별시 성동구 무학로6길 50,돌매*,,서울 성동구,한식-육류/고기,왕십리,20240117,,37.5643927,127.0349365,success,성동구,R,전통시장,"3130067",왕십리도선동상점가,203030,451634,"11200",성동구,"11200535",왕십리도선동,86695
21BA47CF6E,서울특별시 성동구 무학로6길 50,김호*******,,서울 성동구,한식-국밥/설렁탕,왕십리,20200804,,37.5643927,127.0349365,success,성동구,R,전통시장,"3130067",왕십리도선동상점가,203030,451634,"11200",성동구,"11200535",왕십리도선동,86695
49F556B92E,서울특별시 성동구 무학로6길 50,쉐르****,,서울 성동구,한식-단품요리일반,왕십리,20180607,,37.5643927,127.0349365,success,성동구,R,전통시장,"3130067",왕십리도선동상점가,203030,451634,"11200",성동구,"11200535",왕십리도선동,86695
9FF6A227B7,서울특별시 성동구 무학로6길 50,부산*****,,서울 성동구,한식-단품요리일반,왕십리,20220405,,37.5643927,127.0349365,success,성동구,R,전통시장,"3130067",왕십리도선동상점가,203030,451634,"11200",성동구,"11200535",왕십리도선동,86695
5EB844551A,서울특별시 성동구 무학로8길 21,아토******,,서울 성동구,카페,왕십리,20220124,,37.5656065,127.033367,success,성동구,R,전통시장,"3130067",왕십리도선동상점가,203030,451634,"11200",성동구,"11200535",왕십리도선동,86695
1AF84D2DC1,서울특별시 성동구 무학로8길 29,어폴******,,서울 성동구,카페,왕십리,20240605,,37.5654646,127.0341682,success,성동구,R,전통시장,"3130067",왕십리도선동상점가,203030,451634,"11200",성동구,"11200535",왕십리도선동,86695
718E77B3A8,서울특별시 성동구 무학로8길 31,정성**,,서울 성동구,백반/가정식,왕십리,20220818,,37.5654875,127.0344056,success,성동구,R,전통시장,"3130067",왕십리도선동상점가,203030,451634,"11200",성동구,"11200535",왕십리도선동,86695
741A5F2B65,서울특별시 성동구 왕십리로 318,디(***********,,서울 성동구,양식,왕십리,20170913,,37.5622077,127.0345134,success,성동구,R,전통시장,"3130067",왕십리도선동상점가,203030,451634,"11200",성동구,"11200535",왕십리도선동,86695
4CE9DA1D26,서울특별시 성동구 왕십리로 328,백억*******,,서울 성동구,카페,왕십리,20240425,,37.5628212,127.0334086,success,성동구,R,전통시장,"3130067",왕십리도선동상점가,203030,451634,"11200",성동구,"11200535",왕십리도선동,86695
15460DF7A9,서울특별시 성동구 왕십리로 328,골드*****,,서울 성동구,일반 유흥주점,왕십리,20231204,,37.5628212,127.0334086,success,성동구,R,전통시장,"3130067",왕십리도선동상점가,203030,451634,"11200",성동구,"11200535",왕십리도선동,86695
203FCB7DD9,서울특별시 성동구 왕십리로 328,써브********,샌드위치/토스트2,서울 성동구,샌드위치/토스트,왕십리,20190724,20250716,37.5628212,127.0334086,success,성동구,R,전통시장,"3130067",왕십리도선동상점가,203030,451634,"11200",성동구,"11200535",왕십리도선동,86695
BD8A0F6D76,서울특별시 성동구 왕십리로 336,렉스*****,,서울 성동구,담배,왕십리,20211117,,37.5631429,127.032841,success,성동구,R,전통시장,"3130067",왕십리도선동상점가,203030,451634,"11200",성동구,"11200535",왕십리도선동,86695
9A0EC55599,서울특별시 성동구 왕십리로 336,메가************,커피전문점2,서울 성동구,커피전문점,왕십리,20210709,,37.5631429,127.032841,success,성동구,R,전통시장,"3130067",왕십리도선동상점가,203030,451634,"11200",성동구,"11200535",왕십리도선동,86695
93EC04859E,서울특별시 성동구 왕십리로 336,에그******,,서울 성동구,한식-단품요리일반,왕십리,20240613,,37.5631429,127.032841,success,성동구,R,전통시장,"3130067",왕십리도선동상점가,203030,451634,"11200",성동구,"11200535",왕십리도선동,86695
EE46679C37,서울특별시 성동구 마장로 228-12,민들*,,서울 성동구,백반/가정식,왕십리,20230103,,37.5658862,127.0352979,success,성동구,R,전통시장,"3130067",왕십리도선동상점가,203030,451634,"11200",성동구,"11200535",왕십리도선동,86695
56EE904EE0,서울특별시 성동구 마장로 228-18,떡두*,,서울 성동구,백반/가정식,왕십리,20231219,,37.5657927,127.0353929,success,성동구,R,전통시장,"3130067",왕십리도선동상점가,203030,451634,"11200",성동구,"11200535",왕십리도선동,86695
4F6533C9B9,서울특별시 성동구 마장로 228-24,모야**,,서울 성동구,분식,왕십리,20200210,,37.5657242,127.0354626,success,성동구,R,전통시장,"3130067",왕십리도선동상점가,203030,451634,"11200",성동구,"11200535",왕십리도선동,86695
723DD32135,서울특별시 성동구 무학로10길 30,혜화******,,서울 성동구,일식-덮밥/돈가스,왕십리,20180112,,37.565742,127.0340824,success,성동구,R,전통시장,"3130067",왕십리도선동상점가,203030,451634,"11200",성동구,"11200535",왕십리도선동,86695
614B42817C,서울  성동구  무학로2나길  21-19,샘터**,,서울 성동구,백반/가정식,왕십리,20120503,,37.5644399,127.033601,success,성동구,R,전통시장,"3130067",왕십리도선동상점가,203030,451634,"11200",성동구,"11200535",왕십리도선동,86695
D52B8311A4,서울특별시 성동구 무학로2나길 28,푸른**,,서울 성동구,한식-해물/생선,왕십리,20181120,,37.5641753,127.0342054,success,성동구,R,전통시장,"3130067",왕십리도선동상점가,203030,451634,"11200",성동구,"11200535",왕십리도선동,86695
B50F3C905B,서울특별시 성동구 무학로4길 29-1,소점**,,서울 성동구,백반/가정식,왕십리,20220609,,37.5646104,127.0342157,success,성동구,R,전통시장,"3130067",왕십리도선동상점가,203030,451634,"11200",성동구,"11200535",왕십리도선동,86695
E2A8F11930,서울특별시 성동구 무학로6길 36-2,꼬숩*************,,서울 성동구,백반/가정식,왕십리,20241029,,37.5648642,127.0339514,success,성동구,R,전통시장,"3130067",왕십리도선동상점가,203030,451634,"11200",성동구,"11200535",왕십리도선동,86695
CAD1383581,서울특별시 성동구 왕십리로 330-6,사파*,,서울 성동구,룸살롱/단란주점,왕십리,20231220,,37.5629343,127.0334357,success,성동구,R,전통시장,"3130067",왕십리도선동상점가,203030,451634,"11200",성동구,"11200535",왕십리도선동,86695
FDFE021BDE,서울특별시 성동구 왕십리로22길 3,땡*,,서울 성동구,일반 유흥주점,왕십리,20211005,,37.5626185,127.0342695,success,성동구,R,전통시장,"3130067",왕십리도선동상점가,203030,451634,"11200",성동구,"11200535",왕십리도선동,86695
F05B47B74E,서울특별시 성동구 왕십리로22길 6,스시***,,서울 성동구,일식당,왕십리,20211210,,37.5625591,127.0344556,success,성동구,R,전통시장,"3130067",왕십리도선동상점가,203030,451634,"11200",성동구,"11200535",왕십리도선동,86695
3E82760740,서울특별시 성동구 왕십리로22길 6,감성**,,서울 성동구,호프/맥주,왕십리,20200824,,37.5625591,127.0344556,success,성동구,R,전통시장,"3130067",왕십리도선동상점가,203030,451634,"11200",성동구,"11200535",왕십리도선동,86695
D23184A6DD,서울특별시 성동구 왕십리로22길 8,인*,,서울 성동구,한식-육류/고기,왕십리,20240625,,37.5627776,127.0347195,success,성동구,R,전통시장,"3130067",왕십리도선동상점가,203030,451634,"11200",성동구,"11200535",왕십리도선동,86695
BB958EC353,서울특별시 성동구 왕십리로24길 3,육*,,서울 성동구,한식-육류/고기,왕십리,20230328,,37.5629327,127.0336134,success,성동구,R,전통시장,"3130067",왕십리도선동상점가,203030,451634,"11200",성동구,"11200535",왕십리도선동,86695
26DA5D7B15,서울특별시 성동구 왕십리로24길 3,안동*,,서울 성동구,룸살롱/단란주점,왕십리,20191002,,37.5629327,127.0336134,success,성동구,R,전통시장,"3130067",왕십리도선동상점가,203030,451634,"11200",성동구,"11200535",왕십리도선동,86695
D7FE7C347D,서울특별시 성동구 왕십리로24길 5,강금****,,서울 성동구,한식-해물/생선,왕십리,20210804,,37.5629982,127.0337139,success,성동구,R,전통시장,"3130067",왕십리도선동상점가,203030,451634,"11200",성동구,"11200535",왕십리도선동,86695
AD98FC8B76,서울특별시 성동구 왕십리로24길 5,테*,,서울 성동구,룸살롱/단란주점,왕십리,20200403,,37.5629982,127.0337139,success,성동구,R,전통시장,"3130067",왕십리도선동상점가,203030,451634,"11200",성동구,"11200535",왕십리도선동,86695
D6745235EA,서울특별시 성동구 왕십리로24길 7,왕도*,,서울 성동구,요리주점,왕십리,20230919,,37.563168,127.0338396,success,성동구,R,전통시장,"3130067",왕십리도선동상점가,203030,451634,"11200",성동구,"11200535",왕십리도선동,86695
91BC1C6D21,서울특별시 성동구 왕십리로24길 8,페라*,,서울 성동구,일반 유흥주점,왕십리,20240603,,37.5630617,127.0340834,success,성동구,R,전통시장,"3130067",왕십리도선동상점가,203030,451634,"11200",성동구,"11200535",왕십리도선동,86695
E68971A4E9,서울특별시 성동구 왕십리로24길 9,토메*****,,서울 성동구,일식당,왕십리,20240223,,37.5633473,127.0340238,success,성동구,R,전통시장,"3130067",왕십리도선동상점가,203030,451634,"11200",성동구,"11200535",왕십리도선동,86695
8BD86B08D1,서울특별시 성동구 왕십리로26길 8,오뚜***,,서울 성동구,백반/가정식,왕십리,20171011,,37.5636968,127.0328778,success,성동구,R,전통시장,"3130067",왕십리도선동상점가,203030,451634,"11200",성동구,"11200535",왕십리도선동,86695
"033F56E9A8",서울특별시 성동구 왕십리로20길 11,금녕**,,서울 성동구,한식-국밥/설렁탕,왕십리,20200629,,37.5628964,127.0350745,success,성동구,R,전통시장,"3130067",왕십리도선동상점가,203030,451634,"11200",성동구,"11200535",왕십리도선동,86695
C8A02ED0B7,서울특별시 성동구 왕십리로20길 19,수랏*,,서울 성동구,한식-단품요리일반,왕십리,20200703,,37.5636133,127.0352991,success,성동구,R,전통시장,"3130067",왕십리도선동상점가,203030,451634,"11200",성동구,"11200535",왕십리도선동,86695
4D95F03916,서울특별시 성동구 왕십리로20길 35,왕십*******,,서울 성동구,한식-육류/고기,왕십리,20241119,,37.5650317,127.0355376,success,성동구,R,전통시장,"3130067",왕십리도선동상점가,203030,451634,"11200",성동구,"11200535",왕십리도선동,86695
767F3362ED,서울특별시 성동구 왕십리로20길 43,다사*,,서울 성동구,호프/맥주,왕십리,20170210,,37.5657862,127.0356548,success,성동구,R,전통시장,"3130067",왕십리도선동상점가,203030,451634,"11200",성동구,"11200535",왕십리도선동,86695
88324FFE01,서울특별시 성동구 왕십리로20길 43,자*,,서울 성동구,백반/가정식,왕십리,20180406,,37.5657862,127.0356548,success,성동구,R,전통시장,"3130067",왕십리도선동상점가,203030,451634,"11200",성동구,"11200535",왕십리도선동,86695
FA849FA315,서울특별시 성동구 왕십리로20길 43,늘사*,,서울 성동구,백반/가정식,왕십리,20240703,,37.5657862,127.0356548,success,성동구,R,전통시장,"3130067",왕십리도선동상점가,203030,451634,"11200",성동구,"11200535",왕십리도선동,86695
F95DBF0B74,서울특별시 성동구 왕십리로22길 10,만식*,,서울 성동구,백반/가정식,왕십리,20161230,,37.5628381,127.034805,success,성동구,R,전통시장,"3130067",왕십리도선동상점가,203030,451634,"11200",성동구,"11200535",왕십리도선동,86695
16B18D234B,서울특별시 성동구 왕십리로22길 10,동*,,서울 성동구,일반 유흥주점,왕십리,20180209,,37.5628381,127.034805,success,성동구,R,전통시장,"3130067",왕십리도선동상점가,203030,451634,"11200",성동구,"11200535",왕십리도선동,86695
4E56424369,서울특별시 성동구 왕십리로24길 10,구어*******,,서울 성동구,호프/맥주,왕십리,20240213,,37.5632659,127.0341873,success,성동구,R,전통시장,"3130067",왕십리도선동상점가,203030,451634,"11200",성동구,"11200535",왕십리도선동,86695
CCA3577DE7,서울특별시 성동구 왕십리로24길 12,한방****,,서울 성동구,한식-육류/고기,왕십리,20190423,,37.5635238,127.0342982,success,성동구,R,전통시장,"3130067",왕십리도선동상점가,203030,451634,"11200",성동구,"11200535",왕십리도선동,86695
71F3F05C4E,서울특별시 성동구 왕십리로24길 12,남대******,,서울 성동구,한식-단품요리일반,왕십리,20201125,,37.5635238,127.0342982,success,성동구,R,전통시장,"3130067",왕십리도선동상점가,203030,451634,"11200",성동구,"11200535",왕십리도선동,86695
48A60B81B9,서울특별시 성동구 왕십리로24길 13,돈까***,,서울 성동구,일식-덮밥/돈가스,왕십리,20200811,,37.5636419,127.034099,success,성동구,R,전통시장,"3130067",왕십리도선동상점가,203030,451634,"11200",성동구,"11200535",왕십리도선동,86695
5FEF5885D9,서울특별시 성동구 왕십리로24길 15,수제*****,,서울 성동구,한식-국밥/설렁탕,왕십리,20230117,,37.5638708,127.0340933,success,성동구,R,전통시장,"3130067",왕십리도선동상점가,203030,451634,"11200",성동구,"11200535",왕십리도선동,86695
6CF34390D0,서울특별시 성동구 왕십리로24길 18,호*,,서울 성동구,양식,왕십리,20220920,,37.5639988,127.0343463,success,성동구,R,전통시장,"3130067",왕십리도선동상점가,203030,451634,"11200",성동구,"11200535",왕십리도선동,86695
F5A4D98110,서울특별시 성동구 왕십리로24길 18,샹츠*******,,서울 성동구,중식-훠궈/마라탕,왕십리,20220113,20240808,37.5639988,127.0343463,success,성동구,R,전통시장,"3130067",왕십리도선동상점가,203030,451634,"11200",성동구,"11200535",왕십리도선동,86695
3147BE76FA,서울특별시 성동구 왕십리로24길 18,마라****************,,서울 성동구,중식-훠궈/마라탕,왕십리,20240808,,37.5639988,127.0343463,success,성동구,R,전통시장,"3130067",왕십리도선동상점가,203030,451634,"11200",성동구,"11200535",왕십리도선동,86695
BFC08ED8B3,서울특별시 성동구 왕십리로24길 18,대패*******,,서울 성동구,한식-단품요리일반,왕십리,20211105,20240627,37.5639988,127.0343463,success,성동구,R,전통시장,"3130067",왕십리도선동상점가,203030,451634,"11200",성동구,"11200535",왕십리도선동,86695
98FBEBF96C,서울특별시 성동구 왕십리로24길 27,만나***,,서울 성동구,분식,왕십리,20190905,,37.5648269,127.0342576,success,성동구,R,전통시장,"3130067",왕십리도선동상점가,203030,451634,"11200",성동구,"11200535",왕십리도선동,86695
EF154AC797,서울특별시 성동구 왕십리로24길 29,옛날**,치킨24,서울 성동구,치킨,왕십리,20180109,,37.565171,127.0343419,success,성동구,R,전통시장,"3130067",왕십리도선동상점가,203030,451634,"11200",성동구,"11200535",왕십리도선동,86695
B7C0ECA3FB,서울특별시 성동구 왕십리로24길 31,호호**,,서울 성동구,한식-국수/만두,왕십리,20170710,,37.565281,127.0343518,success,성동구,R,전통시장,"3130067",왕십리도선동상점가,203030,451634,"11200",성동구,"11200535",왕십리도선동,86695
9F05CCB29C,서울특별시 성동구 왕십리로24길 34,형제**,,서울 성동구,농산물,왕십리,20200513,,37.5655045,127.0346236,success,성동구,R,전통시장,"3130067",왕십리도선동상점가,203030,451634,"11200",성동구,"11200535",왕십리도선동,86695
759BF53FF1,서울특별시 성동구 왕십리로24길 34,미래**,,서울 성동구,도너츠,왕십리,20220427,,37.5655045,127.0346236,success,성동구,R,전통시장,"3130067",왕십리도선동상점가,203030,451634,"11200",성동구,"11200535",왕십리도선동,86695
45B86F632F,서울특별시 성동구 왕십리로24길 38,브레*******,베이커리5,서울 성동구,베이커리,왕십리,20220722,,37.5657373,127.0346736,success,성동구,R,전통시장,"3130067",왕십리도선동상점가,203030,451634,"11200",성동구,"11200535",왕십리도선동,86695
C6BCB34B2F,서울특별시 성동구 왕십리로26길 32,상왕******,,서울 성동구,카페,왕십리,20241024,,37.5658347,127.0332784,success,성동구,R,전통시장,"3130067",왕십리도선동상점가,203030,451634,"11200",성동구,"11200535",왕십리도선동,86695
A1A28A186C,서울특별시 성동구 왕십리로24길 1-1,시크***,,서울 성동구,일반 유흥주점,왕십리,20231123,,37.5628712,127.033551,success,성동구,R,전통시장,"3130067",왕십리도선동상점가,203030,451634,"11200",성동구,"11200535",왕십리도선동,86695
F744DF2779,서울특별시 성동구 왕십리로24길 7-1,왕십*****,,서울 성동구,한식-해물/생선,왕십리,20171110,,37.563224,127.0339468,success,성동구,R,전통시장,"3130067",왕십리도선동상점가,203030,451634,"11200",성동구,"11200535",왕십리도선동,86695
A42F386CE4,서울특별시 성동구 왕십리로24길 7-2,동네**,,서울 성동구,포장마차,왕십리,20181212,,37.5632714,127.0339874,success,성동구,R,전통시장,"3130067",왕십리도선동상점가,203030,451634,"11200",성동구,"11200535",왕십리도선동,86695
C1D8EF8820,서울특별시 성동구 왕십리로24나길 4,키친***,,서울 성동구,이자카야,왕십리,20210126,,37.5639882,127.0344439,success,성동구,R,전통시장,"3130067",왕십리도선동상점가,203030,451634,"11200",성동구,"11200535",왕십리도선동,86695
B6B2A9463B,서울특별시 성동구 왕십리로24나길 8,숙성**,,서울 성동구,일식당,왕십리,20240701,,37.5639618,127.034668,success,성동구,R,전통시장,"3130067",왕십리도선동상점가,203030,451634,"11200",성동구,"11200535",왕십리도선동,86695
2E13DF4A8E,서울특별시 성동구 왕십리로24나길 8,일품*****,한식-국밥/설렁탕10,서울 성동구,한식-국밥/설렁탕,왕십리,20171016,,37.5639618,127.034668,success,성동구,R,전통시장,"3130067",왕십리도선동상점가,203030,451634,"11200",성동구,"11200535",왕십리도선동,86695
C818CC20CF,서울특별시 성동구 왕십리로22길 10-1,능한**,,서울 성동구,한식-육류/고기,왕십리,20230712,,37.5629046,127.0348709,success,성동구,R,전통시장,"3130067",왕십리도선동상점가,203030,451634,"11200",성동구,"11200535",왕십리도선동,86695
407EA64E55,서울특별시 성동구 왕십리로24길 10-2,고깃****,,서울 성동구,한식-육류/고기,왕십리,20190314,,37.5631645,127.0341225,success,성동구,R,전통시장,"3130067",왕십리도선동상점가,203030,451634,"11200",성동구,"11200535",왕십리도선동,86695
FE30B6645E,서울특별시 성동구 왕십리로24길 27-1,후라**************,치킨40,서울 성동구,치킨,왕십리,20190124,20230321,37.5650566,127.0343162,success,성동구,R,전통시장,"3130067",왕십리도선동상점가,203030,451634,"11200",성동구,"11200535",왕십리도선동,86695
1AC8580FC6,서울특별시 성동구 왕십리로24길 27-1,후라**************,치킨40,서울 성동구,치킨,왕십리,20230321,,37.5650566,127.0343162,success,성동구,R,전통시장,"3130067",왕십리도선동상점가,203030,451634,"11200",성동구,"11200535",왕십리도선동,86695
3E09B1E315,서울특별시 성동구 왕십리로24길 39-1,황토**,,서울 성동구,한식-육류/고기,왕십리,20190910,,37.5660625,127.0345032,success,성동구,R,전통시장,"3130067",왕십리도선동상점가,203030,451634,"11200",성동구,"11200535",왕십리도선동,86695
"091DB36DAA",서울특별시 성동구 왕십리로24나길 10,중화*****,,서울 성동구,중식당,왕십리,20210916,,37.5639359,127.0348883,success,성동구,R,전통시장,"3130067",왕십리도선동상점가,203030,451634,"11200",성동구,"11200535",왕십리도선동,86695
"07E06697D9",서울특별시 성동구 왕십리로24나길 14,류가***,,서울 성동구,꼬치구이,왕십리,20230918,,37.563925,127.0349914,success,성동구,R,전통시장,"3130067",왕십리도선동상점가,203030,451634,"11200",성동구,"11200535",왕십리도선동,86695
7D27EA6A09,서울특별시 성동구 왕십리로24나길 20,춘리********,,서울 성동구,중식당,왕십리,20230512,,37.5638559,127.0353475,success,성동구,R,전통시장,"3130067",왕십리도선동상점가,203030,451634,"11200",성동구,"11200535",왕십리도선동,86695
ECD810DC58,서울 성동구 무학봉길 88,토상**,,서울 성동구,일식당,왕십리,20000925,,37.5619054,127.031939,success,성동구,R,전통시장,"3130066",행당시장상점가,202943,451296,"11200",성동구,"11200560",행당1동,81008
ECFD290D4E,서울 성동구 무학봉16길 11,한우***,,서울 성동구,축산물,왕십리,19990922,,37.560677,127.0322067,success,성동구,R,전통시장,"3130066",행당시장상점가,202943,451296,"11200",성동구,"11200560",행당1동,81008
C537E1C417,서울 성동구 무학봉16길 24,섬김**,,서울 성동구,떡/한과 제조,왕십리,20090701,,37.559888,127.0330463,success,성동구,R,전통시장,"3130066",행당시장상점가,202943,451296,"11200",성동구,"11200560",행당1동,81008
D58C9C52D1,서울 성동구 무학봉26길 9.,호야****,,서울 성동구,한식-육류/고기,왕십리,20160616,,37.5617774,127.0328336,success,성동구,R,전통시장,"3130066",행당시장상점가,202943,451296,"11200",성동구,"11200560",행당1동,81008
F67809447B,서울 성동구 왕십리로 327.,똥파*,,서울 성동구,요리주점,왕십리,20061130,,37.562372,127.0332078,success,성동구,R,전통시장,"3130066",행당시장상점가,202943,451296,"11200",성동구,"11200560",행당1동,81008
D0ACBE7CA2,서울 성동구 왕십리로 329.,재래**,,서울 성동구,농산물,왕십리,20221004,,37.5624861,127.033009,success,성동구,R,전통시장,"3130066",행당시장상점가,202943,451296,"11200",성동구,"11200560",행당1동,81008
E434888409,서울 성동구 행당로17길 16,먹거****,,서울 성동구,포장마차,왕십리,20070618,,37.5598577,127.0335019,success,성동구,R,전통시장,"3130066",행당시장상점가,202943,451296,"11200",성동구,"11200560",행당1동,81008
"0DF01FA34B",서울 성동구 행당로17길 18,행당****,,서울 성동구,한식-육류/고기,왕십리,19990127,,37.5599827,127.0333736,success,성동구,R,전통시장,"3130066",행당시장상점가,202943,451296,"11200",성동구,"11200560",행당1동,81008
EE564B1E57,서울 성동구 행당로17길 24,푸줏*****,,서울 성동구,한식-육류/고기,왕십리,20010605,,37.5603881,127.0332119,success,성동구,R,전통시장,"3130066",행당시장상점가,202943,451296,"11200",성동구,"11200560",행당1동,81008
BEFC627F89,서울 성동구 무학봉16길 21.,오시*,,서울 성동구,한식-단품요리일반,왕십리,20141204,,37.5600487,127.0330738,success,성동구,R,전통시장,"3130066",행당시장상점가,202943,451296,"11200",성동구,"11200560",행당1동,81008
AD5F5FFA6F,서울 성동구 무학봉26길 10.,봉구********,호프/맥주2,서울 성동구,호프/맥주,왕십리,20150624,,37.5616233,127.0327373,success,성동구,R,전통시장,"3130066",행당시장상점가,202943,451296,"11200",성동구,"11200560",행당1동,81008
FC4868D4E3,서울 성동구 무학봉26길 9-1,칼국*,,서울 성동구,한식-국수/만두,왕십리,19960610,,37.56169,127.0330142,success,성동구,R,전통시장,"3130066",행당시장상점가,202943,451296,"11200",성동구,"11200560",행당1동,81008
7E7BE1BF67,서울 성동구 무학봉28길 12.,수현**,,서울 성동구,일식당,왕십리,20121029,,37.5618612,127.0332429,success,성동구,R,전통시장,"3130066",행당시장상점가,202943,451296,"11200",성동구,"11200560",행당1동,81008
BD730ED969,서울 성동구 무학봉28길 19.,씨씨****,,서울 성동구,카페,왕십리,20141126,,37.5617073,127.0339598,success,성동구,R,전통시장,"3130066",행당시장상점가,202943,451296,"11200",성동구,"11200560",행당1동,81008
4E44FC37D5,서울 성동구 무학봉28길 21.,최영*******,,서울 성동구,한식-육류/고기,왕십리,20160129,,37.5615911,127.0341307,success,성동구,R,전통시장,"3130066",행당시장상점가,202943,451296,"11200",성동구,"11200560",행당1동,81008
292FD26A79,서울 성동구 왕십리로21길 6,김밥**,분식3,서울 성동구,분식,왕십리,20070711,,37.5617981,127.0333699,success,성동구,R,전통시장,"3130066",행당시장상점가,202943,451296,"11200",성동구,"11200560",행당1동,81008
884843D6AE,서울 성동구 행당로17길 22.,찬란********,,서울 성동구,한식-해물/생선,왕십리,20211130,,37.5602256,127.033268,success,성동구,R,전통시장,"3130066",행당시장상점가,202943,451296,"11200",성동구,"11200560",행당1동,81008
FB709A768C,서울 성동구 행당로17길 26.,남매***,,서울 성동구,꼬치구이,왕십리,20160111,,37.5607021,127.0330776,success,성동구,R,전통시장,"3130066",행당시장상점가,202943,451296,"11200",성동구,"11200560",행당1동,81008
A2974AB3F0,서울 성동구 왕십리로21길 17,광명***,,서울 성동구,축산물,왕십리,20020903,,37.5608648,127.0329089,success,성동구,R,전통시장,"3130066",행당시장상점가,202943,451296,"11200",성동구,"11200560",행당1동,81008
CACFB96D47,서울 성동구 왕십리로21길 17,넝쿨**,,서울 성동구,한식-단품요리일반,왕십리,20160225,,37.5608648,127.0329089,success,성동구,R,전통시장,"3130066",행당시장상점가,202943,451296,"11200",성동구,"11200560",행당1동,81008
E727308CF3,서울 성동구 왕십리로21길 20,행당****,,서울 성동구,떡/한과 제조,왕십리,20110615,,37.560778,127.0324295,success,성동구,R,전통시장,"3130066",행당시장상점가,202943,451296,"11200",성동구,"11200560",행당1동,81008
5C527FA137,서울 성동구 왕십리로21길 9.,호랑*****,,서울 성동구,치킨,왕십리,20141201,,37.5614723,127.0334229,success,성동구,R,전통시장,"3130066",행당시장상점가,202943,451296,"11200",성동구,"11200560",행당1동,81008
7EAC320AA6,서울 성동구 무학봉16길 18-1.,송희****,,서울 성동구,농산물,왕십리,20160616,,37.5601237,127.0326776,success,성동구,R,전통시장,"3130066",행당시장상점가,202943,451296,"11200",성동구,"11200560",행당1동,81008
AE8886AFC8,서울 성동구 왕십리로21가길 1,남원***,한식-해물/생선2,서울 성동구,한식-해물/생선,왕십리,20020401,,37.5610504,127.0330767,success,성동구,R,전통시장,"3130066",행당시장상점가,202943,451296,"11200",성동구,"11200560",행당1동,81008
"0BAEC93CDE",서울 성동구 왕십리로21길 11.,야마*****,,서울 성동구,일식당,왕십리,20160122,,37.5613049,127.0332322,success,성동구,R,전통시장,"3130066",행당시장상점가,202943,451296,"11200",성동구,"11200560",행당1동,81008
57F39CB90C,서울 성동구 왕십리로21길 13.,재수**********,,서울 성동구,한식-감자탕,왕십리,20161215,,37.5611683,127.0330703,success,성동구,R,전통시장,"3130066",행당시장상점가,202943,451296,"11200",성동구,"11200560",행당1동,81008
1F2F62794C,서울 성동구 왕십리로21길 14.,수제******,,서울 성동구,한식-국수/만두,왕십리,19951023,,37.5613074,127.0328213,success,성동구,R,전통시장,"3130066",행당시장상점가,202943,451296,"11200",성동구,"11200560",행당1동,81008
A5BF54D22B,서울 성동구 왕십리로21길 16.,왕십*****,,서울 성동구,인삼제품,왕십리,20010914,,37.5611796,127.0328098,success,성동구,R,전통시장,"3130066",행당시장상점가,202943,451296,"11200",성동구,"11200560",행당1동,81008
79B22CEF8E,서울 성동구 왕십리로21길 17.,행*,,서울 성동구,호프/맥주,왕십리,20111205,,37.5608648,127.0329089,success,성동구,R,전통시장,"3130066",행당시장상점가,202943,451296,"11200",성동구,"11200560",행당1동,81008
C1853F0228,서울 성동구 왕십리로21길 17.,높은*******,,서울 성동구,한식-해물/생선,왕십리,20160527,,37.5608648,127.0329089,success,성동구,R,전통시장,"3130066",행당시장상점가,202943,451296,"11200",성동구,"11200560",행당1동,81008
AD692634A2,서울 성동구 왕십리로21길 17.,슈*,,서울 성동구,한식-단품요리일반,왕십리,20151116,,37.5608648,127.0329089,success,성동구,R,전통시장,"3130066",행당시장상점가,202943,451296,"11200",성동구,"11200560",행당1동,81008
10E976D7AB,서울 성동구 왕십리로21길 20.,행당****,,서울 성동구,식품 제조,왕십리,20150922,,37.560778,127.0324295,success,성동구,R,전통시장,"3130066",행당시장상점가,202943,451296,"11200",성동구,"11200560",행당1동,81008
BA2517D7FC,서울 성동구 왕십리로21길 20.,만나**,,서울 성동구,백반/가정식,왕십리,20140411,,37.560778,127.0324295,success,성동구,R,전통시장,"3130066",행당시장상점가,202943,451296,"11200",성동구,"11200560",행당1동,81008
9FFE31B3A0,서울 성동구 행당로17길 19-1.,길상*******,,서울 성동구,꼬치구이,왕십리,20160718,,37.5600487,127.0330738,success,성동구,R,전통시장,"3130066",행당시장상점가,202943,451296,"11200",성동구,"11200560",행당1동,81008
A2A41AAC50,서울특별시 성동구 무학봉26길 2,이지***********,,서울 성동구,카페,왕십리,20210712,,37.5619331,127.0321215,success,성동구,R,전통시장,"3130066",행당시장상점가,202943,451296,"11200",성동구,"11200560",행당1동,81008
6DE0F0A2A3,서울특별시 성동구 무학봉26길 2,희령******,,서울 성동구,한식-해물/생선,왕십리,20231121,,37.5619331,127.0321215,success,성동구,R,전통시장,"3130066",행당시장상점가,202943,451296,"11200",성동구,"11200560",행당1동,81008
"05D686D94E",서울특별시 성동구 무학봉26길 3,그해**,,서울 성동구,식료품,왕십리,20210623,,37.5620162,127.0323264,success,성동구,R,전통시장,"3130066",행당시장상점가,202943,451296,"11200",성동구,"11200560",행당1동,81008
B87969F843,서울특별시 성동구 무학봉28길 1,왕십******,,서울 성동구,한식-육류/고기,왕십리,20181012,,37.5625407,127.0323736,success,성동구,R,전통시장,"3130066",행당시장상점가,202943,451296,"11200",성동구,"11200560",행당1동,81008
132EC808F2,서울특별시 성동구 무학봉28길 3,59****,,서울 성동구,한식-육류/고기,왕십리,20190927,20250811,37.5624795,127.0324937,success,성동구,R,전통시장,"3130066",행당시장상점가,202943,451296,"11200",성동구,"11200560",행당1동,81008
8F1BE98A86,서울특별시 성동구 무학봉28길 7,제이*******,,서울 성동구,한식-단품요리일반,왕십리,20240709,,37.5621999,127.0330754,success,성동구,R,전통시장,"3130066",행당시장상점가,202943,451296,"11200",성동구,"11200560",행당1동,81008
9AFD0B9DFA,서울특별시 성동구 무학봉28길 9,와시*,,서울 성동구,일식당,왕십리,20210601,,37.5621282,127.0332236,success,성동구,R,전통시장,"3130066",행당시장상점가,202943,451296,"11200",성동구,"11200560",행당1동,81008
6FE0E66A8A,서울특별시 성동구 왕십리로 309,이디*,커피전문점6,서울 성동구,커피전문점,왕십리,20170320,,37.5611981,127.03461,success,성동구,R,전통시장,"3130066",행당시장상점가,202943,451296,"11200",성동구,"11200560",행당1동,81008
99EA6AF2C9,서울특별시 성동구 왕십리로 309,홍능******,,서울 성동구,한식-육류/고기,왕십리,20200904,,37.5611981,127.03461,success,성동구,R,전통시장,"3130066",행당시장상점가,202943,451296,"11200",성동구,"11200560",행당1동,81008
EC9D2C4B17,서울특별시 성동구 왕십리로 313,민준**,,서울 성동구,한식-육류/고기,왕십리,20170504,,37.5616191,127.0344271,success,성동구,R,전통시장,"3130066",행당시장상점가,202943,451296,"11200",성동구,"11200560",행당1동,81008
12A28908F1,서울특별시 성동구 왕십리로 315,바나********,카페5,서울 성동구,카페,왕십리,20240123,20250729,37.561722,127.0342494,success,성동구,R,전통시장,"3130066",행당시장상점가,202943,451296,"11200",성동구,"11200560",행당1동,81008
560D700A0A,서울특별시 성동구 왕십리로 331,김승***,,서울 성동구,일식당,왕십리,20210114,,37.5625968,127.0327854,success,성동구,R,전통시장,"3130066",행당시장상점가,202943,451296,"11200",성동구,"11200560",행당1동,81008
1F0239CF1F,서울특별시 성동구 왕십리로 333,으뜸**,,서울 성동구,건강식품,왕십리,20241018,,37.5627182,127.0325476,success,성동구,R,전통시장,"3130066",행당시장상점가,202943,451296,"11200",성동구,"11200560",행당1동,81008
F67A482D90,서울특별시 성동구 무학봉16길 11,스마*,,서울 성동구,분식,왕십리,20180802,,37.560677,127.0322067,success,성동구,R,전통시장,"3130066",행당시장상점가,202943,451296,"11200",성동구,"11200560",행당1동,81008
302563C7F4,서울특별시 성동구 무학봉16길 15,삼죽*,,서울 성동구,한식-육류/고기,왕십리,20241014,,37.5603913,127.0326433,success,성동구,R,전통시장,"3130066",행당시장상점가,202943,451296,"11200",성동구,"11200560",행당1동,81008
C4EB3CD558,서울특별시 성동구 무학봉16길 20,용문**,,서울 성동구,식료품,왕십리,20201209,,37.5600631,127.0327591,success,성동구,R,전통시장,"3130066",행당시장상점가,202943,451296,"11200",성동구,"11200560",행당1동,81008
9852E1C1E8,서울특별시 성동구 무학봉16길 26,마린********,,서울 성동구,한식-해물/생선,왕십리,20200810,,37.5597456,127.0331933,success,성동구,R,전통시장,"3130066",행당시장상점가,202943,451296,"11200",성동구,"11200560",행당1동,81008
"0A249AE8F1",서울특별시 성동구 무학봉26길 12,골목**,,서울 성동구,요리주점,왕십리,20200204,,37.5615322,127.0328963,success,성동구,R,전통시장,"3130066",행당시장상점가,202943,451296,"11200",성동구,"11200560",행당1동,81008
304DF7C3D2,서울특별시 성동구 무학봉28길 16,브라*************,,서울 성동구,카페,왕십리,20231027,,37.5616527,127.0336147,success,성동구,R,전통시장,"3130066",행당시장상점가,202943,451296,"11200",성동구,"11200560",행당1동,81008
201D6EE851,서울특별시 성동구 무학봉28길 19,나라***,,서울 성동구,한식-육류/고기,왕십리,20170821,,37.5617073,127.0339598,success,성동구,R,전통시장,"3130066",행당시장상점가,202943,451296,"11200",성동구,"11200560",행당1동,81008
15312BD018,서울특별시 성동구 무학봉28길 20,수상***,,서울 성동구,한식-육류/고기,왕십리,20190422,,37.5614528,127.0339167,success,성동구,R,전통시장,"3130066",행당시장상점가,202943,451296,"11200",성동구,"11200560",행당1동,81008
559A0E2C40,서울특별시 성동구 무학봉28길 21,먹어****,한식-육류/고기9,서울 성동구,한식-육류/고기,왕십리,20210323,,37.5615911,127.0341307,success,성동구,R,전통시장,"3130066",행당시장상점가,202943,451296,"11200",성동구,"11200560",행당1동,81008
FCEC2103C8,서울특별시 성동구 행당로17길 17,하동*,,서울 성동구,한식-국밥/설렁탕,왕십리,20180711,,37.5599183,127.0331844,success,성동구,R,전통시장,"3130066",행당시장상점가,202943,451296,"11200",성동구,"11200560",행당1동,81008
E9EA02C4EA,서울특별시 성동구 행당로17길 18,포*,,서울 성동구,동남아/인도음식,왕십리,20230907,,37.5599827,127.0333736,success,성동구,R,전통시장,"3130066",행당시장상점가,202943,451296,"11200",성동구,"11200560",행당1동,81008
1C3EE116AE,서울특별시 성동구 행당로17길 21,노가***,룸살롱/단란주점1,서울 성동구,룸살롱/단란주점,왕십리,20190917,,37.5602434,127.0329974,success,성동구,R,전통시장,"3130066",행당시장상점가,202943,451296,"11200",성동구,"11200560",행당1동,81008
D9A68478F5,서울특별시 성동구 행당로17길 23,굴과***,,서울 성동구,한식-해물/생선,왕십리,20241216,,37.5603323,127.0329106,success,성동구,R,전통시장,"3130066",행당시장상점가,202943,451296,"11200",성동구,"11200560",행당1동,81008
90BB88D55E,서울특별시 성동구 행당로17길 25,찰랑**,,서울 성동구,요리주점,왕십리,20220902,,37.5605047,127.032836,success,성동구,R,전통시장,"3130066",행당시장상점가,202943,451296,"11200",성동구,"11200560",행당1동,81008
DDC5B3DE0C,서울특별시 성동구 행당로17길 27,디저*******,베이커리1,서울 성동구,베이커리,왕십리,20231006,,37.5601967,127.0326966,success,성동구,R,전통시장,"3130066",행당시장상점가,202943,451296,"11200",성동구,"11200560",행당1동,81008
84C49C7222,서울특별시 성동구 행당로17길 27,고구***,,서울 성동구,한식-육류/고기,왕십리,20240325,,37.5601967,127.0326966,success,성동구,R,전통시장,"3130066",행당시장상점가,202943,451296,"11200",성동구,"11200560",행당1동,81008
DA74E018B2,서울특별시 성동구 행당로17길 27,달항****,,서울 성동구,한식-육류/고기,왕십리,20240408,,37.5601967,127.0326966,success,성동구,R,전통시장,"3130066",행당시장상점가,202943,451296,"11200",성동구,"11200560",행당1동,81008
8AA06764E9,서울특별시 성동구 행당로17길 32,나누***,,서울 성동구,반찬,왕십리,20200421,,37.5610951,127.0326156,success,성동구,R,전통시장,"3130066",행당시장상점가,202943,451296,"11200",성동구,"11200560",행당1동,81008
9E3E2C654F,서울특별시 성동구 행당로17길 32,컴포*********,커피전문점11,서울 성동구,커피전문점,왕십리,20241202,,37.5610951,127.0326156,success,성동구,R,전통시장,"3130066",행당시장상점가,202943,451296,"11200",성동구,"11200560",행당1동,81008
7D2B5253F5,서울특별시 성동구 행당로17길 34,에이*****,,서울 성동구,일식당,왕십리,20240415,,37.5612081,127.0324756,success,성동구,R,전통시장,"3130066",행당시장상점가,202943,451296,"11200",성동구,"11200560",행당1동,81008
ADD9CCF7A2,서울특별시 성동구 행당로17길 34,에이***,,서울 성동구,백반/가정식,왕십리,20240415,,37.5612081,127.0324756,success,성동구,R,전통시장,"3130066",행당시장상점가,202943,451296,"11200",성동구,"11200560",행당1동,81008
1678DC823A,서울특별시 성동구 무학봉28길 3-1,수컷**,,서울 성동구,요리주점,왕십리,20220414,,37.5624011,127.0326782,success,성동구,R,전통시장,"3130066",행당시장상점가,202943,451296,"11200",성동구,"11200560",행당1동,81008
2AD96F80A2,서울특별시 성동구 무학봉28길 4-1,버텍***************,,서울 성동구,양식,왕십리,20230428,,37.5622219,127.0324801,success,성동구,R,전통시장,"3130066",행당시장상점가,202943,451296,"11200",성동구,"11200560",행당1동,81008
"0B36DDFB1B",서울특별시 성동구 무학봉28길 4-1,우마***********,,서울 성동구,이자카야,왕십리,20231017,,37.5622219,127.0324801,success,성동구,R,전통시장,"3130066",행당시장상점가,202943,451296,"11200",성동구,"11200560",행당1동,81008
34CF430710,서울특별시 성동구 무학봉28길 4-1,프로******,,서울 성동구,백반/가정식,왕십리,20230818,,37.5622219,127.0324801,success,성동구,R,전통시장,"3130066",행당시장상점가,202943,451296,"11200",성동구,"11200560",행당1동,81008
9F71F05B15,서울특별시 성동구 무학봉28길 4-1,팔공**,,서울 성동구,한식-단품요리일반,왕십리,20220106,,37.5622219,127.0324801,success,성동구,R,전통시장,"3130066",행당시장상점가,202943,451296,"11200",성동구,"11200560",행당1동,81008
D573756B9C,서울특별시 성동구 왕십리로 311-1,프란****,,서울 성동구,요리주점,왕십리,20180417,,37.56157,127.034497,success,성동구,R,전통시장,"3130066",행당시장상점가,202943,451296,"11200",성동구,"11200560",행당1동,81008
D85CD85462,서울특별시 성동구 왕십리로 311-1,낭만*********,,서울 성동구,한식뷔페,왕십리,20221124,,37.56157,127.034497,success,성동구,R,전통시장,"3130066",행당시장상점가,202943,451296,"11200",성동구,"11200560",행당1동,81008
BA7F9E4F9A,서울특별시 성동구 왕십리로 311-1,돈카**********,,서울 성동구,일식-덮밥/돈가스,왕십리,20200508,,37.56157,127.034497,success,성동구,R,전통시장,"3130066",행당시장상점가,202943,451296,"11200",성동구,"11200560",행당1동,81008
AD016521BB,서울특별시 성동구 무학봉16길 24-2,향산******,치킨41,서울 성동구,치킨,왕십리,20230915,,37.5597978,127.0331099,success,성동구,R,전통시장,"3130066",행당시장상점가,202943,451296,"11200",성동구,"11200560",행당1동,81008
DDA2B18650,서울특별시 성동구 무학봉16길 24-2,모이**,,서울 성동구,백반/가정식,왕십리,20210527,,37.5597978,127.0331099,success,성동구,R,전통시장,"3130066",행당시장상점가,202943,451296,"11200",성동구,"11200560",행당1동,81008
11DA529896,서울특별시 성동구 무학봉16길 26-9,크레**********************,,서울 성동구,백반/가정식,왕십리,20230323,,37.5596343,127.0330997,success,성동구,R,전통시장,"3130066",행당시장상점가,202943,451296,"11200",성동구,"11200560",행당1동,81008
C7E3B6D61A,서울특별시 성동구 무학봉16길 26-9,크레*********,,서울 성동구,한식-단품요리일반,왕십리,20231019,,37.5596343,127.0330997,success,성동구,R,전통시장,"3130066",행당시장상점가,202943,451296,"11200",성동구,"11200560",행당1동,81008
"0F17B95A3C",서울특별시 성동구 무학봉26길 10-1,세키*,,서울 성동구,일식당,왕십리,20210415,,37.561575,127.0328131,success,성동구,R,전통시장,"3130066",행당시장상점가,202943,451296,"11200",성동구,"11200560",행당1동,81008
63D56CEF99,서울특별시 성동구 무학봉26길 12-1,곱순**,,서울 성동구,한식-육류/고기,왕십리,20200529,,37.561493,127.0329843,success,성동구,R,전통시장,"3130066",행당시장상점가,202943,451296,"11200",성동구,"11200560",행당1동,81008
5322300A3B,서울특별시 성동구 왕십리로21길 10,바우******,한식-국밥/설렁탕2,서울 성동구,한식-국밥/설렁탕,왕십리,20200827,,37.5616015,127.0331899,success,성동구,R,전통시장,"3130066",행당시장상점가,202943,451296,"11200",성동구,"11200560",행당1동,81008
5509AAD8EE,서울특별시 성동구 왕십리로21길 11,왕*,,서울 성동구,농산물,왕십리,20230817,,37.5613049,127.0332322,success,성동구,R,전통시장,"3130066",행당시장상점가,202943,451296,"11200",성동구,"11200560",행당1동,81008
86DFE48F6F,서울특별시 성동구 왕십리로21길 11,뚱타*,,서울 성동구,일식당,왕십리,20220516,,37.5613049,127.0332322,success,성동구,R,전통시장,"3130066",행당시장상점가,202943,451296,"11200",성동구,"11200560",행당1동,81008
ACEF75732F,서울특별시 성동구 왕십리로21길 11,상하*,,서울 성동구,중식당,왕십리,20180822,,37.5613049,127.0332322,success,성동구,R,전통시장,"3130066",행당시장상점가,202943,451296,"11200",성동구,"11200560",행당1동,81008
2C11204E23,서울특별시 성동구 왕십리로21길 11,수산***,,서울 성동구,포장마차,왕십리,20200204,,37.5613049,127.0332322,success,성동구,R,전통시장,"3130066",행당시장상점가,202943,451296,"11200",성동구,"11200560",행당1동,81008
5AE70815C9,서울특별시 성동구 왕십리로21길 12,구름****,,서울 성동구,식료품,왕십리,20190515,,37.561367,127.0329592,success,성동구,R,전통시장,"3130066",행당시장상점가,202943,451296,"11200",성동구,"11200560",행당1동,81008
CFE95F9727,서울특별시 성동구 왕십리로21길 17,스컹*,,서울 성동구,치킨,왕십리,20221117,,37.5608648,127.0329089,success,성동구,R,전통시장,"3130066",행당시장상점가,202943,451296,"11200",성동구,"11200560",행당1동,81008
E05D8AE16A,서울특별시 성동구 왕십리로21길 20,쑥이*****,,서울 성동구,분식,왕십리,20221013,,37.560778,127.0324295,success,성동구,R,전통시장,"3130066",행당시장상점가,202943,451296,"11200",성동구,"11200560",행당1동,81008
A65F31C273,서울특별시 성동구 왕십리로21길 25,아이*******,아이스크림/빙수3,서울 성동구,아이스크림/빙수,왕십리,20220706,,37.5603362,127.0321481,success,성동구,R,전통시장,"3130066",행당시장상점가,202943,451296,"11200",성동구,"11200560",행당1동,81008
5088093AFC,서울특별시 성동구 왕십리로21길 25,금계*******,,서울 성동구,한식-단품요리일반,왕십리,20240215,,37.5603362,127.0321481,success,성동구,R,전통시장,"3130066",행당시장상점가,202943,451296,"11200",성동구,"11200560",행당1동,81008
3E6DB9DC69,서울특별시 성동구 왕십리로21길 30,미각*****,,서울 성동구,한식-육류/고기,왕십리,20240418,,37.5602775,127.0317198,success,성동구,R,전통시장,"3130066",행당시장상점가,202943,451296,"11200",성동구,"11200560",행당1동,81008
DB1E0B5C1E,서울특별시 성동구 행당로17길 19-1,술에*****,,서울 성동구,호프/맥주,왕십리,20180404,,37.5600487,127.0330738,success,성동구,R,전통시장,"3130066",행당시장상점가,202943,451296,"11200",성동구,"11200560",행당1동,81008
5960275B4D,서울특별시 성동구 행당로17길 19-2,오빠********,,서울 성동구,이자카야,왕십리,20240308,,37.5601274,127.0330399,success,성동구,R,전통시장,"3130066",행당시장상점가,202943,451296,"11200",성동구,"11200560",행당1동,81008
28718E3BF1,서울특별시 성동구 행당로17길 22-1,행당**,,서울 성동구,호프/맥주,왕십리,20161201,,37.5602768,127.0332188,success,성동구,R,전통시장,"3130066",행당시장상점가,202943,451296,"11200",성동구,"11200560",행당1동,81008
D02B6565D1,서울특별시 성동구 행당로17길 23-1,마왕**,한식-단품요리일반4,서울 성동구,한식-단품요리일반,왕십리,20180604,,37.5604065,127.0328508,success,성동구,R,전통시장,"3130066",행당시장상점가,202943,451296,"11200",성동구,"11200560",행당1동,81008
77E55DE284,서울특별시 성동구 왕십리로21가길 1,려기****,,서울 성동구,중식당,왕십리,20231030,,37.5610504,127.0330767,success,성동구,R,전통시장,"3130066",행당시장상점가,202943,451296,"11200",성동구,"11200560",행당1동,81008
DF938C1210,서울특별시 성동구 왕십리로21가길 3,별*,,서울 성동구,중식당,왕십리,20240730,,37.5609912,127.0331519,success,성동구,R,전통시장,"3130066",행당시장상점가,202943,451296,"11200",성동구,"11200560",행당1동,81008
1FE0562759,서울특별시 성동구 왕십리로21나길 9,꼬팡**************,,서울 성동구,베이커리,왕십리,20230414,,37.5600673,127.0324292,success,성동구,R,전통시장,"3130066",행당시장상점가,202943,451296,"11200",성동구,"11200560",행당1동,81008
CC8638F044,서울특별시 성동구 왕십리로21길 10-1,반찬**,,서울 성동구,반찬,왕십리,20231124,,37.5614534,127.0330835,success,성동구,R,전통시장,"3130066",행당시장상점가,202943,451296,"11200",성동구,"11200560",행당1동,81008
1E9761FB09,서울특별시 성동구 왕십리로21길 10-1,알맹*******,,서울 성동구,한식-단품요리일반,왕십리,20211230,,37.5614534,127.0330835,success,성동구,R,전통시장,"3130066",행당시장상점가,202943,451296,"11200",성동구,"11200560",행당1동,81008
"053AF8AE28",서울특별시 성동구 왕십리로21다길 39,수제******,,서울 성동구,한식-국수/만두,왕십리,20230717,,37.5596369,127.0332379,success,성동구,R,전통시장,"3130066",행당시장상점가,202943,451296,"11200",성동구,"11200560",행당1동,81008
671826BB1A,서울특별시 성동구 왕십리로21가길 3-1,옥이*,,서울 성동구,포장마차,왕십리,20191002,,37.5609285,127.0332522,success,성동구,R,전통시장,"3130066",행당시장상점가,202943,451296,"11200",성동구,"11200560",행당1동,81008
6F2F34ACCC,서울 성동구 무학봉길 83,여수****,,서울 성동구,한식-단품요리일반,왕십리,20011024,,37.5617569,127.031481,success,성동구,R,전통시장,"3130065",무학봉상점가,202706,451363,"11200",성동구,"11200520",왕십리2동,69338
88F30EBFE9,서울 성동구 무학봉16길 1,함흥*****,,서울 성동구,한식-냉면,왕십리,20080417,,37.5613714,127.0313548,success,성동구,R,전통시장,"3130065",무학봉상점가,202706,451363,"11200",성동구,"11200520",왕십리2동,69338
C0CA103816,서울 성동구 무학봉길 82.,농부**,,서울 성동구,미곡상,왕십리,20151231,,37.5615127,127.0315121,success,성동구,R,전통시장,"3130065",무학봉상점가,202706,451363,"11200",성동구,"11200520",왕십리2동,69338
5DA080BB02,서울 성동구 무학봉길 95.,깜장***,,서울 성동구,한식-육류/고기,왕십리,20141112,,37.5626966,127.032147,success,성동구,R,전통시장,"3130065",무학봉상점가,202706,451363,"11200",성동구,"11200520",왕십리2동,69338
84C667217B,서울 성동구 왕십리로 355,시골****,,서울 성동구,한식-해물/생선,왕십리,20130104,,37.5637017,127.0304995,success,성동구,R,전통시장,"3130065",무학봉상점가,202706,451363,"11200",성동구,"11200520",왕십리2동,69338
80652DABB6,서울 성동구 무학봉15길 20,종가**,,서울 성동구,떡/한과 제조,왕십리,20080711,,37.5629507,127.0309295,success,성동구,R,전통시장,"3130065",무학봉상점가,202706,451363,"11200",성동구,"11200520",왕십리2동,69338
B0A495C967,서울 성동구 무학봉15길 8.,교촌*********,치킨6,서울 성동구,치킨,왕십리,20121129,,37.561897,127.0308773,success,성동구,R,전통시장,"3130065",무학봉상점가,202706,451363,"11200",성동구,"11200520",왕십리2동,69338
B1EF04652A,서울 성동구 무학봉16길 1.,명*,,서울 성동구,한식-육류/고기,왕십리,20140514,,37.5613714,127.0313548,success,성동구,R,전통시장,"3130065",무학봉상점가,202706,451363,"11200",성동구,"11200520",왕십리2동,69338
1C943E0E39,서울 성동구 무학봉길 58-1,우리***,,서울 성동구,축산물,,20080731,,37.5605594,127.0292252,success,성동구,R,전통시장,"3130065",무학봉상점가,202706,451363,"11200",성동구,"11200520",왕십리2동,69338
BC73C4C3E0,서울 성동구 무학봉15가길 1,전주**,,서울 성동구,백반/가정식,왕십리,20021104,,37.5614921,127.030862,success,성동구,R,전통시장,"3130065",무학봉상점가,202706,451363,"11200",성동구,"11200520",왕십리2동,69338
8E3ACDFC79,서울 성동구 무학봉15길 26.,산고****,,서울 성동구,한식-국수/만두,왕십리,20150511,,37.563369,127.0304757,success,성동구,R,전통시장,"3130065",무학봉상점가,202706,451363,"11200",성동구,"11200520",왕십리2동,69338
BFA2953286,서울 성동구 무학봉25길 20.,여러**********,,서울 성동구,일식-덮밥/돈가스,왕십리,20240228,,37.5634326,127.0311979,success,성동구,R,전통시장,"3130065",무학봉상점가,202706,451363,"11200",성동구,"11200520",왕십리2동,69338
462A0062E2,서울 성동구 무학봉길 64-4.,일*,,서울 성동구,중식당,,20130926,,37.5605975,127.0296931,success,성동구,R,전통시장,"3130065",무학봉상점가,202706,451363,"11200",성동구,"11200520",왕십리2동,69338
CA5307D30A,서울 성동구 무학봉길 93-1.,포레**,,서울 성동구,카페,왕십리,20150730,,37.5624406,127.0320426,success,성동구,R,전통시장,"3130065",무학봉상점가,202706,451363,"11200",성동구,"11200520",왕십리2동,69338
5FC828374B,서울 성동구 무학봉15가길 7.,한마***,,서울 성동구,한식-육류/고기,,20110418,,37.5610984,127.0302925,success,성동구,R,전통시장,"3130065",무학봉상점가,202706,451363,"11200",성동구,"11200520",왕십리2동,69338
B94F386154,서울 성동구 무학봉15길 11-1,장수***,,서울 성동구,건강원,왕십리,20080813,,37.5622857,127.0306864,success,성동구,R,전통시장,"3130065",무학봉상점가,202706,451363,"11200",성동구,"11200520",왕십리2동,69338
3AF3906E1E,서울특별시 성동구 무학봉길 57,슐스*****,,서울 성동구,카페,,20230328,,37.5606985,127.0292034,success,성동구,R,전통시장,"3130065",무학봉상점가,202706,451363,"11200",성동구,"11200520",왕십리2동,69338
A2ECEC9C8C,서울특별시 성동구 무학봉길 67,대명****,,서울 성동구,축산물,,20240809,,37.5609943,127.0301589,success,성동구,R,전통시장,"3130065",무학봉상점가,202706,451363,"11200",성동구,"11200520",왕십리2동,69338
6FABF4670F,서울특별시 성동구 무학봉길 67,대명****,,서울 성동구,한식-육류/고기,,20240812,,37.5609943,127.0301589,success,성동구,R,전통시장,"3130065",무학봉상점가,202706,451363,"11200",성동구,"11200520",왕십리2동,69338
90A64A1805,서울특별시 성동구 무학봉길 82,무프*****,,서울 성동구,베이커리,왕십리,20241206,,37.5615127,127.0315121,success,성동구,R,전통시장,"3130065",무학봉상점가,202706,451363,"11200",성동구,"11200520",왕십리2동,69338
5890F473D8,서울특별시 성동구 무학봉길 83,한끼**,,서울 성동구,백반/가정식,왕십리,20230706,,37.5617569,127.031481,success,성동구,R,전통시장,"3130065",무학봉상점가,202706,451363,"11200",성동구,"11200520",왕십리2동,69338
"02B146CDF2",서울특별시 성동구 무학봉길 83,한식**,,서울 성동구,백반/가정식,왕십리,20230706,,37.5617569,127.031481,success,성동구,R,전통시장,"3130065",무학봉상점가,202706,451363,"11200",성동구,"11200520",왕십리2동,69338
62AC8476D3,서울특별시 성동구 무학봉길 87,삼호***,,서울 성동구,건강원,왕십리,20180214,,37.5619996,127.0317677,success,성동구,R,전통시장,"3130065",무학봉상점가,202706,451363,"11200",성동구,"11200520",왕십리2동,69338
820A26A28C,서울특별시 성동구 무학봉길 93,국대**,,서울 성동구,한식-육류/고기,왕십리,20241008,,37.5625982,127.0321227,success,성동구,R,전통시장,"3130065",무학봉상점가,202706,451363,"11200",성동구,"11200520",왕십리2동,69338
48A320941A,서울특별시 성동구 무학봉길 97,육*,,서울 성동구,한식-육류/고기,왕십리,20241021,,37.5627707,127.0322126,success,성동구,R,전통시장,"3130065",무학봉상점가,202706,451363,"11200",성동구,"11200520",왕십리2동,69338
"09F834CF4D",서울특별시 성동구 무학봉15길 6,송하*,,서울 성동구,한식-육류/고기,왕십리,20171201,,37.5627009,127.0304065,success,성동구,R,전통시장,"3130065",무학봉상점가,202706,451363,"11200",성동구,"11200520",왕십리2동,69338
14DA1400F7,서울특별시 성동구 무학봉15길 8,비타***********,,서울 성동구,건강식품,왕십리,20230707,,37.561897,127.0308773,success,성동구,R,전통시장,"3130065",무학봉상점가,202706,451363,"11200",성동구,"11200520",왕십리2동,69338
E5A898ED0C,서울특별시 성동구 무학봉16길 3,평강****,,서울 성동구,한식-육류/고기,왕십리,20231120,,37.5611261,127.0316372,success,성동구,R,전통시장,"3130065",무학봉상점가,202706,451363,"11200",성동구,"11200520",왕십리2동,69338
B528BA693F,서울특별시 성동구 무학봉16길 3,렉(****,,서울 성동구,한식-단품요리일반,왕십리,20231006,,37.5611261,127.0316372,success,성동구,R,전통시장,"3130065",무학봉상점가,202706,451363,"11200",성동구,"11200520",왕십리2동,69338
B615F252E2,서울특별시 성동구 무학봉21길 9,메이******,,서울 성동구,베이커리,왕십리,20230407,,37.5622663,127.0309184,success,성동구,R,전통시장,"3130065",무학봉상점가,202706,451363,"11200",성동구,"11200520",왕십리2동,69338
9A9ADB69FB,서울특별시 성동구 왕십리로 343,미닛*****,,서울 성동구,카페,왕십리,20230418,,37.5631293,127.031782,success,성동구,R,전통시장,"3130065",무학봉상점가,202706,451363,"11200",성동구,"11200520",왕십리2동,69338
CB3797D731,서울특별시 성동구 왕십리로 345,일일*,중식당4,서울 성동구,중식당,왕십리,20210908,,37.5632065,127.0315547,success,성동구,R,전통시장,"3130065",무학봉상점가,202706,451363,"11200",성동구,"11200520",왕십리2동,69338
4EE6193540,서울특별시 성동구 왕십리로 347,커피***,,서울 성동구,커피전문점,왕십리,20170919,,37.5633617,127.0312308,success,성동구,R,전통시장,"3130065",무학봉상점가,202706,451363,"11200",성동구,"11200520",왕십리2동,69338
A869CB21ED,서울특별시 성동구 왕십리로 347,홍고*****,,서울 성동구,한식-육류/고기,왕십리,20221031,,37.5633617,127.0312308,success,성동구,R,전통시장,"3130065",무학봉상점가,202706,451363,"11200",성동구,"11200520",왕십리2동,69338
A88E00AF74,서울특별시 성동구 왕십리로 355,파리***********,베이커리10,서울 성동구,베이커리,왕십리,20180319,,37.5637017,127.0304995,success,성동구,R,전통시장,"3130065",무학봉상점가,202706,451363,"11200",성동구,"11200520",왕십리2동,69338
"0576F5F42A",서울특별시 성동구 무학봉15길 12,멜스**,,서울 성동구,식료품,왕십리,20170215,,37.562166,127.0308741,success,성동구,R,전통시장,"3130065",무학봉상점가,202706,451363,"11200",성동구,"11200520",왕십리2동,69338
8AD6B5D807,서울특별시 성동구 무학봉15길 14,꾸브*********,,서울 성동구,치킨,왕십리,20201127,,37.5624298,127.0308578,success,성동구,R,전통시장,"3130065",무학봉상점가,202706,451363,"11200",성동구,"11200520",왕십리2동,69338
FEB83042A5,서울특별시 성동구 무학봉15길 20,BL******,,서울 성동구,카페,왕십리,20211029,,37.5629507,127.0309295,success,성동구,R,전통시장,"3130065",무학봉상점가,202706,451363,"11200",성동구,"11200520",왕십리2동,69338
50CA101871,서울특별시 성동구 무학봉15길 24,두번*****,,서울 성동구,마카롱,왕십리,20190527,,37.56327,127.0305111,success,성동구,R,전통시장,"3130065",무학봉상점가,202706,451363,"11200",성동구,"11200520",왕십리2동,69338
3ADF083472,서울특별시 성동구 무학봉15길 28,큐브**,,서울 성동구,백반/가정식,,20240903,,37.5634692,127.0303655,success,성동구,R,전통시장,"3130065",무학봉상점가,202706,451363,"11200",성동구,"11200520",왕십리2동,69338
A1546D188A,서울특별시 성동구 무학봉15길 28,한우*,,서울 성동구,한식-육류/고기,,20241024,,37.5634692,127.0303655,success,성동구,R,전통시장,"3130065",무학봉상점가,202706,451363,"11200",성동구,"11200520",왕십리2동,69338
827A8265A3,서울특별시 성동구 무학봉21길 11,삼척*******,,서울 성동구,분식,왕십리,20230717,,37.5623557,127.030846,success,성동구,R,전통시장,"3130065",무학봉상점가,202706,451363,"11200",성동구,"11200520",왕십리2동,69338
4B5CD08E49,서울특별시 성동구 무학봉길 54-1,큰집***,치킨34,서울 성동구,치킨,,20180611,,37.5604922,127.0288157,success,성동구,R,전통시장,"3130065",무학봉상점가,202706,451363,"11200",성동구,"11200520",왕십리2동,69338
D45A8799DB,서울특별시 성동구 무학봉길 54-1,청년******,피자6,서울 성동구,피자,,20240617,,37.5604922,127.0288157,success,성동구,R,전통시장,"3130065",무학봉상점가,202706,451363,"11200",성동구,"11200520",왕십리2동,69338
4B06EC5432,서울특별시 성동구 무학봉길 54-1,싱싱****,,서울 성동구,농산물,,20200603,,37.5604922,127.0288157,success,성동구,R,전통시장,"3130065",무학봉상점가,202706,451363,"11200",성동구,"11200520",왕십리2동,69338
D2C222F8FA,서울특별시 성동구 무학봉길 64-4,청담*,,서울 성동구,반찬,,20210209,,37.5605975,127.0296931,success,성동구,R,전통시장,"3130065",무학봉상점가,202706,451363,"11200",성동구,"11200520",왕십리2동,69338
86D853E501,서울특별시 성동구 무학봉길 64-4,아이***,,서울 성동구,식료품,,20200731,,37.5605975,127.0296931,success,성동구,R,전통시장,"3130065",무학봉상점가,202706,451363,"11200",성동구,"11200520",왕십리2동,69338
ADFA98CFBF,서울특별시 성동구 무학봉길 65-2,해늘**,,서울 성동구,분식,,20220708,,37.5609192,127.0300284,success,성동구,R,전통시장,"3130065",무학봉상점가,202706,451363,"11200",성동구,"11200520",왕십리2동,69338
2D948AFFC9,서울특별시 성동구 무학봉길 97-1,왕십******,,서울 성동구,한식-단품요리일반,왕십리,20220603,,37.562837,127.0322703,success,성동구,R,전통시장,"3130065",무학봉상점가,202706,451363,"11200",성동구,"11200520",왕십리2동,69338
727C56F5CD,서울특별시 성동구 무학봉15가길 4,달*,,서울 성동구,동남아/인도음식,,20230503,,37.561534,127.030687,success,성동구,R,전통시장,"3130065",무학봉상점가,202706,451363,"11200",성동구,"11200520",왕십리2동,69338
33E070A5FE,서울특별시 성동구 무학봉15가길 7,한국**,,서울 성동구,청과물,,20180907,,37.5610984,127.0302925,success,성동구,R,전통시장,"3130065",무학봉상점가,202706,451363,"11200",성동구,"11200520",왕십리2동,69338
1ADFDEE86A,서울특별시 성동구 무학봉15다길 2,왕십***,,서울 성동구,치킨,왕십리,20181224,,37.5624458,127.0306559,success,성동구,R,전통시장,"3130065",무학봉상점가,202706,451363,"11200",성동구,"11200520",왕십리2동,69338
9B74A58D26,서울특별시 성동구 무학봉15다길 4,스멜*,,서울 성동구,베이커리,왕십리,20210813,,37.5623132,127.030564,success,성동구,R,전통시장,"3130065",무학봉상점가,202706,451363,"11200",성동구,"11200520",왕십리2동,69338
6FB12F3636,서울특별시 성동구 무학봉15다길 4,째깐********,,서울 성동구,커피전문점,왕십리,20230328,,37.5623132,127.030564,success,성동구,R,전통시장,"3130065",무학봉상점가,202706,451363,"11200",성동구,"11200520",왕십리2동,69338
B34F7214E8,서울특별시 성동구 무학봉15길 10-1,감*,,서울 성동구,요리주점,왕십리,20231010,,37.5620661,127.0309536,success,성동구,R,전통시장,"3130065",무학봉상점가,202706,451363,"11200",성동구,"11200520",왕십리2동,69338
36A2BCEFD8,서울특별시 성동구 무학봉15길 17-1,비노**,,서울 성동구,주류,왕십리,20230612,,37.5628708,127.0306063,success,성동구,R,전통시장,"3130065",무학봉상점가,202706,451363,"11200",성동구,"11200520",왕십리2동,69338
D57855D6EF,서울특별시 성동구 무학봉15길 17-1,르미**,,서울 성동구,카페,왕십리,20220705,,37.5628708,127.0306063,success,성동구,R,전통시장,"3130065",무학봉상점가,202706,451363,"11200",성동구,"11200520",왕십리2동,69338
D2863D50C7,서울특별시 성동구 무학봉15길 26-1,혼밥**,,서울 성동구,백반/가정식,왕십리,20211209,,37.5635246,127.0304686,success,성동구,R,전통시장,"3130065",무학봉상점가,202706,451363,"11200",성동구,"11200520",왕십리2동,69338
BFD597B479,서울특별시 성동구 무학봉15길 26-1,한사**********,,서울 성동구,한식-국밥/설렁탕,왕십리,20230417,,37.5635246,127.0304686,success,성동구,R,전통시장,"3130065",무학봉상점가,202706,451363,"11200",성동구,"11200520",왕십리2동,69338
"099CBF2425",서울특별시 성동구 무학봉15길 26-1,한사**********,,서울 성동구,한식-단품요리일반,왕십리,20190925,20230417,37.5635246,127.0304686,success,성동구,R,전통시장,"3130065",무학봉상점가,202706,451363,"11200",성동구,"11200520",왕십리2동,69338
6BE89B7997,서울특별시 성동구 무학봉15길 26-1,모두*******,,서울 성동구,한식-단품요리일반,왕십리,20240924,,37.5635246,127.0304686,success,성동구,R,전통시장,"3130065",무학봉상점가,202706,451363,"11200",성동구,"11200520",왕십리2동,69338
222AB6560E,서울특별시 성동구 무학봉15길 28-1,겸*,,서울 성동구,일식당,,20220602,,37.5635911,127.0303618,success,성동구,R,전통시장,"3130065",무학봉상점가,202706,451363,"11200",성동구,"11200520",왕십리2동,69338
338FA09E06,서울특별시 성동구 무학봉15길 28-1,전과**,,서울 성동구,요리주점,,20200608,,37.5635911,127.0303618,success,성동구,R,전통시장,"3130065",무학봉상점가,202706,451363,"11200",성동구,"11200520",왕십리2동,69338
FCCA295301,서울특별시 성동구 무학봉길 53-1,비비***,치킨2,서울 성동구,치킨,,20221117,,37.5606663,127.0288029,success,성동구,R,전통시장,"3130065",무학봉상점가,202706,451363,"11200",성동구,"11200520",왕십리2동,69338
"0400611A92",서울 성동구 마장로 199,겨울**,,서울 성동구,백반/가정식,,20131031,,37.5667068,127.0319463,success,성동구,A,골목상권,"3110114",왕십리파출소,202776,451985,"11200",성동구,"11200535",왕십리도선동,27058
3CAACEBFFD,서울 성동구 무학로 36.,한국***,,서울 성동구,백반/가정식,,20140217,,37.567442,127.0303377,success,성동구,A,골목상권,"3110114",왕십리파출소,202776,451985,"11200",성동구,"11200535",왕십리도선동,27058
A0FFF7EBFF,서울 성동구 마장로 185.,태평***,,서울 성동구,일식당,,20141229,,37.5669303,127.0304407,success,성동구,A,골목상권,"3110114",왕십리파출소,202776,451985,"11200",성동구,"11200535",왕십리도선동,27058
D87C249A76,서울 성동구 무학로12길 13,특우*,,서울 성동구,한식-육류/고기,,19971006,,37.5672114,127.0318037,success,성동구,A,골목상권,"3110114",왕십리파출소,202776,451985,"11200",성동구,"11200535",왕십리도선동,27058
B8F11300C9,서울특별시 성동구 마장로 187,케이***,,서울 성동구,카페,,20221129,,37.5668617,127.0307589,success,성동구,A,골목상권,"3110114",왕십리파출소,202776,451985,"11200",성동구,"11200535",왕십리도선동,27058
123EF86057,서울특별시 성동구 마장로 187-2,돈대*,,서울 성동구,호프/맥주,,20200825,,37.5668681,127.0306327,success,성동구,A,골목상권,"3110114",왕십리파출소,202776,451985,"11200",성동구,"11200535",왕십리도선동,27058
2D56DC79C1,서울특별시 성동구 마장로23길 7,처갓*********,치킨30,서울 성동구,치킨,,20190129,20230515,37.567237,127.0320858,success,성동구,A,골목상권,"3110114",왕십리파출소,202776,451985,"11200",성동구,"11200535",왕십리도선동,27058
F439455087,서울특별시 성동구 마장로23길 7,처갓**********,치킨30,서울 성동구,치킨,,20230515,20241028,37.567237,127.0320858,success,성동구,A,골목상권,"3110114",왕십리파출소,202776,451985,"11200",성동구,"11200535",왕십리도선동,27058
4CE99C7D02,서울특별시 성동구 마장로23길 7,처갓**********,치킨30,서울 성동구,치킨,,20241028,,37.567237,127.0320858,success,성동구,A,골목상권,"3110114",왕십리파출소,202776,451985,"11200",성동구,"11200535",왕십리도선동,27058
D2392DB08D,서울특별시 성동구 마장로23길 7,마장*******,,서울 성동구,한식-감자탕,,20190513,,37.567237,127.0320858,success,성동구,A,골목상권,"3110114",왕십리파출소,202776,451985,"11200",성동구,"11200535",왕십리도선동,27058
B9FF00B43A,서울특별시 성동구 무학로12길 2,얼음*****************,,서울 성동구,아이스크림/빙수,,20240813,,37.5671725,127.0303362,success,성동구,A,골목상권,"3110114",왕십리파출소,202776,451985,"11200",성동구,"11200535",왕십리도선동,27058
5126178CAE,서울특별시 성동구 무학로14길 6,다올**,,서울 성동구,떡/한과,,20240402,,37.5674963,127.0308529,success,성동구,A,골목상권,"3110114",왕십리파출소,202776,451985,"11200",성동구,"11200535",왕십리도선동,27058
E606947836,서울 성동구 홍익동,정*,,서울 성동구,중식당,왕십리,20150918,,37.5664906,127.0323483,success,성동구,A,골목상권,"3110115",상왕십리역 3번,202799,451762,"11200",성동구,"11200535",왕십리도선동,80878
E863289A7D,서울 성동구 홍익동,조은**,,서울 성동구,한식-단품요리일반,,20150116,,37.5664906,127.0323483,success,성동구,A,골목상권,"3110115",상왕십리역 3번,202799,451762,"11200",성동구,"11200535",왕십리도선동,80878
66A39F4442,서울  성동구  홍익동,정은****,,서울 성동구,한식-육류/고기,왕십리,20100408,,37.5664906,127.0323483,success,성동구,A,골목상권,"3110115",상왕십리역 3번,202799,451762,"11200",성동구,"11200535",왕십리도선동,80878
3E96264C22,서울  성동구  홍익동,맛나**,,서울 성동구,한식-찌개/전골,왕십리,20060216,,37.5664906,127.0323483,success,성동구,A,골목상권,"3110115",상왕십리역 3번,202799,451762,"11200",성동구,"11200535",왕십리도선동,80878
8ABD74319E,서울 성동구 무학로 8,70******,,서울 성동구,룸살롱/단란주점,,20151116,,37.5647324,127.0304397,success,성동구,A,골목상권,"3110115",상왕십리역 3번,202799,451762,"11200",성동구,"11200535",왕십리도선동,80878
43F46BD63A,서울 성동구 마장로 192,수원**,,서울 성동구,한식-육류/고기,,20130605,,37.5664972,127.0309864,success,성동구,A,골목상권,"3110115",상왕십리역 3번,202799,451762,"11200",성동구,"11200535",왕십리도선동,80878
69013447B1,서울 성동구 무학로 10.,냉삼*********,,서울 성동구,한식-육류/고기,,20210420,,37.5650197,127.0303891,success,성동구,A,골목상권,"3110115",상왕십리역 3번,202799,451762,"11200",성동구,"11200535",왕십리도선동,80878
BE646F48C4,서울  성동구  무학로8길,카페***,,서울 성동구,카페,왕십리,20140627,,37.5654544,127.0333245,success,성동구,A,골목상권,"3110115",상왕십리역 3번,202799,451762,"11200",성동구,"11200535",왕십리도선동,80878
45653EE08D,서울 성동구 무학로 10-1,케이****,,서울 성동구,베이커리,,20200925,,37.5650876,127.0302886,success,성동구,A,골목상권,"3110115",상왕십리역 3번,202799,451762,"11200",성동구,"11200535",왕십리도선동,80878
F5B18447D1,서울 성동구 무학로6길 5,고향**,,서울 성동구,백반/가정식,,20081208,,37.5654581,127.0307248,success,성동구,A,골목상권,"3110115",상왕십리역 3번,202799,451762,"11200",성동구,"11200535",왕십리도선동,80878
4E530BFB48,서울 성동구 무학로 20-1.,치킨***,,서울 성동구,호프/맥주,,20160704,,37.5659371,127.0302752,success,성동구,A,골목상권,"3110115",상왕십리역 3번,202799,451762,"11200",성동구,"11200535",왕십리도선동,80878
5B33B06965,서울 성동구 무학로6길 29,진성**,,서울 성동구,농산물,왕십리,20130611,,37.5651418,127.0334348,success,성동구,A,골목상권,"3110115",상왕십리역 3번,202799,451762,"11200",성동구,"11200535",왕십리도선동,80878
CD4571800C,서울 성동구 마장로 202-1.,유*,,서울 성동구,카페,,20121019,,37.566402,127.0322282,success,성동구,A,골목상권,"3110115",상왕십리역 3번,202799,451762,"11200",성동구,"11200535",왕십리도선동,80878
894B24DE7E,서울 성동구 무학로6길 18.,마산***,,서울 성동구,한식-해물/생선,왕십리,20160919,,37.5651231,127.031957,success,성동구,A,골목상권,"3110115",상왕십리역 3번,202799,451762,"11200",성동구,"11200535",왕십리도선동,80878
2E5E8F46A2,서울 성동구 무학로6길 26.,커피****************,,서울 성동구,커피전문점,왕십리,20160708,,37.5650347,127.032871,success,성동구,A,골목상권,"3110115",상왕십리역 3번,202799,451762,"11200",성동구,"11200535",왕십리도선동,80878
E822E1A8E9,서울 성동구 왕십리로 362.,마시***,,서울 성동구,호프/맥주,,20121025,,37.5643523,127.0303051,success,성동구,A,골목상권,"3110115",상왕십리역 3번,202799,451762,"11200",성동구,"11200535",왕십리도선동,80878
305E16DCD0,서울 성동구 왕십리로28길 5,양자*,,서울 성동구,중식당,왕십리,20081014,,37.5642898,127.0314651,success,성동구,A,골목상권,"3110115",상왕십리역 3번,202799,451762,"11200",성동구,"11200535",왕십리도선동,80878
EED0404EC2,서울 성동구 왕십리로30길 8,자연*****,,서울 성동구,농산물,,20160504,,37.5654991,127.0307651,success,성동구,A,골목상권,"3110115",상왕십리역 3번,202799,451762,"11200",성동구,"11200535",왕십리도선동,80878
C46428C39E,서울 성동구 왕십리로 350-1.,하늘****,,서울 성동구,농산물,왕십리,20160823,,37.563823,127.0311511,success,성동구,A,골목상권,"3110115",상왕십리역 3번,202799,451762,"11200",성동구,"11200535",왕십리도선동,80878
1B4D60A004,서울 성동구 왕십리로28길 12,만물**,,서울 성동구,식료품,왕십리,20160729,,37.5646835,127.031849,success,성동구,A,골목상권,"3110115",상왕십리역 3번,202799,451762,"11200",성동구,"11200535",왕십리도선동,80878
FEC2FCF4DA,서울특별시 성동구 무학로 22,이디***********,커피전문점6,서울 성동구,커피전문점,,20191126,,37.5660798,127.0303129,success,성동구,A,골목상권,"3110115",상왕십리역 3번,202799,451762,"11200",성동구,"11200535",왕십리도선동,80878
7EB27EF0B4,서울특별시 성동구 무학로 26,화수*****,,서울 성동구,베이커리,,20170706,,37.5664893,127.0302971,success,성동구,A,골목상권,"3110115",상왕십리역 3번,202799,451762,"11200",성동구,"11200535",왕십리도선동,80878
F03D2DB87E,서울 성동구 왕십리로30길 13.,백선************,,서울 성동구,한식-단품요리일반,,20220727,,37.5655539,127.030725,success,성동구,A,골목상권,"3110115",상왕십리역 3번,202799,451762,"11200",성동구,"11200535",왕십리도선동,80878
86D0C43DB4,서울특별시 성동구 마장로 200,농심**,,서울 성동구,농산물,,20220809,,37.5663911,127.0318724,success,성동구,A,골목상권,"3110115",상왕십리역 3번,202799,451762,"11200",성동구,"11200535",왕십리도선동,80878
F1071108E7,서울특별시 성동구 마장로 216,전여******,,서울 성동구,일식당,왕십리,20230731,,37.5662281,127.033776,success,성동구,A,골목상권,"3110115",상왕십리역 3번,202799,451762,"11200",성동구,"11200535",왕십리도선동,80878
"0BEDDE7AF8",서울특별시 성동구 마장로 216,전여*,,서울 성동구,한식-단품요리일반,왕십리,20211228,,37.5662281,127.033776,success,성동구,A,골목상권,"3110115",상왕십리역 3번,202799,451762,"11200",성동구,"11200535",왕십리도선동,80878
E43552CFFF,서울특별시 성동구 무학로 8-1,40***,,서울 성동구,분식,,20211008,,37.5648385,127.0303004,success,성동구,A,골목상권,"3110115",상왕십리역 3번,202799,451762,"11200",성동구,"11200535",왕십리도선동,80878
9218EE2A57,서울특별시 성동구 무학로 8-3,챔스*********,,서울 성동구,카페,,20220224,,37.564927,127.0303244,success,성동구,A,골목상권,"3110115",상왕십리역 3번,202799,451762,"11200",성동구,"11200535",왕십리도선동,80878
DF809D8AFF,서울특별시 성동구 무학로 12-1,비지***********,,서울 성동구,베이커리,,20240227,,37.5652782,127.0302953,success,성동구,A,골목상권,"3110115",상왕십리역 3번,202799,451762,"11200",성동구,"11200535",왕십리도선동,80878
402132957B,서울특별시 성동구 무학로 16-1,신전*************,분식12,서울 성동구,분식,,20230612,,37.5656063,127.0303207,success,성동구,A,골목상권,"3110115",상왕십리역 3번,202799,451762,"11200",성동구,"11200535",왕십리도선동,80878
C1C5F1B907,서울특별시 성동구 무학로 20-5,정가***,,서울 성동구,백반/가정식,,20171128,,37.5659385,127.0303585,success,성동구,A,골목상권,"3110115",상왕십리역 3번,202799,451762,"11200",성동구,"11200535",왕십리도선동,80878
C4A3CC1A88,서울특별시 성동구 무학로2길 7,보다**,,서울 성동구,한식-단품요리일반,왕십리,20200616,,37.5644472,127.0310639,success,성동구,A,골목상권,"3110115",상왕십리역 3번,202799,451762,"11200",성동구,"11200535",왕십리도선동,80878
50FC72558D,서울특별시 성동구 무학로6길 4,카페***,,서울 성동구,카페,,20181211,,37.5653058,127.0305417,success,성동구,A,골목상권,"3110115",상왕십리역 3번,202799,451762,"11200",성동구,"11200535",왕십리도선동,80878
9749F65AAB,서울특별시 성동구 무학로6길 7,샌드**,,서울 성동구,한식-단품요리일반,,20241127,,37.5654134,127.0309536,success,성동구,A,골목상권,"3110115",상왕십리역 3번,202799,451762,"11200",성동구,"11200535",왕십리도선동,80878
67309EAD75,서울 성동구 왕십리로28길 28-1.,떡세*,,서울 성동구,백반/가정식,,20201005,,37.5661503,127.0320918,success,성동구,A,골목상권,"3110115",상왕십리역 3번,202799,451762,"11200",성동구,"11200535",왕십리도선동,80878
C2A4BBE3AF,서울특별시 성동구 마장로 192-1,태양*****,,서울 성동구,룸살롱/단란주점,,20241127,,37.5665206,127.0311587,success,성동구,A,골목상권,"3110115",상왕십리역 3번,202799,451762,"11200",성동구,"11200535",왕십리도선동,80878
E08EC54D85,서울특별시 성동구 마장로 204-1,청춘********,,서울 성동구,한식-육류/고기,,20220623,,37.5663726,127.0324382,success,성동구,A,골목상권,"3110115",상왕십리역 3번,202799,451762,"11200",성동구,"11200535",왕십리도선동,80878
282DE0EEF4,서울특별시 성동구 무학로2길 11,왕십******,,서울 성동구,한식-육류/고기,왕십리,20231023,,37.564358,127.031287,success,성동구,A,골목상권,"3110115",상왕십리역 3번,202799,451762,"11200",성동구,"11200535",왕십리도선동,80878
3FE6E9531A,서울특별시 성동구 무학로6길 25,원제**,,서울 성동구,축산물,왕십리,20200521,,37.5651791,127.0331416,success,성동구,A,골목상권,"3110115",상왕십리역 3번,202799,451762,"11200",성동구,"11200535",왕십리도선동,80878
B17C13DDBE,서울특별시 성동구 무학로6길 33,82****,,서울 성동구,양식,왕십리,20230327,,37.5650939,127.0337937,success,성동구,A,골목상권,"3110115",상왕십리역 3번,202799,451762,"11200",성동구,"11200535",왕십리도선동,80878
259546987D,서울특별시 성동구 무학로6길 33,82*****,,서울 성동구,백반/가정식,왕십리,20230816,,37.5650939,127.0337937,success,성동구,A,골목상권,"3110115",상왕십리역 3번,202799,451762,"11200",성동구,"11200535",왕십리도선동,80878
3181D01F3F,서울특별시 성동구 왕십리로 358,상왕****,,서울 성동구,담배,왕십리,20201015,,37.5640905,127.0305973,success,성동구,A,골목상권,"3110115",상왕십리역 3번,202799,451762,"11200",성동구,"11200535",왕십리도선동,80878
BF08598BF2,서울특별시 성동구 무학로4길 4-1,에코****,,서울 성동구,수산물,왕십리,20190110,,37.564756,127.0312481,success,성동구,A,골목상권,"3110115",상왕십리역 3번,202799,451762,"11200",성동구,"11200535",왕십리도선동,80878
"0961D33241",서울특별시 성동구 무학로8길 28-1,까페*****************,,서울 성동구,카페,왕십리,20190910,,37.5653412,127.0339075,success,성동구,A,골목상권,"3110115",상왕십리역 3번,202799,451762,"11200",성동구,"11200535",왕십리도선동,80878
19DDC941DD,서울특별시 성동구 왕십리로30길 1,나능******,한식-육류/고기4,서울 성동구,한식-육류/고기,,20231122,,37.5645938,127.0307628,success,성동구,A,골목상권,"3110115",상왕십리역 3번,202799,451762,"11200",성동구,"11200535",왕십리도선동,80878
360AF1A8EC,서울특별시 성동구 왕십리로30길 4,국수**,,서울 성동구,한식-국수/만두,왕십리,20200623,,37.5646935,127.030971,success,성동구,A,골목상권,"3110115",상왕십리역 3번,202799,451762,"11200",성동구,"11200535",왕십리도선동,80878
6D3DAB1193,서울특별시 성동구 왕십리로28길 12,한아*,,서울 성동구,농산물,왕십리,20240312,,37.5646835,127.031849,success,성동구,A,골목상권,"3110115",상왕십리역 3번,202799,451762,"11200",성동구,"11200535",왕십리도선동,80878
DD3AD6FFFA,서울특별시 성동구 왕십리로28길 30,더블********,,서울 성동구,호프/맥주,,20200323,,37.566279,127.0321081,success,성동구,A,골목상권,"3110115",상왕십리역 3번,202799,451762,"11200",성동구,"11200535",왕십리도선동,80878
"0CF1A5859F",서울특별시 성동구 왕십리로30길 12,데일***,,서울 성동구,농산물,,20220418,,37.5655068,127.0309617,success,성동구,A,골목상권,"3110115",상왕십리역 3번,202799,451762,"11200",성동구,"11200535",왕십리도선동,80878
D6BA8B518B,서울특별시 성동구 왕십리로30길 2-1,보리**,,서울 성동구,백반/가정식,왕십리,20230314,,37.5646278,127.0309693,success,성동구,A,골목상권,"3110115",상왕십리역 3번,202799,451762,"11200",성동구,"11200535",왕십리도선동,80878
2B60980E98,서울 성동구 마장로29길 45,화성***,,서울 성동구,베이커리,마장동,20080130,,37.5700839,127.0367518,success,성동구,A,골목상권,"3110116",청계천박물관,203093,452318,"11200",성동구,"11200540",마장동,98083
ED3A70B3FF,서울 성동구 무학로14길 57.,마블**,,서울 성동구,축산물,마장동,20140324,,37.5696554,127.036032,success,성동구,A,골목상권,"3110116",청계천박물관,203093,452318,"11200",성동구,"11200540",마장동,98083
C15C0FAF26,서울특별시 성동구 마장로29길 45,제철********,,서울 성동구,청과물,마장동,20200429,,37.5700839,127.0367518,success,성동구,A,골목상권,"3110116",청계천박물관,203093,452318,"11200",성동구,"11200540",마장동,98083
998702EE5E,서울특별시 성동구 무학로14길 33,우나*,,서울 성동구,축산물,,20240822,,37.5685807,127.0337038,success,성동구,A,골목상권,"3110116",청계천박물관,203093,452318,"11200",성동구,"11200540",마장동,98083
CC35F3E6A1,서울 성동구 청계천로10다길 61-1.,가람**,,서울 성동구,축산물,마장동,20090619,,37.5699485,127.036735,success,성동구,A,골목상권,"3110116",청계천박물관,203093,452318,"11200",성동구,"11200540",마장동,98083
D6F0487E3E,서울특별시 성동구 청계천로10다길 1,가나**,,서울 성동구,축산물,,20220811,,37.5690809,127.0335697,success,성동구,A,골목상권,"3110116",청계천박물관,203093,452318,"11200",성동구,"11200540",마장동,98083
C7D707F1E2,서울특별시 성동구 청계천로10가길 38,고박*******,,서울 성동구,축산물,,20220811,,37.5705985,127.034343,success,성동구,A,골목상권,"3110116",청계천박물관,203093,452318,"11200",성동구,"11200540",마장동,98083
85630A8BAA,서울특별시 성동구 청계천로10나길 24,고기**,,서울 성동구,축산물,,20180129,,37.5696612,127.0343403,success,성동구,A,골목상권,"3110116",청계천박물관,203093,452318,"11200",성동구,"11200540",마장동,98083
EE7B25452C,서울특별시 성동구 청계천로10나길 33,본금***,,서울 성동구,축산물,,20240315,,37.5700403,127.0343581,success,성동구,A,골목상권,"3110116",청계천박물관,203093,452318,"11200",성동구,"11200540",마장동,98083
"09D2771DD5",서울특별시 성동구 청계천로10나길 56,신우****,,서울 성동구,축산물,마장동,20230519,,37.5703273,127.0358884,success,성동구,A,골목상권,"3110116",청계천박물관,203093,452318,"11200",성동구,"11200540",마장동,98083
CFA3039DF1,서울특별시 성동구 청계천로10다길 19,하*,,서울 성동구,축산물,,20170927,,37.5695326,127.0344354,success,성동구,A,골목상권,"3110116",청계천박물관,203093,452318,"11200",성동구,"11200540",마장동,98083
C30C25CDA5,서울특별시 성동구 청계천로10다길 24,누가**,,서울 성동구,축산물,,20210608,,37.5694384,127.0347358,success,성동구,A,골목상권,"3110116",청계천박물관,203093,452318,"11200",성동구,"11200540",마장동,98083
"7D29798181",서울특별시 성동구 청계천로10다길 61,마천*********,,서울 성동구,축산물,마장동,20171019,,37.5699647,127.03663,success,성동구,A,골목상권,"3110116",청계천박물관,203093,452318,"11200",성동구,"11200540",마장동,98083
295F1DE887,서울특별시 성동구 청계천로10가길 10-9,마장*********,,서울 성동구,한식-국밥/설렁탕,,20240130,,37.5697439,127.0334245,success,성동구,A,골목상권,"3110116",청계천박물관,203093,452318,"11200",성동구,"11200540",마장동,98083
667E63F3BC,서울특별시 성동구 청계천로12가길 6-24,금복**,,서울 성동구,식료품,,20190725,,37.5700403,127.0343581,success,성동구,A,골목상권,"3110116",청계천박물관,203093,452318,"11200",성동구,"11200540",마장동,98083
4A2D564D9B,서울특별시 성동구 청계천로12가길 75-3,브이****,,서울 성동구,룸살롱/단란주점,마장동,20201123,,37.5711236,127.0375699,success,성동구,A,골목상권,"3110116",청계천박물관,203093,452318,"11200",성동구,"11200540",마장동,98083
7D86CADAA6,서울특별시 성동구 청계천로10가길 10-13,제일***,,서울 성동구,축산물,,20210514,,37.5696676,127.0334649,success,성동구,A,골목상권,"3110116",청계천박물관,203093,452318,"11200",성동구,"11200540",마장동,98083
365914E11C,서울특별시 성동구 청계천로10가길 64-12,청계**,,서울 성동구,카페,,20210408,20230913,37.5710737,127.0355432,success,성동구,A,골목상권,"3110116",청계천박물관,203093,452318,"11200",성동구,"11200540",마장동,98083
71C48EDE85,서울특별시 성동구 청계천로10가길 64-12,청계**,,서울 성동구,카페,,20230913,,37.5710737,127.0355432,success,성동구,A,골목상권,"3110116",청계천박물관,203093,452318,"11200",성동구,"11200540",마장동,98083
3845CA9FE8,서울특별시 성동구 청계천로10다길 34-14,태민**,,서울 성동구,축산물,,20171208,,37.5694347,127.0352426,success,성동구,A,골목상권,"3110116",청계천박물관,203093,452318,"11200",성동구,"11200540",마장동,98083
665886A952,서울특별시 성동구 청계천로10가길 38,고박******,,서울 성동구,백반/가정식,,20220808,,37.5705985,127.034343,success,성동구,A,골목상권,"3110116",청계천박물관,203093,452318,"11200",성동구,"11200540",마장동,98083
E6AE130DD5,서울  성동구  마장로,마장*****,,서울 성동구,한식-육류/고기,,20111109,,37.567372,127.0349439,success,성동구,A,골목상권,"3110117",성동구보건소,203124,451949,"11200",성동구,"11200540",마장동,49735
571F96C27E,서울 성동구 마장로 223,김밥**,분식4,서울 성동구,분식,왕십리,20080619,,37.5664575,127.0346645,success,성동구,A,골목상권,"3110117",성동구보건소,203124,451949,"11200",성동구,"11200540",마장동,49735
C18835BA2E,서울 성동구 마장로 227,달리***,,서울 성동구,포장마차,왕십리,20050701,,37.5663498,127.0350825,success,성동구,A,골목상권,"3110117",성동구보건소,203124,451949,"11200",성동구,"11200540",마장동,49735
40F6DE923B,서울 성동구 마장로 223.,야미*,,서울 성동구,치킨,왕십리,20151007,,37.5664575,127.0346645,success,성동구,A,골목상권,"3110117",성동구보건소,203124,451949,"11200",성동구,"11200540",마장동,49735
64AC3356A0,서울 성동구 마장로 231.,목포**,,서울 성동구,백반/가정식,왕십리,20110413,,37.566294,127.035536,success,성동구,A,골목상권,"3110117",성동구보건소,203124,451949,"11200",성동구,"11200540",마장동,49735
6D320602C6,서울 성동구 마장로27길 2,삼겹****,,서울 성동구,한식-육류/고기,왕십리,20110221,,37.5664684,127.0350149,success,성동구,A,골목상권,"3110117",성동구보건소,203124,451949,"11200",성동구,"11200540",마장동,49735
BFA11D536A,서울 성동구 마장로27길 6,풀코*,,서울 성동구,호프/맥주,,20040420,,37.5667207,127.0346311,success,성동구,A,골목상권,"3110117",성동구보건소,203124,451949,"11200",성동구,"11200540",마장동,49735
7638584FB7,서울 성동구 고산자로 297.,왕십*********,,서울 성동구,치킨,왕십리,20201006,,37.5663948,127.0361279,success,성동구,A,골목상권,"3110117",성동구보건소,203124,451949,"11200",성동구,"11200540",마장동,49735
DDAA9A9275,서울 성동구 마장로27길 11.,용두**,,서울 성동구,축산물,,20160812,,37.5671251,127.0339769,success,성동구,A,골목상권,"3110117",성동구보건소,203124,451949,"11200",성동구,"11200540",마장동,49735
E3298570A2,서울특별시 성동구 마장로 235,25***,,서울 성동구,호프/맥주,왕십리,20200709,,37.5663948,127.0361279,success,성동구,A,골목상권,"3110117",성동구보건소,203124,451949,"11200",성동구,"11200540",마장동,49735
2F35E163EB,서울 성동구 마장로27가길 27-6.,촬*,,서울 성동구,한식-육류/고기,,20090427,,37.5669552,127.0364332,success,성동구,A,골목상권,"3110117",성동구보건소,203124,451949,"11200",성동구,"11200540",마장동,49735
1ED630331D,서울 성동구 마장로27가길 27-6.,송가******,,서울 성동구,한식-육류/고기,,20130130,,37.5669552,127.0364332,success,성동구,A,골목상권,"3110117",성동구보건소,203124,451949,"11200",성동구,"11200540",마장동,49735
"3573438877",서울특별시 성동구 고산자로 297,문토******,,서울 성동구,이자카야,왕십리,20241122,,37.5663948,127.0361279,success,성동구,A,골목상권,"3110117",성동구보건소,203124,451949,"11200",성동구,"11200540",마장동,49735
FA5BFF2F5E,서울특별시 성동구 고산자로 297,한우**,,서울 성동구,한식-육류/고기,왕십리,20230607,,37.5663948,127.0361279,success,성동구,A,골목상권,"3110117",성동구보건소,203124,451949,"11200",성동구,"11200540",마장동,49735
ED7C41B517,서울특별시 성동구 고산자로 297,왕십****,,서울 성동구,한식-육류/고기,왕십리,20231108,,37.5663948,127.0361279,success,성동구,A,골목상권,"3110117",성동구보건소,203124,451949,"11200",성동구,"11200540",마장동,49735
6384E450BD,서울특별시 성동구 고산자로 299,조교**,,서울 성동구,한식뷔페,왕십리,20240403,,37.5663948,127.0361279,success,성동구,A,골목상권,"3110117",성동구보건소,203124,451949,"11200",성동구,"11200540",마장동,49735
61811034C2,서울특별시 성동구 마장로 227-16,영재**,,서울 성동구,축산물,,20210714,,37.5666404,127.0352817,success,성동구,A,골목상권,"3110117",성동구보건소,203124,451949,"11200",성동구,"11200540",마장동,49735
627F539A91,서울특별시 성동구 마장로 229-17,비터*****,,서울 성동구,커피전문점,,20241008,,37.5666344,127.0353724,success,성동구,A,골목상권,"3110117",성동구보건소,203124,451949,"11200",성동구,"11200540",마장동,49735
216590EA3B,서울특별시 성동구 마장로27가길 28,빙고**,,서울 성동구,백반/가정식,왕십리,20170914,,37.5663948,127.0361279,success,성동구,A,골목상권,"3110117",성동구보건소,203124,451949,"11200",성동구,"11200540",마장동,49735
AB0716250B,서울 성동구 동일로 83,와규**,,서울 성동구,한식-육류/고기,,20080515,,37.5403816,127.06262,success,성동구,A,골목상권,"3110136",경수초등학교,205299,449009,"11200",성동구,"11200670",성수2가1동,260628
E9D4FB94A0,서울 성동구 동일로 83,참나*****,,서울 성동구,한식-단품요리일반,,20100223,,37.5403816,127.06262,success,성동구,A,골목상권,"3110136",경수초등학교,205299,449009,"11200",성동구,"11200670",성수2가1동,260628
3B0F367222,서울 성동구 성수동2가,맛닭******,치킨18,서울 성동구,치킨,성수,20000906,,37.5406846,127.0566319,success,성동구,A,골목상권,"3110136",경수초등학교,205299,449009,"11200",성동구,"11200670",성수2가1동,260628
4208C4C0A7,서울 성동구 성수동2가,삼오***,,서울 성동구,식품 제조,성수,20160729,,37.5406846,127.0566319,success,성동구,A,골목상권,"3110136",경수초등학교,205299,449009,"11200",성동구,"11200670",성수2가1동,260628
"838461E308",서울 성동구 성수동2가,찐짜**,,서울 성동구,백반/가정식,성수,20150824,,37.5406846,127.0566319,success,성동구,A,골목상권,"3110136",경수초등학교,205299,449009,"11200",성동구,"11200670",성수2가1동,260628
E8E75C90BA,서울 성동구 성수동2가,20****,,서울 성동구,한식-해물/생선,성수,20090804,,37.5406846,127.0566319,success,성동구,A,골목상권,"3110136",경수초등학교,205299,449009,"11200",성동구,"11200670",성수2가1동,260628
37FE3D6CC0,서울 성동구 성수동2가,빙아********,,서울 성동구,아이스크림/빙수,성수,20230421,,37.5406846,127.0566319,success,성동구,A,골목상권,"3110136",경수초등학교,205299,449009,"11200",성동구,"11200670",성수2가1동,260628
2889D57BC9,서울  성동구  성수동2가,영남***,,서울 성동구,식품 제조,성수,20111214,20250731,37.5406846,127.0566319,success,성동구,A,골목상권,"3110136",경수초등학교,205299,449009,"11200",성동구,"11200670",성수2가1동,260628
5AF3D76D12,서울 성동구 뚝섬로 447.,스*,,서울 성동구,한식-단품요리일반,,20150427,,37.5378366,127.0603124,success,성동구,A,골목상권,"3110136",경수초등학교,205299,449009,"11200",성동구,"11200670",성수2가1동,260628
D3E9691832,서울 성동구 연무장길 17,외가*,,서울 성동구,한식-육류/고기,성수,20030711,,37.5415207,127.0612387,success,성동구,A,골목상권,"3110136",경수초등학교,205299,449009,"11200",성동구,"11200670",성수2가1동,260628
3EC80135EF,서울 성동구 동일로 75-33,마포****,,서울 성동구,한식-육류/고기,,20010723,,37.5397985,127.0618345,success,성동구,A,골목상권,"3110136",경수초등학교,205299,449009,"11200",성동구,"11200670",성수2가1동,260628
7871F0B0DE,서울 성동구 연무장17길 6,장*,,서울 성동구,한식-단품요리일반,,20080508,,37.5413351,127.061379,success,성동구,A,골목상권,"3110136",경수초등학교,205299,449009,"11200",성동구,"11200670",성수2가1동,260628
25FA6C0D0D,서울 성동구 연무장길 84.,플라*******,,서울 성동구,피자,,20220128,,37.5413601,127.0585106,success,성동구,A,골목상권,"3110136",경수초등학교,205299,449009,"11200",성동구,"11200670",성수2가1동,260628
B1640E51DF,서울 성동구 연무장길 119.,여기****,,서울 성동구,한식-단품요리일반,,20160817,,37.5405179,127.0626995,success,성동구,A,골목상권,"3110136",경수초등학교,205299,449009,"11200",성동구,"11200670",성수2가1동,260628
310CE87EE4,서울 성동구 연무장길 120.,요리*,,서울 성동구,중식당,,20091231,,37.5402125,127.0622236,success,성동구,A,골목상권,"3110136",경수초등학교,205299,449009,"11200",성동구,"11200670",성수2가1동,260628
F653A2F32F,서울 성동구 연무장길 81 .,봄의******,,서울 성동구,양식,성수,20200511,,37.5417122,127.0582892,success,성동구,A,골목상권,"3110136",경수초등학교,205299,449009,"11200",성동구,"11200670",성수2가1동,260628
9845793AAE,서울  성동구  성수이로  54,짬뽕**,중식당5,서울 성동구,중식당,성수,20120323,,37.5398541,127.0554471,success,성동구,A,골목상권,"3110136",경수초등학교,205299,449009,"11200",성동구,"11200670",성수2가1동,260628
FDD6335CBC,서울 성동구 연무장15길 11.,카페***,,서울 성동구,카페,,20191011,,37.5425289,127.0592605,success,성동구,A,골목상권,"3110136",경수초등학교,205299,449009,"11200",성동구,"11200670",성수2가1동,260628
566804A508,서울 성동구 연무장15길 11.,정든**,,서울 성동구,백반/가정식,화양시장,20220214,,37.5425289,127.0592605,success,성동구,A,골목상권,"3110136",경수초등학교,205299,449009,"11200",성동구,"11200670",성수2가1동,260628
5B4D253AB9,서울 성동구 뚝섬로9길 13-1.,모먼********,,서울 성동구,양식,미아사거리,20240205,,37.5395049,127.0564081,success,성동구,A,골목상권,"3110136",경수초등학교,205299,449009,"11200",성동구,"11200670",성수2가1동,260628
B2781768EE,서울 성동구 성수동2가 328-7,앙골******,,서울 성동구,카페,성수,20180416,,37.5399457,127.0563375,success,성동구,A,골목상권,"3110136",경수초등학교,205299,449009,"11200",성동구,"11200670",성수2가1동,260628
AA8C19329D,서울 성동구 성수이로10길 14,수*,,서울 성동구,중식당,성수,20151002,,37.5401793,127.0567785,success,성동구,A,골목상권,"3110136",경수초등학교,205299,449009,"11200",성동구,"11200670",성수2가1동,260628
77E24452D3,서울 성동구 성수이로10길 8.,우곤**,,서울 성동구,일식-덮밥/돈가스,성수,20140929,,37.5399681,127.0560381,success,성동구,A,골목상권,"3110136",경수초등학교,205299,449009,"11200",성동구,"11200670",성수2가1동,260628
7403ED5B56,서울 성동구 성수이로16길 25,경수**,,서울 성동구,백반/가정식,,20010627,,37.5405059,127.0592789,success,성동구,A,골목상권,"3110136",경수초등학교,205299,449009,"11200",성동구,"11200670",성수2가1동,260628
8F61B3A0B2,서울특별시 성동구 동일로 75,세이*************,,서울 성동구,식료품,,20210702,,37.5396825,127.0623325,success,성동구,A,골목상권,"3110136",경수초등학교,205299,449009,"11200",성동구,"11200670",성수2가1동,260628
E93EA380D7,서울특별시 성동구 동일로 75,야심********,,서울 성동구,떡/한과,,20221219,,37.5396825,127.0623325,success,성동구,A,골목상권,"3110136",경수초등학교,205299,449009,"11200",성동구,"11200670",성수2가1동,260628
C07C0292B5,서울특별시 성동구 성수이로 66,더블********,,서울 성동구,식료품,성수,20230126,,37.5405547,127.0561825,success,성동구,A,골목상권,"3110136",경수초등학교,205299,449009,"11200",성동구,"11200670",성수2가1동,260628
F0A284DA09,서울특별시 성동구 성수이로 66,기*,,서울 성동구,일식당,성수,20240308,,37.5405547,127.0561825,success,성동구,A,골목상권,"3110136",경수초등학교,205299,449009,"11200",성동구,"11200670",성수2가1동,260628
693A6576E9,서울특별시 성동구 연무장길 76,매머**************,,서울 성동구,커피전문점,성수,20210205,,37.5415238,127.0575655,success,성동구,A,골목상권,"3110136",경수초등학교,205299,449009,"11200",성동구,"11200670",성수2가1동,260628
335B38273C,서울특별시 성동구 연무장길 81,아쿠***************,,서울 성동구,카페,성수,20210615,,37.5417122,127.0582892,success,성동구,A,골목상권,"3110136",경수초등학교,205299,449009,"11200",성동구,"11200670",성수2가1동,260628
434671439E,서울특별시 성동구 연무장길 81,러프**,,서울 성동구,카페,성수,20211019,,37.5417122,127.0582892,success,성동구,A,골목상권,"3110136",경수초등학교,205299,449009,"11200",성동구,"11200670",성수2가1동,260628
895BBD5C5B,서울특별시 성동구 연무장길 84,퍼프************,,서울 성동구,카페,,20230523,,37.5413601,127.0585106,success,성동구,A,골목상권,"3110136",경수초등학교,205299,449009,"11200",성동구,"11200670",성수2가1동,260628
C3BF4915D5,서울특별시 성동구 연무장길 94,칠칠********************,,서울 성동구,양식,,20220411,,37.5410657,127.0595547,success,성동구,A,골목상권,"3110136",경수초등학교,205299,449009,"11200",성동구,"11200670",성수2가1동,260628
7A29E2FB9F,서울특별시 성동구 연무장길 94,로우*****,,서울 성동구,커피전문점,,20200611,,37.5410657,127.0595547,success,성동구,A,골목상권,"3110136",경수초등학교,205299,449009,"11200",성동구,"11200670",성수2가1동,260628
73ADFB70B4,서울특별시 성동구 동일로 75-18,닷 ***************,,서울 성동구,양식,,20231113,,37.5401083,127.0622123,success,성동구,A,골목상권,"3110136",경수초등학교,205299,449009,"11200",성동구,"11200670",성수2가1동,260628
FB0BD34001,서울특별시 성동구 동일로 75-18,올*,,서울 성동구,일식당,,20221216,,37.5401083,127.0622123,success,성동구,A,골목상권,"3110136",경수초등학교,205299,449009,"11200",성동구,"11200670",성수2가1동,260628
E4FEADA057,서울특별시 성동구 뚝섬로7길 14,와일*****,,서울 성동구,양식,성수,20221020,,37.53959,127.0562226,success,성동구,A,골목상권,"3110136",경수초등학교,205299,449009,"11200",성동구,"11200670",성수2가1동,260628
AB962133CC,서울특별시 성동구 뚝섬로9길 16,색다**,,서울 성동구,한식-국수/만두,성수,20171031,,37.5396756,127.056423,success,성동구,A,골목상권,"3110136",경수초등학교,205299,449009,"11200",성동구,"11200670",성수2가1동,260628
AC3DCE45BE,서울특별시 성동구 뚝섬로9길 20,컴포*********,커피전문점11,서울 성동구,커피전문점,성수,20210428,,37.5399244,127.0562313,success,성동구,A,골목상권,"3110136",경수초등학교,205299,449009,"11200",성동구,"11200670",성수2가1동,260628
"5D86802675",서울특별시 성동구 연무장17길 5,프롤*********,,서울 성동구,카페,,20210406,,37.5412734,127.0609456,success,성동구,A,골목상권,"3110136",경수초등학교,205299,449009,"11200",성동구,"11200670",성수2가1동,260628
BF702C4B97,서울특별시 성동구 연무장17길 5,성수**,,서울 성동구,와인바,,20210914,,37.5412734,127.0609456,success,성동구,A,골목상권,"3110136",경수초등학교,205299,449009,"11200",성동구,"11200670",성수2가1동,260628
CA789A700E,서울특별시 성동구 연무장17길 6,온누*,,서울 성동구,백반/가정식,,20230713,,37.5413351,127.061379,success,성동구,A,골목상권,"3110136",경수초등학교,205299,449009,"11200",성동구,"11200670",성수2가1동,260628
AD3A7FC51E,서울특별시 성동구 연무장길 110,바오**,,서울 성동구,중식당,,20220506,,37.5405405,127.061294,success,성동구,A,골목상권,"3110136",경수초등학교,205299,449009,"11200",성동구,"11200670",성수2가1동,260628
16FA1843AE,서울특별시 성동구 연무장길 114,차일**,,서울 성동구,카페,,20230821,,37.5404331,127.061562,success,성동구,A,골목상권,"3110136",경수초등학교,205299,449009,"11200",성동구,"11200670",성수2가1동,260628
A1A793329B,서울특별시 성동구 연무장길 114,샌드*******,,서울 성동구,샌드위치/토스트,,20190628,,37.5404331,127.061562,success,성동구,A,골목상권,"3110136",경수초등학교,205299,449009,"11200",성동구,"11200670",성수2가1동,260628
A2C52B6B6A,서울특별시 성동구 연무장길 114,차일**,,서울 성동구,한식-단품요리일반,,20220608,20230821,37.5404331,127.061562,success,성동구,A,골목상권,"3110136",경수초등학교,205299,449009,"11200",성동구,"11200670",성수2가1동,260628
7E8084659F,서울특별시 성동구 뚝섬로11길 21,써니*************,,서울 성동구,양식,성수,20220413,,37.5400488,127.0562641,success,성동구,A,골목상권,"3110136",경수초등학교,205299,449009,"11200",성동구,"11200670",성수2가1동,260628
2DD4A5D048,서울특별시 성동구 뚝섬로11길 21,포케*******,,서울 성동구,기타세계요리,성수,20230822,,37.5400488,127.0562641,success,성동구,A,골목상권,"3110136",경수초등학교,205299,449009,"11200",성동구,"11200670",성수2가1동,260628
C3D4010F52,서울특별시 성동구 뚝섬로13길 36,디디******,,서울 성동구,카페,성수,20240612,,37.5412745,127.0580969,success,성동구,A,골목상권,"3110136",경수초등학교,205299,449009,"11200",성동구,"11200670",성수2가1동,260628
537AB5F50E,서울특별시 성동구 뚝섬로15길 27,바위******,,서울 성동구,양식,,20220217,,37.5391209,127.061568,success,성동구,A,골목상권,"3110136",경수초등학교,205299,449009,"11200",성동구,"11200670",성수2가1동,260628
"655851E372",서울특별시 성동구 뚝섬로15길 29,리브*,,서울 성동구,카페,,20190507,,37.5392026,127.0616677,success,성동구,A,골목상권,"3110136",경수초등학교,205299,449009,"11200",성동구,"11200670",성수2가1동,260628
5595AE45A8,서울특별시 성동구 뚝섬로17길 29,커피*****,,서울 성동구,커피전문점,,20230525,,37.5401729,127.0603778,success,성동구,A,골목상권,"3110136",경수초등학교,205299,449009,"11200",성동구,"11200670",성수2가1동,260628
FBC56DE125,서울특별시 성동구 연무장15길 11,쁘띠*****************,,서울 성동구,양식,,20220729,20250220,37.5425289,127.0592605,success,성동구,A,골목상권,"3110136",경수초등학교,205299,449009,"11200",성동구,"11200670",성수2가1동,260628
A29B6BBC99,서울특별시 성동구 연무장15길 11,프렌*******************,,서울 성동구,양식,,20240328,,37.5425289,127.0592605,success,성동구,A,골목상권,"3110136",경수초등학교,205299,449009,"11200",성동구,"11200670",성수2가1동,260628
33C513E513,서울특별시 성동구 연무장15길 11,맥코***********************,,서울 성동구,커피전문점,,20230703,,37.5425289,127.0592605,success,성동구,A,골목상권,"3110136",경수초등학교,205299,449009,"11200",성동구,"11200670",성수2가1동,260628
8EA61A843E,서울특별시 성동구 연무장15길 11,파리*******,,서울 성동구,아이스크림/빙수,,20240523,,37.5425289,127.0592605,success,성동구,A,골목상권,"3110136",경수초등학교,205299,449009,"11200",성동구,"11200670",성수2가1동,260628
B05183195E,서울특별시 성동구 연무장15길 11,밀키*****************,,서울 성동구,한식-단품요리일반,,20240805,,37.5425289,127.0592605,success,성동구,A,골목상권,"3110136",경수초등학교,205299,449009,"11200",성동구,"11200670",성수2가1동,260628
26FAE231DB,서울특별시 성동구 연무장17길 14,쏘쏘*****,,서울 성동구,베이커리,,20221012,,37.5419902,127.061655,success,성동구,A,골목상권,"3110136",경수초등학교,205299,449009,"11200",성동구,"11200670",성수2가1동,260628
A5905A359E,서울특별시 성동구 연무장18길 14,차일******,,서울 성동구,피자,,20211118,,37.5394096,127.0617979,success,성동구,A,골목상권,"3110136",경수초등학교,205299,449009,"11200",성동구,"11200670",성수2가1동,260628
991AACE110,서울특별시 성동구 연무장19길 10,성수**,,서울 성동구,요리주점,,20200309,,37.5410713,127.0627365,success,성동구,A,골목상권,"3110136",경수초등학교,205299,449009,"11200",성동구,"11200670",성수2가1동,260628
DDA448BE28,서울특별시 성동구 연무장19길 12,윤식*,,서울 성동구,한식뷔페,,20190318,,37.5412909,127.0628519,success,성동구,A,골목상권,"3110136",경수초등학교,205299,449009,"11200",성동구,"11200670",성수2가1동,260628
B74BDE56CF,서울특별시 성동구 연무장19길 18,호남**,,서울 성동구,식료품,,20190408,,37.5417202,127.0630455,success,성동구,A,골목상권,"3110136",경수초등학교,205299,449009,"11200",성동구,"11200670",성수2가1동,260628
E20F4A8C30,서울특별시 성동구 연무장19길 18,수상****,,서울 성동구,한식-국밥/설렁탕,,20240131,,37.5417202,127.0630455,success,성동구,A,골목상권,"3110136",경수초등학교,205299,449009,"11200",성동구,"11200670",성수2가1동,260628
F59ADB02C2,서울특별시 성동구 뚝섬로9길 11-1,문문*,,서울 성동구,백반/가정식,성수,20240716,,37.5393181,127.0565097,success,성동구,A,골목상권,"3110136",경수초등학교,205299,449009,"11200",성동구,"11200670",성수2가1동,260628
7001FF8251,서울특별시 성동구 뚝섬로9길 13-1,팬톤****,,서울 성동구,양식,성수,20230605,,37.5395049,127.0564081,success,성동구,A,골목상권,"3110136",경수초등학교,205299,449009,"11200",성동구,"11200670",성수2가1동,260628
AAA80B422A,서울특별시 성동구 뚝섬로9길 13-1,호감*,,서울 성동구,이자카야,성수,20220330,,37.5395049,127.0564081,success,성동구,A,골목상권,"3110136",경수초등학교,205299,449009,"11200",성동구,"11200670",성수2가1동,260628
4E4F418B9C,서울특별시 성동구 성수이로12길 8,라무*,,서울 성동구,일식당,성수,20220919,,37.5398161,127.0559919,success,성동구,A,골목상권,"3110136",경수초등학교,205299,449009,"11200",성동구,"11200670",성수2가1동,260628
F0B6F6E0EA,서울특별시 성동구 성수이로12길 8,노이*****,,서울 성동구,동남아/인도음식,성수,20220810,,37.5398161,127.0559919,success,성동구,A,골목상권,"3110136",경수초등학교,205299,449009,"11200",성동구,"11200670",성수2가1동,260628
AE0203735E,서울특별시 성동구 연무장길 109-1,한돈*****,,서울 성동구,한식-육류/고기,,20211129,,37.5408593,127.0613151,success,성동구,A,골목상권,"3110136",경수초등학교,205299,449009,"11200",성동구,"11200670",성수2가1동,260628
777CA00C62,서울특별시 성동구 뚝섬로13길 32-1,키치**,,서울 성동구,일식-덮밥/돈가스,성수,20240306,,37.5411033,127.0578734,success,성동구,A,골목상권,"3110136",경수초등학교,205299,449009,"11200",성동구,"11200670",성수2가1동,260628
B437763A97,서울특별시 성동구 뚝섬로15길 29-1,브루********,,서울 성동구,카페,,20240612,,37.5392262,127.0618743,success,성동구,A,골목상권,"3110136",경수초등학교,205299,449009,"11200",성동구,"11200670",성수2가1동,260628
869B2C170B,서울특별시 성동구 뚝섬로15길 29-1,바 ***,,서울 성동구,일반 유흥주점,,20240923,,37.5392262,127.0618743,success,성동구,A,골목상권,"3110136",경수초등학교,205299,449009,"11200",성동구,"11200670",성수2가1동,260628
58FE1BFE3D,서울특별시 성동구 뚝섬로17가길 48,지티******,,서울 성동구,햄버거,,20230227,,37.5407127,127.0595353,success,성동구,A,골목상권,"3110136",경수초등학교,205299,449009,"11200",성동구,"11200670",성수2가1동,260628
97D87E3C1B,서울특별시 성동구 뚝섬로17가길 48,프로******************,,서울 성동구,백반/가정식,,20221020,,37.5407127,127.0595353,success,성동구,A,골목상권,"3110136",경수초등학교,205299,449009,"11200",성동구,"11200670",성수2가1동,260628
6010892CCE,서울특별시 성동구 성수이로10길 14,아이***,,서울 성동구,카페,성수,20201023,,37.5401793,127.0567785,success,성동구,A,골목상권,"3110136",경수초등학교,205299,449009,"11200",성동구,"11200670",성수2가1동,260628
94795C00AE,서울특별시 성동구 성수이로10길 14,원디****,,서울 성동구,중식당,성수,20230707,,37.5401793,127.0567785,success,성동구,A,골목상권,"3110136",경수초등학교,205299,449009,"11200",성동구,"11200670",성수2가1동,260628
E64AD4E88B,서울특별시 성동구 성수이로12길 11,금*,,서울 성동구,일식당,성수,20210630,,37.5398372,127.0566533,success,성동구,A,골목상권,"3110136",경수초등학교,205299,449009,"11200",성동구,"11200670",성수2가1동,260628
5F2DDA0178,서울특별시 성동구 성수이로12길 13,올더***********,,서울 성동구,카페,성수,20221005,,37.5397944,127.0567398,success,성동구,A,골목상권,"3110136",경수초등학교,205299,449009,"11200",성동구,"11200670",성수2가1동,260628
1EADD2188F,서울특별시 성동구 성수이로12길 13,그룬*,,서울 성동구,와인바,성수,20210825,,37.5397944,127.0567398,success,성동구,A,골목상권,"3110136",경수초등학교,205299,449009,"11200",성동구,"11200670",성수2가1동,260628
4B05972847,서울특별시 성동구 성수이로12길 15,스케********,,서울 성동구,양식,성수,20240718,,37.539756,127.0569185,success,성동구,A,골목상권,"3110136",경수초등학교,205299,449009,"11200",성동구,"11200670",성수2가1동,260628
FF3AE5174C,서울특별시 성동구 성수이로18길 31,오*,,서울 성동구,카페,,20240112,,37.5419372,127.0606101,success,성동구,A,골목상권,"3110136",경수초등학교,205299,449009,"11200",성동구,"11200670",성수2가1동,260628
FBE1518873,서울특별시 성동구 성수이로20길 57,레이***,,서울 성동구,한식-단품요리일반,,20170320,,37.5421159,127.0629189,success,성동구,A,골목상권,"3110136",경수초등학교,205299,449009,"11200",성동구,"11200670",성수2가1동,260628
667F7D3E48,서울특별시 성동구 성수이로20길 60,아이***,,서울 성동구,카페,,20190627,,37.5416425,127.0631418,success,성동구,A,골목상권,"3110136",경수초등학교,205299,449009,"11200",성동구,"11200670",성수2가1동,260628
257C2B26D3,서울특별시 성동구 연무장길 100-15,성수***,,서울 성동구,요리주점,,20230831,,37.5406926,127.0600147,success,성동구,A,골목상권,"3110136",경수초등학교,205299,449009,"11200",성동구,"11200670",성수2가1동,260628
A806AFD650,서울특별시 성동구 성수이로12길 8-1,월스*******,,서울 성동구,베이커리,성수,20240521,,37.5397812,127.0561474,success,성동구,A,골목상권,"3110136",경수초등학교,205299,449009,"11200",성동구,"11200670",성수2가1동,260628
18A1E81F1B,서울특별시 성동구 뚝섬로15길 31,매*,,서울 성동구,양식,,20220428,,37.5392617,127.0619643,success,성동구,A,골목상권,"3110136",경수초등학교,205299,449009,"11200",성동구,"11200670",성수2가1동,260628
14FE0A442F,서울  성동구  하왕십리동,엘림****,,서울 성동구,떡/한과 제조,,20090224,,37.5639874,127.0280247,success,성동구,A,골목상권,"3110110",상왕십리역 6번,202454,451618,"11200",성동구,"11200520",왕십리2동,51942
4FECCA34D6,서울  성동구  하왕십리1동,동순*,,서울 성동구,중식당,,20060425,,37.5639874,127.0280247,success,성동구,A,골목상권,"3110110",상왕십리역 6번,202454,451618,"11200",성동구,"11200520",왕십리2동,51942
25B2D74E6B,서울  성동구  하왕십리2동,멕시***,치킨20,서울 성동구,치킨,,20020130,,37.5639874,127.0280247,success,성동구,A,골목상권,"3110110",상왕십리역 6번,202454,451618,"11200",성동구,"11200520",왕십리2동,51942
B0E400DBAB,서울  성동구  하왕십리2동,기분****,,서울 성동구,한식-해물/생선,왕십리,20030124,,37.5639874,127.0280247,success,성동구,A,골목상권,"3110110",상왕십리역 6번,202454,451618,"11200",성동구,"11200520",왕십리2동,51942
4F294B4053,서울 성동구 무학봉15길 23,페리**,치킨37,서울 성동구,치킨,,20080114,,37.5631733,127.0303531,success,성동구,A,골목상권,"3110110",상왕십리역 6번,202454,451618,"11200",성동구,"11200520",왕십리2동,51942
7AA4E7D85E,서울 성동구 무학봉15길 25,무학**,,서울 성동구,청과물,,20100722,,37.5633282,127.0302396,success,성동구,A,골목상권,"3110110",상왕십리역 6번,202454,451618,"11200",성동구,"11200520",왕십리2동,51942
17B4A44FAF,서울 성동구 왕십리로 375-1,개미**,,서울 성동구,백반/가정식,,20151119,,37.564457,127.0283954,success,성동구,A,골목상권,"3110110",상왕십리역 6번,202454,451618,"11200",성동구,"11200520",왕십리2동,51942
20BF89EDFA,서울 성동구 왕십리로31가길 31.,산수*******,,서울 성동구,한식-해물/생선,,20091223,,37.5638365,127.0297556,success,성동구,A,골목상권,"3110110",상왕십리역 6번,202454,451618,"11200",성동구,"11200520",왕십리2동,51942
"1710309E11",서울 성동구 왕십리로31나길 33.,24*********,,서울 성동구,카페,,20170629,,37.5635478,127.0286756,success,성동구,A,골목상권,"3110110",상왕십리역 6번,202454,451618,"11200",성동구,"11200520",왕십리2동,51942
32F21633BE,서울특별시 성동구 왕십리로 363,싸부****,,서울 성동구,한식-단품요리일반,,20200703,20231031,37.5639533,127.0296701,success,성동구,A,골목상권,"3110110",상왕십리역 6번,202454,451618,"11200",성동구,"11200520",왕십리2동,51942
5AFF1D97F2,서울특별시 성동구 왕십리로 363,싸부*******,,서울 성동구,한식-단품요리일반,,20231031,20240710,37.5639533,127.0296701,success,성동구,A,골목상권,"3110110",상왕십리역 6번,202454,451618,"11200",성동구,"11200520",왕십리2동,51942
DD4FCA5BE6,서울특별시 성동구 왕십리로 363,싸부****,,서울 성동구,한식-단품요리일반,,20240710,,37.5639533,127.0296701,success,성동구,A,골목상권,"3110110",상왕십리역 6번,202454,451618,"11200",성동구,"11200520",왕십리2동,51942
"56355334E5",서울특별시 성동구 왕십리로 381,레몬***********,,서울 성동구,기타세계요리,,20240223,,37.5645661,127.0278787,success,성동구,A,골목상권,"3110110",상왕십리역 6번,202454,451618,"11200",성동구,"11200520",왕십리2동,51942
9D72F83B30,서울특별시 성동구 무학봉15길 25,바다*********,,서울 성동구,농산물,,20221107,,37.5633282,127.0302396,success,성동구,A,골목상권,"3110110",상왕십리역 6번,202454,451618,"11200",성동구,"11200520",왕십리2동,51942
50BD9E37F2,서울특별시 성동구 무학봉15길 25,둘시**********************,,서울 성동구,베이커리,,20240528,,37.5633282,127.0302396,success,성동구,A,골목상권,"3110110",상왕십리역 6번,202454,451618,"11200",성동구,"11200520",왕십리2동,51942
36A38785F3,서울특별시 성동구 왕십리로 381-1,동글**,,서울 성동구,분식,,20200709,,37.5645825,127.0277653,success,성동구,A,골목상권,"3110110",상왕십리역 6번,202454,451618,"11200",성동구,"11200520",왕십리2동,51942
3F6CA06921,서울특별시 성동구 왕십리로31길 4,술래**,,서울 성동구,한식-단품요리일반,,20180523,,37.5643249,127.0279535,success,성동구,A,골목상권,"3110110",상왕십리역 6번,202454,451618,"11200",성동구,"11200520",왕십리2동,51942
D78D9659F1,서울특별시 성동구 왕십리로31길 6,메이***,,서울 성동구,카페,,20230208,,37.5641745,127.0278976,success,성동구,A,골목상권,"3110110",상왕십리역 6번,202454,451618,"11200",성동구,"11200520",왕십리2동,51942
"9971417E96",서울특별시 성동구 왕십리로31길 8,오루********,,서울 성동구,카페,,20220826,,37.5640626,127.0278737,success,성동구,A,골목상권,"3110110",상왕십리역 6번,202454,451618,"11200",성동구,"11200520",왕십리2동,51942
E36F634F38,서울특별시 성동구 왕십리로33길 3,상왕**,,서울 성동구,한식-육류/고기,,20230227,,37.5644193,127.0273628,success,성동구,A,골목상권,"3110110",상왕십리역 6번,202454,451618,"11200",성동구,"11200520",왕십리2동,51942
5D9E2372B7,서울특별시 성동구 무학봉15길 27-3,너찜**,,서울 성동구,한식-단품요리일반,,20220114,,37.5634407,127.0301391,success,성동구,A,골목상권,"3110110",상왕십리역 6번,202454,451618,"11200",성동구,"11200520",왕십리2동,51942
6FEFF6CAA0,서울특별시 성동구 왕십리로31나길 21,프레********,,서울 성동구,피자,,20220608,,37.5631291,127.0284176,success,성동구,A,골목상권,"3110110",상왕십리역 6번,202454,451618,"11200",성동구,"11200520",왕십리2동,51942
CCD21AE0A4,서울특별시 성동구 왕십리로31나길 21,서울**,,서울 성동구,한식-단품요리일반,,20220805,,37.5631291,127.0284176,success,성동구,A,골목상권,"3110110",상왕십리역 6번,202454,451618,"11200",성동구,"11200520",왕십리2동,51942
DF67DE190B,서울특별시 성동구 왕십리로31가길 10-2,브렛********,,서울 성동구,한식-단품요리일반,,20190405,,37.5640062,127.0284068,success,성동구,A,골목상권,"3110110",상왕십리역 6번,202454,451618,"11200",성동구,"11200520",왕십리2동,51942
FE3D949A0E,서울 성동구 왕십리로 363-1 (하왕십리동),꼬치***,,서울 성동구,호프/맥주,,19991101,,37.5640445,127.0295647,success,성동구,A,골목상권,"3110110",상왕십리역 6번,202454,451618,"11200",성동구,"11200520",왕십리2동,51942
FB073006C3,서울 성동구 뚝섬로 392.,또래**,치킨15,서울 성동구,치킨,성수,20160127,,37.5388746,127.0542007,success,성동구,R,전통시장,"3130073",뚝도시장,204817,448747,"11200",성동구,"11200670",성수2가1동,21456
B8DFA92D86,서울 성동구 뚝섬로 392.,규리******,,서울 성동구,호프/맥주,성수,20180618,,37.5388746,127.0542007,success,성동구,R,전통시장,"3130073",뚝도시장,204817,448747,"11200",성동구,"11200670",성수2가1동,21456
1112ACEF8D,서울 성동구 성덕정길 99,신화***,,서울 성동구,건강원,성수,20030716,,37.5375893,127.0546213,success,성동구,R,전통시장,"3130073",뚝도시장,204817,448747,"11200",성동구,"11200670",성수2가1동,21456
348CC434D7,서울 성동구 성덕정15길 2,뚝섬****,,서울 성동구,농산물,성수,20070705,,37.5378678,127.0537984,success,성동구,R,전통시장,"3130073",뚝도시장,204817,448747,"11200",성동구,"11200670",성수2가1동,21456
94128748C0,서울 성동구 성덕정길 95.,행닭*****,,서울 성동구,치킨,성수,20130821,,37.5376648,127.0541541,success,성동구,R,전통시장,"3130073",뚝도시장,204817,448747,"11200",성동구,"11200670",성수2가1동,21456
5998DB8346,서울 성동구 성덕정길 95.,십오***,,서울 성동구,떡/한과 제조,성수,20101213,,37.5376648,127.0541541,success,성동구,R,전통시장,"3130073",뚝도시장,204817,448747,"11200",성동구,"11200670",성수2가1동,21456
"08A6BC229A",서울 성동구 성덕정길 99.,또치*******,,서울 성동구,한식-육류/고기,성수,20020416,,37.5375893,127.0546213,success,성동구,R,전통시장,"3130073",뚝도시장,204817,448747,"11200",성동구,"11200670",성수2가1동,21456
2D7EEFFB71,서울 성동구 성수이로 31.,뚝도**,,서울 성동구,일식당,성수,20160511,,37.5380569,127.0543476,success,성동구,R,전통시장,"3130073",뚝도시장,204817,448747,"11200",성동구,"11200670",성수2가1동,21456
82917C822C,서울 성동구 성덕정15길 2.,맛집***,,서울 성동구,한식-단품요리일반,성수,20121011,,37.5378678,127.0537984,success,성동구,R,전통시장,"3130073",뚝도시장,204817,448747,"11200",성동구,"11200670",성수2가1동,21456
7416E78F80,서울 성동구 성덕정15길 8.,미정******,,서울 성동구,한식-해물/생선,성수,20150610,,37.5382861,127.0538077,success,성동구,R,전통시장,"3130073",뚝도시장,204817,448747,"11200",성동구,"11200670",성수2가1동,21456
8EAFB1D483,서울 성동구 성덕정17길 1.,둘둘**,치킨14,서울 성동구,치킨,성수,20160520,,37.5374137,127.0552006,success,성동구,R,전통시장,"3130073",뚝도시장,204817,448747,"11200",성동구,"11200670",성수2가1동,21456
AA5A44BFF2,서울 성동구 성덕정17길 1.,신성****,,서울 성동구,한식-육류/고기,성수,20130903,,37.5374137,127.0552006,success,성동구,R,전통시장,"3130073",뚝도시장,204817,448747,"11200",성동구,"11200670",성수2가1동,21456
7E5AA284CE,서울 성동구 성덕정17길 11,동신**,,서울 성동구,백반/가정식,성수,20130531,,37.5382391,127.055129,success,성동구,R,전통시장,"3130073",뚝도시장,204817,448747,"11200",성동구,"11200670",성수2가1동,21456
F9F46CA809,서울 성동구 성수이로 32-1,돈랑**,,서울 성동구,식료품,성수,20110915,,37.5380307,127.0546458,success,성동구,R,전통시장,"3130073",뚝도시장,204817,448747,"11200",성동구,"11200670",성수2가1동,21456
A7D92FCCC6,서울 성동구 성덕정15길 12.,꾸이******,,서울 성동구,한식-단품요리일반,성수,20210625,,37.538665,127.054174,success,성동구,R,전통시장,"3130073",뚝도시장,204817,448747,"11200",성동구,"11200670",성수2가1동,21456
5F8D82CC87,서울 성동구 성덕정15길 6-5,미정****,,서울 성동구,한식-해물/생선,성수,20080204,,37.5382833,127.053896,success,성동구,R,전통시장,"3130073",뚝도시장,204817,448747,"11200",성동구,"11200670",성수2가1동,21456
51546F4B94,서울 성동구 성수이로 32-5.,연탄***,,서울 성동구,한식-육류/고기,성수,20130906,,37.5380107,127.0548245,success,성동구,R,전통시장,"3130073",뚝도시장,204817,448747,"11200",성동구,"11200670",성수2가1동,21456
81E3DAF03B,서울 성동구 성수이로 32-7.,크래*****,,서울 성동구,한식-단품요리일반,성수,20160805,20250811,37.5379748,127.0548235,success,성동구,R,전통시장,"3130073",뚝도시장,204817,448747,"11200",성동구,"11200670",성수2가1동,21456
DE28615258,서울 성동구 성덕정15길 6-9.,서울**,,서울 성동구,한식-육류/고기,성수,20140113,,37.5382835,127.0540083,success,성동구,R,전통시장,"3130073",뚝도시장,204817,448747,"11200",성동구,"11200670",성수2가1동,21456
9B88CEAD32,서울 성동구 성덕정17길 3-1.,곱씹****,,서울 성동구,한식-단품요리일반,성수,20160105,,37.5376521,127.0551469,success,성동구,R,전통시장,"3130073",뚝도시장,204817,448747,"11200",성동구,"11200670",성수2가1동,21456
F1B5E625FC,서울 성동구 성수이로 32-24.,투다****,꼬치구이3,서울 성동구,꼬치구이,성수,20090218,,37.5376068,127.0547217,success,성동구,R,전통시장,"3130073",뚝도시장,204817,448747,"11200",성동구,"11200670",성수2가1동,21456
C9F99AA41B,서울 성동구 성수이로 36-10.,청수***,,서울 성동구,백반/가정식,성수,20091019,,37.5380879,127.0547084,success,성동구,R,전통시장,"3130073",뚝도시장,204817,448747,"11200",성동구,"11200670",성수2가1동,21456
1C9BB3C08A,서울 성동구 성덕정15길 2-12.,영수**,,서울 성동구,한식-육류/고기,성수,20140912,,37.5379178,127.0539401,success,성동구,R,전통시장,"3130073",뚝도시장,204817,448747,"11200",성동구,"11200670",성수2가1동,21456
E7FB9EBA6B,서울 성동구 성덕정15길 4-17.,푸른****,,서울 성동구,한식-해물/생선,성수,20160601,,37.5380555,127.0542695,success,성동구,R,전통시장,"3130073",뚝도시장,204817,448747,"11200",성동구,"11200670",성수2가1동,21456
ED0AED2575,서울 성동구 성덕정15길 6-59.,진국***,,서울 성동구,한식-국밥/설렁탕,성수,20160526,,37.5382785,127.0543733,success,성동구,R,전통시장,"3130073",뚝도시장,204817,448747,"11200",성동구,"11200670",성수2가1동,21456
7EA392124A,서울특별시 성동구 뚝섬로 390,꼬꼬**,,서울 성동구,치킨,성수,20220913,,37.5389159,127.0539047,success,성동구,R,전통시장,"3130073",뚝도시장,204817,448747,"11200",성동구,"11200670",성수2가1동,21456
7829A485F0,서울특별시 성동구 뚝섬로 390,원스**,,서울 성동구,카페,성수,20221012,,37.5389159,127.0539047,success,성동구,R,전통시장,"3130073",뚝도시장,204817,448747,"11200",성동구,"11200670",성수2가1동,21456
DE96D5A30B,서울특별시 성동구 뚝섬로 392,어*,,서울 성동구,일식당,성수,20191028,,37.5388746,127.0542007,success,성동구,R,전통시장,"3130073",뚝도시장,204817,448747,"11200",성동구,"11200670",성수2가1동,21456
28B588EEB5,서울특별시 성동구 뚝섬로 392,돼*,,서울 성동구,한식-육류/고기,성수,20240425,,37.5388746,127.0542007,success,성동구,R,전통시장,"3130073",뚝도시장,204817,448747,"11200",성동구,"11200670",성수2가1동,21456
64BF96D72B,서울특별시 성동구 뚝섬로 394,덤 **************,,서울 성동구,양식,성수,20240923,,37.5388395,127.0544618,success,성동구,R,전통시장,"3130073",뚝도시장,204817,448747,"11200",성동구,"11200670",성수2가1동,21456
"0CC58A24DF",서울특별시 성동구 뚝섬로 400,샹도*,,서울 성동구,베이커리,성수,20220627,,37.5384725,127.0549681,success,성동구,R,전통시장,"3130073",뚝도시장,204817,448747,"11200",성동구,"11200670",성수2가1동,21456
197C457DEF,서울특별시 성동구 뚝섬로 400,소나***,,서울 성동구,커피전문점,성수,20190422,,37.5384725,127.0549681,success,성동구,R,전통시장,"3130073",뚝도시장,204817,448747,"11200",성동구,"11200670",성수2가1동,21456
9D837FF7F3,서울특별시 성동구 성덕정길 93,왕족*,,서울 성동구,한식-육류/고기,성수,20170911,,37.5377327,127.0539444,success,성동구,R,전통시장,"3130073",뚝도시장,204817,448747,"11200",성동구,"11200670",성수2가1동,21456
D29AB82613,서울특별시 성동구 성덕정길 93,내고******,,서울 성동구,한식-육류/고기,성수,20210129,,37.5377327,127.0539444,success,성동구,R,전통시장,"3130073",뚝도시장,204817,448747,"11200",성동구,"11200670",성수2가1동,21456
A7882F4EF8,서울특별시 성동구 성덕정길 99,참참**,치킨29,서울 성동구,치킨,성수,20220118,,37.5375893,127.0546213,success,성동구,R,전통시장,"3130073",뚝도시장,204817,448747,"11200",성동구,"11200670",성수2가1동,21456
"4182680D90",서울특별시 성동구 성덕정길 99,붕어***,,서울 성동구,베이커리,성수,20231208,,37.5375893,127.0546213,success,성동구,R,전통시장,"3130073",뚝도시장,204817,448747,"11200",성동구,"11200670",성수2가1동,21456
A2DEC8B8B8,서울특별시 성동구 성수이로 29,양일**,,서울 성동구,식료품,성수,20171026,,37.5378838,127.0542739,success,성동구,R,전통시장,"3130073",뚝도시장,204817,448747,"11200",성동구,"11200670",성수2가1동,21456
7B8E77F9B2,서울특별시 성동구 성수이로 30,뚝도**,,서울 성동구,한식-육류/고기,성수,20240513,,37.5377259,127.0545289,success,성동구,R,전통시장,"3130073",뚝도시장,204817,448747,"11200",성동구,"11200670",성수2가1동,21456
49DD179441,서울특별시 성동구 성수이로 33,감닭****,,서울 성동구,한식-육류/고기,성수,20190617,,37.5381934,127.0544204,success,성동구,R,전통시장,"3130073",뚝도시장,204817,448747,"11200",성동구,"11200670",성수2가1동,21456
9B061FC959,서울특별시 성동구 성수이로 35,홀리******,,서울 성동구,치킨,성수,20231019,,37.5384932,127.0545489,success,성동구,R,전통시장,"3130073",뚝도시장,204817,448747,"11200",성동구,"11200670",성수2가1동,21456
BBD8478BE6,서울특별시 성동구 성수이로 35,성수******,,서울 성동구,식품 제조,성수,20221027,,37.5384932,127.0545489,success,성동구,R,전통시장,"3130073",뚝도시장,204817,448747,"11200",성동구,"11200670",성수2가1동,21456
8150B24EAD,서울특별시 성동구 성수이로 37,신기*****,,서울 성동구,일식당,성수,20231103,,37.5385886,127.0545346,success,성동구,R,전통시장,"3130073",뚝도시장,204817,448747,"11200",성동구,"11200670",성수2가1동,21456
48F3AA695A,서울특별시 성동구 성수이로 39,현방******,,서울 성동구,한식-육류/고기,성수,20210709,,37.5386956,127.0545593,success,성동구,R,전통시장,"3130073",뚝도시장,204817,448747,"11200",성동구,"11200670",성수2가1동,21456
12E8C996B1,서울특별시 성동구 성덕정15길 6,국밥***,,서울 성동구,한식-국밥/설렁탕,성수,20241223,,37.5381247,127.0537953,success,성동구,R,전통시장,"3130073",뚝도시장,204817,448747,"11200",성동구,"11200670",성수2가1동,21456
E300186CEB,서울특별시 성동구 성덕정17길 3,연탄***,,서울 성동구,요리주점,성수,20180418,,37.5375469,127.0551625,success,성동구,R,전통시장,"3130073",뚝도시장,204817,448747,"11200",성동구,"11200670",성수2가1동,21456
C9EF27B57A,서울특별시 성동구 성덕정17길 5,계자*,,서울 성동구,백반/가정식,성수,20211108,,37.5377474,127.0551445,success,성동구,R,전통시장,"3130073",뚝도시장,204817,448747,"11200",성동구,"11200670",성수2가1동,21456
C9934643AC,서울특별시 성동구 성덕정17길 7,사*,,서울 성동구,일식당,성수,20230330,,37.537837,127.055143,success,성동구,R,전통시장,"3130073",뚝도시장,204817,448747,"11200",성동구,"11200670",성수2가1동,21456
D78F1F696C,서울특별시 성동구 성덕정17길 7,굿누*,,서울 성동구,호프/맥주,성수,20200820,,37.537837,127.055143,success,성동구,R,전통시장,"3130073",뚝도시장,204817,448747,"11200",성동구,"11200670",성수2가1동,21456
99FF67EFD4,서울특별시 성동구 성덕정17길 9,정희*****,,서울 성동구,한식-육류/고기,성수,20230530,,37.5380406,127.0551361,success,성동구,R,전통시장,"3130073",뚝도시장,204817,448747,"11200",성동구,"11200670",성수2가1동,21456
"023652A43E",서울특별시 성동구 성덕정17길 9,은빛******,,서울 성동구,한식-해물/생선,성수,20190711,,37.5380406,127.0551361,success,성동구,R,전통시장,"3130073",뚝도시장,204817,448747,"11200",성동구,"11200670",성수2가1동,21456
48DBF4F872,서울특별시 성동구 성덕정길 103,성수**,,서울 성동구,요리주점,성수,20231013,,37.5375095,127.0549231,success,성동구,R,전통시장,"3130073",뚝도시장,204817,448747,"11200",성동구,"11200670",성수2가1동,21456
54BC20B0A0,서울특별시 성동구 성덕정15길 12,쏘*,,서울 성동구,양식,성수,20230724,,37.538665,127.054174,success,성동구,R,전통시장,"3130073",뚝도시장,204817,448747,"11200",성동구,"11200670",성수2가1동,21456
EE0678A190,서울특별시 성동구 성덕정15길 12,예쓰******,,서울 성동구,커피전문점,성수,20230906,,37.538665,127.054174,success,성동구,R,전통시장,"3130073",뚝도시장,204817,448747,"11200",성동구,"11200670",성수2가1동,21456
ED67372F75,서울특별시 성동구 성덕정17길 11,코치********,,서울 성동구,일식당,성수,20220620,,37.5382391,127.055129,success,성동구,R,전통시장,"3130073",뚝도시장,204817,448747,"11200",성동구,"11200670",성수2가1동,21456
747664A81F,서울특별시 성동구 성덕정17길 11,성수**,,서울 성동구,일식당,성수,20231212,,37.5382391,127.055129,success,성동구,R,전통시장,"3130073",뚝도시장,204817,448747,"11200",성동구,"11200670",성수2가1동,21456
25CB7FE229,서울특별시 성동구 성덕정17길 11,흙과**,,서울 성동구,한식-단품요리일반,성수,20180228,,37.5382391,127.055129,success,성동구,R,전통시장,"3130073",뚝도시장,204817,448747,"11200",성동구,"11200670",성수2가1동,21456
4ACBCC7739,서울특별시 성동구 성덕정길 95-7,형제**,,서울 성동구,한식-단품요리일반,성수,20240307,,37.5378098,127.0540246,success,성동구,R,전통시장,"3130073",뚝도시장,204817,448747,"11200",성동구,"11200670",성수2가1동,21456
4187D0B073,서울특별시 성동구 성수이로 30-1,뚝섬****,,서울 성동구,일식당,성수,20240610,,37.5377013,127.054645,success,성동구,R,전통시장,"3130073",뚝도시장,204817,448747,"11200",성동구,"11200670",성수2가1동,21456
D354915A15,서울특별시 성동구 성수이로 30-3,뚝도**,,서울 성동구,한식-해물/생선,성수,20171121,,37.5377972,127.0546239,success,성동구,R,전통시장,"3130073",뚝도시장,204817,448747,"11200",성동구,"11200670",성수2가1동,21456
"0B91BA490B",서울특별시 성동구 성수이로 30-4,은식*,,서울 성동구,백반/가정식,성수,20200924,,37.5378512,127.0546196,success,성동구,R,전통시장,"3130073",뚝도시장,204817,448747,"11200",성동구,"11200670",성수2가1동,21456
53E08ECF72,서울특별시 성동구 성수이로 32-3,훈이*,,서울 성동구,백반/가정식,성수,20220622,,37.5380379,127.0547098,success,성동구,R,전통시장,"3130073",뚝도시장,204817,448747,"11200",성동구,"11200670",성수2가1동,21456
"03DCE2BB5C",서울특별시 성동구 성수이로 33-3,메가**,,서울 성동구,백반/가정식,성수,20241011,,37.5382785,127.0544293,success,성동구,R,전통시장,"3130073",뚝도시장,204817,448747,"11200",성동구,"11200670",성수2가1동,21456
C1E11E7838,서울특별시 성동구 성수이로 34-1,쿨베***********,,서울 성동구,담배,성수,20210722,,37.538198,127.054729,success,성동구,R,전통시장,"3130073",뚝도시장,204817,448747,"11200",성동구,"11200670",성수2가1동,21456
2E234CD1DD,서울특별시 성동구 성수이로 36-7,골목**,,서울 성동구,한식-단품요리일반,성수,20230823,,37.538113,127.054828,success,성동구,R,전통시장,"3130073",뚝도시장,204817,448747,"11200",성동구,"11200670",성수2가1동,21456
8EC31C80FF,서울특별시 성동구 성수이로 36-9,시골*,,서울 성동구,백반/가정식,성수,20200923,,37.5380785,127.0548248,success,성동구,R,전통시장,"3130073",뚝도시장,204817,448747,"11200",성동구,"11200670",성수2가1동,21456
D402962627,서울특별시 성동구 성덕정15길 2-5,우리******,,서울 성동구,한식-국수/만두,성수,20190625,,37.5378104,127.0538609,success,성동구,R,전통시장,"3130073",뚝도시장,204817,448747,"11200",성동구,"11200670",성수2가1동,21456
92319F9F84,서울특별시 성동구 성덕정15길 2-9,울보**,,서울 성동구,분식,성수,20240708,,37.5378857,127.0538597,success,성동구,R,전통시장,"3130073",뚝도시장,204817,448747,"11200",성동구,"11200670",성수2가1동,21456
33FFBE73C4,서울특별시 성동구 성덕정15길 4-3,락*,,서울 성동구,한식-해물/생선,성수,20200410,,37.5380395,127.0538573,success,성동구,R,전통시장,"3130073",뚝도시장,204817,448747,"11200",성동구,"11200670",성수2가1동,21456
A5DA4E1003,서울특별시 성동구 성덕정15길 4-7,섬 ***,,서울 성동구,양식,성수,20230428,,37.5380394,127.053938,success,성동구,R,전통시장,"3130073",뚝도시장,204817,448747,"11200",성동구,"11200670",성수2가1동,21456
D401EA47BD,서울특별시 성동구 성덕정15길 6-1,꿈*,,서울 성동구,양식,성수,20241025,,37.5381882,127.0537933,success,성동구,R,전통시장,"3130073",뚝도시장,204817,448747,"11200",성동구,"11200670",성수2가1동,21456
640F63B1EB,서울특별시 성동구 성덕정17길 3-1,성수**,,서울 성동구,이자카야,성수,20240909,,37.5376521,127.0551469,success,성동구,R,전통시장,"3130073",뚝도시장,204817,448747,"11200",성동구,"11200670",성수2가1동,21456
39ADC0C466,서울특별시 성동구 성덕정17길 7-1,오늘*****,,서울 성동구,일식-참치회,성수,20210520,,37.5379278,127.0551409,success,성동구,R,전통시장,"3130073",뚝도시장,204817,448747,"11200",성동구,"11200670",성수2가1동,21456
ABD0A001AF,서울특별시 성동구 성덕정길 101-2,꺅*,,서울 성동구,요리주점,성수,20240816,,37.5375301,127.0548639,success,성동구,R,전통시장,"3130073",뚝도시장,204817,448747,"11200",성동구,"11200670",성수2가1동,21456
46F5D36BCA,서울특별시 성동구 성덕정길 95-13,더 *****,,서울 성동구,한식-국밥/설렁탕,성수,20230710,,37.5379614,127.0540216,success,성동구,R,전통시장,"3130073",뚝도시장,204817,448747,"11200",성동구,"11200670",성수2가1동,21456
B05164E417,서울특별시 성동구 성수이로 32-10,호랑***,,서울 성동구,백반/가정식,성수,20180226,,37.5379711,127.0547114,success,성동구,R,전통시장,"3130073",뚝도시장,204817,448747,"11200",성동구,"11200670",성수2가1동,21456
235958D75C,서울특별시 성동구 성덕정15길 4-11,물레*********,,서울 성동구,한식-해물/생선,성수,20190314,,37.5380375,127.0541079,success,성동구,R,전통시장,"3130073",뚝도시장,204817,448747,"11200",성동구,"11200670",성수2가1동,21456
8D25E9227C,서울특별시 성동구 성덕정15길 4-14,물레********,,서울 성동구,한식-해물/생선,성수,20190314,,37.5379694,127.0541089,success,성동구,R,전통시장,"3130073",뚝도시장,204817,448747,"11200",성동구,"11200670",성수2가1동,21456
17979A7FB4,서울특별시 성동구 성덕정15길 4-20,시장***,,서울 성동구,한식-국밥/설렁탕,성수,20180326,,37.5379696,127.0542712,success,성동구,R,전통시장,"3130073",뚝도시장,204817,448747,"11200",성동구,"11200670",성수2가1동,21456
1DEEB5568D,서울특별시 성동구 성덕정15길 6-10,닭치******,,서울 성동구,한정식,성수,20231218,,37.5382038,127.0540176,success,성동구,R,전통시장,"3130073",뚝도시장,204817,448747,"11200",성동구,"11200670",성수2가1동,21456
F276A1602F,서울특별시 성동구 성덕정15길 6-14,한일**,,서울 성동구,한식-육류/고기,성수,20240322,,37.538156,127.0540182,success,성동구,R,전통시장,"3130073",뚝도시장,204817,448747,"11200",성동구,"11200670",성수2가1동,21456
7F0EB59719,서울특별시 성동구 성덕정15길 6-14,빨강*,,서울 성동구,한식-단품요리일반,성수,20190313,,37.538156,127.0540182,success,성동구,R,전통시장,"3130073",뚝도시장,204817,448747,"11200",성동구,"11200670",성수2가1동,21456
9B75EF851F,서울특별시 성동구 성덕정15길 6-29,서울**,,서울 성동구,식료품,성수,20200521,,37.5385726,127.054091,success,성동구,R,전통시장,"3130073",뚝도시장,204817,448747,"11200",성동구,"11200670",성수2가1동,21456
D2FC15A5E1,서울특별시 성동구 성덕정15길 6-30,전사*,,서울 성동구,백반/가정식,성수,20181022,,37.5381241,127.0541058,success,성동구,R,전통시장,"3130073",뚝도시장,204817,448747,"11200",성동구,"11200670",성수2가1동,21456
F3AD4E7EF8,서울특별시 성동구 성덕정15길 6-32,행복**,,서울 성동구,한식-찌개/전골,성수,20230417,,37.5382035,127.0541049,success,성동구,R,전통시장,"3130073",뚝도시장,204817,448747,"11200",성동구,"11200670",성수2가1동,21456
47170099B7,서울특별시 성동구 성덕정15길 6-40,선숙****,,서울 성동구,반찬,성수,20200602,,37.5382033,127.0541896,success,성동구,R,전통시장,"3130073",뚝도시장,204817,448747,"11200",성동구,"11200670",성수2가1동,21456
9C2549FF31,서울특별시 성동구 성덕정15길 6-46,호호****,,서울 성동구,농산물,성수,20170906,,37.5381878,127.0543468,success,성동구,R,전통시장,"3130073",뚝도시장,204817,448747,"11200",성동구,"11200670",성수2가1동,21456
81FB160AA4,서울 성동구 뚝섬로 404,풍년**,,서울 성동구,미곡상,성수,20070710,,37.5385565,127.0553659,success,성동구,A,골목상권,"3110134",성수119안전센터,205062,448509,"11200",성동구,"11200670",성수2가1동,222826
6D19A5E92A,서울 성동구 뚝섬로 404,중국*,,서울 성동구,중식당,성수,20070808,,37.5385565,127.0553659,success,성동구,A,골목상권,"3110134",성수119안전센터,205062,448509,"11200",성동구,"11200670",성수2가1동,222826
23B6250706,서울 성동구 둘레15길 14,행복**,,서울 성동구,백반/가정식,성수,20110408,,37.5360017,127.0557574,success,성동구,A,골목상권,"3110134",성수119안전센터,205062,448509,"11200",성동구,"11200670",성수2가1동,222826
9635DC4359,서울 성동구 둘레15길 16,농우*,,서울 성동구,축산물,성수,20070525,,37.5362323,127.0557376,success,성동구,A,골목상권,"3110134",성수119안전센터,205062,448509,"11200",성동구,"11200670",성수2가1동,222826
4CE4BD3DBE,서울 성동구 뚝섬로 426.,홍정*,,서울 성동구,중식당,,20150210,,37.5379014,127.0578065,success,성동구,A,골목상권,"3110134",성수119안전센터,205062,448509,"11200",성동구,"11200670",성수2가1동,222826
"098A971F35",서울 성동구 뚝섬로 408-7,생태***,,서울 성동구,한식-해물/생선,성수,20090220,,37.5384254,127.0555273,success,성동구,A,골목상권,"3110134",성수119안전센터,205062,448509,"11200",성동구,"11200670",성수2가1동,222826
D2CDCFE2D4,서울 성동구 성덕정17길 6,뚝도***,,서울 성동구,한식-단품요리일반,성수,20080220,,37.537785,127.0553526,success,성동구,A,골목상권,"3110134",성수119안전센터,205062,448509,"11200",성동구,"11200670",성수2가1동,222826
"04F03995B9",서울 성동구 성덕정길 111,순심**,,서울 성동구,한식-육류/고기,성수,20131017,,37.5371555,127.0557778,success,성동구,A,골목상권,"3110134",성수119안전센터,205062,448509,"11200",성동구,"11200670",성수2가1동,222826
D44E72CCFC,서울 성동구 성덕정길 129,시골**,,서울 성동구,한식-육류/고기,,20080324,,37.5366912,127.0577787,success,성동구,A,골목상권,"3110134",성수119안전센터,205062,448509,"11200",성동구,"11200670",성수2가1동,222826
8BF6153353,서울 성동구 성덕정길 132,불*,,서울 성동구,백반/가정식,,20090918,,37.5364952,127.0579431,success,성동구,A,골목상권,"3110134",성수119안전센터,205062,448509,"11200",성동구,"11200670",성수2가1동,222826
D2DAE82D97,서울 성동구 성덕정길 140,카네*,,서울 성동구,호프/맥주,,20110523,,37.536455,127.0587864,success,성동구,A,골목상권,"3110134",성수119안전센터,205062,448509,"11200",성동구,"11200670",성수2가1동,222826
22EA4127C0,서울 성동구 성덕정길 142,유*,,서울 성동구,요리주점,,20110201,,37.5363983,127.0590115,success,성동구,A,골목상권,"3110134",성수119안전센터,205062,448509,"11200",성동구,"11200670",성수2가1동,222826
A08E13694C,서울 성동구 성덕정길 150,무등*,,서울 성동구,백반/가정식,,20151218,,37.5363159,127.0598774,success,성동구,A,골목상권,"3110134",성수119안전센터,205062,448509,"11200",성동구,"11200670",성수2가1동,222826
5424DBE00D,서울 성동구 성수이로 22.,DS*******,,서울 성동구,농산물,성수,20150130,,37.5371123,127.0542771,success,성동구,A,골목상권,"3110134",성수119안전센터,205062,448509,"11200",성동구,"11200670",성수2가1동,222826
"050581F0EE",서울 성동구 뚝섬로 408-7.,성수****,,서울 성동구,요리주점,성수,20241113,,37.5384254,127.0555273,success,성동구,A,골목상권,"3110134",성수119안전센터,205062,448509,"11200",성동구,"11200670",성수2가1동,222826
"781D674024",서울 성동구 성덕정길 102.,성수**,,서울 성동구,백반/가정식,성수,20070719,,37.5373054,127.054762,success,성동구,A,골목상권,"3110134",성수119안전센터,205062,448509,"11200",성동구,"11200670",성수2가1동,222826
1DFD18A8D0,서울 성동구 성덕정길 109.,맛닭*******,치킨18,서울 성동구,치킨,성수,20160518,,37.5371748,127.0556416,success,성동구,A,골목상권,"3110134",성수119안전센터,205062,448509,"11200",성동구,"11200670",성수2가1동,222826
4CFC31C924,서울 성동구 성덕정길 109.,한낮***,,서울 성동구,와인샵,성수,20210208,,37.5371748,127.0556416,success,성동구,A,골목상권,"3110134",성수119안전센터,205062,448509,"11200",성동구,"11200670",성수2가1동,222826
6ED6AC9EAE,서울 성동구 성덕정길 120.,대한**,,서울 성동구,한식-냉면,,20200813,,37.5366904,127.0566739,success,성동구,A,골목상권,"3110134",성수119안전센터,205062,448509,"11200",성동구,"11200670",성수2가1동,222826
6FA8198679,서울 성동구 성덕정길 120.,죠스***************,,서울 성동구,아이스크림/빙수,,20200618,,37.5366904,127.0566739,success,성동구,A,골목상권,"3110134",성수119안전센터,205062,448509,"11200",성동구,"11200670",성수2가1동,222826
1A7712195D,서울 성동구 성덕정길 122.,삼삼*****,한식-육류/고기11,서울 성동구,한식-육류/고기,,20040816,,37.536638,127.056901,success,성동구,A,골목상권,"3110134",성수119안전센터,205062,448509,"11200",성동구,"11200670",성수2가1동,222826
45B5488EF8,서울 성동구 성덕정길 128.,라일*,,서울 성동구,요리주점,,20161004,,37.536509,127.0575943,success,성동구,A,골목상권,"3110134",성수119안전센터,205062,448509,"11200",성동구,"11200670",성수2가1동,222826
9F081EE339,서울 성동구 성덕정길 133.,딤*,,서울 성동구,호프/맥주,,20040916,,37.5366637,127.0581358,success,성동구,A,골목상권,"3110134",성수119안전센터,205062,448509,"11200",성동구,"11200670",성수2가1동,222826
408A79D8E5,서울 성동구 성덕정길 142.,꽃돼*,,서울 성동구,한식-육류/고기,,20140422,,37.5363983,127.0590115,success,성동구,A,골목상권,"3110134",성수119안전센터,205062,448509,"11200",성동구,"11200670",성수2가1동,222826
91674C873A,서울 성동구 성덕정길 150.,악*,,서울 성동구,한식-단품요리일반,,20190228,,37.5363159,127.0598774,success,성동구,A,골목상권,"3110134",성수119안전센터,205062,448509,"11200",성동구,"11200670",성수2가1동,222826
"01F74A3D59",서울 성동구 성덕정17길 8-1,영계*******,,서울 성동구,치킨,성수,20161201,,37.5380415,127.0553377,success,성동구,A,골목상권,"3110134",성수119안전센터,205062,448509,"11200",성동구,"11200670",성수2가1동,222826
151654BA1D,서울 성동구 성덕정17길 8-1,조개*,,서울 성동구,한식-해물/생선,성수,20131226,,37.5380415,127.0553377,success,성동구,A,골목상권,"3110134",성수119안전센터,205062,448509,"11200",성동구,"11200670",성수2가1동,222826
A6EA097570,서울 성동구 성덕정19길 17.,아이**,,서울 성동구,요리주점,,20090903,,37.5376307,127.0571196,success,성동구,A,골목상권,"3110134",성수119안전센터,205062,448509,"11200",성동구,"11200670",성수2가1동,222826
5B86E12858,서울 성동구 성덕정길 135-1,미경**,,서울 성동구,백반/가정식,,20110228,,37.536674,127.0584053,success,성동구,A,골목상권,"3110134",성수119안전센터,205062,448509,"11200",성동구,"11200670",성수2가1동,222826
"0F62D2C2CF",서울 성동구 성덕정17길 4-1.,우돈**,,서울 성동구,한식-육류/고기,성수,20080411,,37.5376503,127.05537,success,성동구,A,골목상권,"3110134",성수119안전센터,205062,448509,"11200",성동구,"11200670",성수2가1동,222826
94F3CA422B,서울 성동구 성덕정17길 8-1.,성수**,,서울 성동구,백반/가정식,성수,20180706,,37.5380415,127.0553377,success,성동구,A,골목상권,"3110134",성수119안전센터,205062,448509,"11200",성동구,"11200670",성수2가1동,222826
9AC64E44C1,서울 성동구 성덕정길 146-1.,삼미**,,서울 성동구,백반/가정식,,20160412,,37.5363255,127.0595651,success,성동구,A,골목상권,"3110134",성수119안전센터,205062,448509,"11200",성동구,"11200670",성수2가1동,222826
360B6BCFC1,서울특별시 성동구 동일로 41,교촌*******,치킨6,서울 성동구,치킨,,20210810,,37.537031,127.0607287,success,성동구,A,골목상권,"3110134",성수119안전센터,205062,448509,"11200",성동구,"11200670",성수2가1동,222826
"085F6E716F",서울특별시 성동구 동일로 41,그레**,,서울 성동구,커피전문점,,20230818,,37.537031,127.0607287,success,성동구,A,골목상권,"3110134",성수119안전센터,205062,448509,"11200",성동구,"11200670",성수2가1동,222826
A565901532,서울특별시 성동구 뚝섬로 404,봉*,,서울 성동구,베이커리,성수,20221013,,37.5385565,127.0553659,success,성동구,A,골목상권,"3110134",성수119안전센터,205062,448509,"11200",성동구,"11200670",성수2가1동,222826
BA09699019,서울특별시 성동구 뚝섬로 408,싹쓰***,,서울 성동구,한식-육류/고기,성수,20210614,,37.5384547,127.0558862,success,성동구,A,골목상권,"3110134",성수119안전센터,205062,448509,"11200",성동구,"11200670",성수2가1동,222826
9592C66510,서울특별시 성동구 뚝섬로 414,대광**,,서울 성동구,백반/가정식,성수,20200317,,37.5383243,127.0564552,success,성동구,A,골목상권,"3110134",성수119안전센터,205062,448509,"11200",성동구,"11200670",성수2가1동,222826
E6738F086C,서울특별시 성동구 뚝섬로 420,브레***,,서울 성동구,베이커리,,20210819,20250721,37.5381754,127.0570159,success,성동구,A,골목상권,"3110134",성수119안전센터,205062,448509,"11200",성동구,"11200670",성수2가1동,222826
E9A75D0A9D,서울특별시 성동구 뚝섬로 430,단과*,,서울 성동구,베이커리,,20191212,,37.5378661,127.0581237,success,성동구,A,골목상권,"3110134",성수119안전센터,205062,448509,"11200",성동구,"11200670",성수2가1동,222826
D1EB295A18,서울  성동구  성덕정17길  8-1,전주**,,서울 성동구,백반/가정식,성수,20120511,,37.5380415,127.0553377,success,성동구,A,골목상권,"3110134",성수119안전센터,205062,448509,"11200",성동구,"11200670",성수2가1동,222826
BFDC273AED,서울특별시 성동구 성덕정길 98,언니**,,서울 성동구,커피전문점,성수,20190710,,37.5374243,127.0544458,success,성동구,A,골목상권,"3110134",성수119안전센터,205062,448509,"11200",성동구,"11200670",성수2가1동,222826
"00803E9174",서울특별시 성동구 성수이로 18,포도****,,서울 성동구,양식,성수,20240208,,37.5367655,127.0541324,success,성동구,A,골목상권,"3110134",성수119안전센터,205062,448509,"11200",성동구,"11200670",성수2가1동,222826
770CC873E4,서울특별시 성동구 성수이로 18,글리*,,서울 성동구,카페,성수,20221025,,37.5367655,127.0541324,success,성동구,A,골목상권,"3110134",성수119안전센터,205062,448509,"11200",성동구,"11200670",성수2가1동,222826
B918A3FB98,서울특별시 성동구 둘레15길 4-1,에이********,,서울 성동구,카페,성수,20221109,,37.5351342,127.0554698,success,성동구,A,골목상권,"3110134",성수119안전센터,205062,448509,"11200",성동구,"11200670",성수2가1동,222826
6E6BD0839D,서울특별시 성동구 뚝섬로 408-7,성수**********,,서울 성동구,양식,성수,20230911,,37.5384254,127.0555273,success,성동구,A,골목상권,"3110134",성수119안전센터,205062,448509,"11200",성동구,"11200670",성수2가1동,222826
24F5384BB4,서울특별시 성동구 뚝섬로 408-7,오푸******,,서울 성동구,카페,성수,20230403,,37.5384254,127.0555273,success,성동구,A,골목상권,"3110134",성수119안전센터,205062,448509,"11200",성동구,"11200670",성수2가1동,222826
48B6DB988C,서울특별시 성동구 뚝섬로 420-4,호경***,,서울 성동구,백반/가정식,,20180420,,37.5381059,127.0570636,success,성동구,A,골목상권,"3110134",성수119안전센터,205062,448509,"11200",성동구,"11200670",성수2가1동,222826
F7FAA7961C,서울특별시 성동구 성덕정17길 4,헤*,,서울 성동구,요리주점,성수,20231107,,37.5375536,127.0553821,success,성동구,A,골목상권,"3110134",성수119안전센터,205062,448509,"11200",성동구,"11200670",성수2가1동,222826
"01FDC9FAEA",서울특별시 성동구 성덕정17길 4,성수**,,서울 성동구,포장마차,성수,20231108,,37.5375536,127.0553821,success,성동구,A,골목상권,"3110134",성수119안전센터,205062,448509,"11200",성동구,"11200670",성수2가1동,222826
A8F5102FC7,서울특별시 성동구 성덕정17길 8,진미**,,서울 성동구,백반/가정식,성수,20180802,,37.5378774,127.0553949,success,성동구,A,골목상권,"3110134",성수119안전센터,205062,448509,"11200",성동구,"11200670",성수2가1동,222826
45E1109CF3,서울특별시 성동구 성덕정19길 3,뚝섬***,,서울 성동구,한식-해물/생선,성수,20190429,,37.5373342,127.0556948,success,성동구,A,골목상권,"3110134",성수119안전센터,205062,448509,"11200",성동구,"11200670",성수2가1동,222826
5E30D7653F,서울특별시 성동구 성덕정19길 6,카멜****************,,서울 성동구,커피전문점,성수,20170605,,37.5372397,127.0558934,success,성동구,A,골목상권,"3110134",성수119안전센터,205062,448509,"11200",성동구,"11200670",성수2가1동,222826
22B7683FF6,서울특별시 성동구 성덕정21길 6,자*,,서울 성동구,일식당,,20240612,,37.5372227,127.0570994,success,성동구,A,골목상권,"3110134",성수119안전센터,205062,448509,"11200",성동구,"11200670",성수2가1동,222826
8EDC8EDB1E,서울특별시 성동구 성덕정길 100,뚝도**,,서울 성동구,한식-국수/만두,성수,20180426,,37.5373974,127.0545712,success,성동구,A,골목상권,"3110134",성수119안전센터,205062,448509,"11200",성동구,"11200670",성수2가1동,222826
C7EB1E8F0F,서울특별시 성동구 성덕정길 102,일월****,,서울 성동구,분식,성수,20240213,,37.5373054,127.054762,success,성동구,A,골목상권,"3110134",성수119안전센터,205062,448509,"11200",성동구,"11200670",성수2가1동,222826
E8F19A150F,서울특별시 성동구 성덕정길 109,피자*******,,서울 성동구,피자,성수,20210218,,37.5371748,127.0556416,success,성동구,A,골목상권,"3110134",성수119안전센터,205062,448509,"11200",성동구,"11200670",성수2가1동,222826
389F10CE1E,서울특별시 성동구 성덕정길 118,아지*,,서울 성동구,호프/맥주,,20231024,,37.5367492,127.0564421,success,성동구,A,골목상권,"3110134",성수119안전센터,205062,448509,"11200",성동구,"11200670",성수2가1동,222826
788C76269C,서울특별시 성동구 성덕정길 120,성수***,,서울 성동구,일식-덮밥/돈가스,,20240923,,37.5366904,127.0566739,success,성동구,A,골목상권,"3110134",성수119안전센터,205062,448509,"11200",성동구,"11200670",성수2가1동,222826
7E39BD7D1A,서울특별시 성동구 성덕정길 121,우*,,서울 성동구,이자카야,,20230712,,37.5368442,127.0569574,success,성동구,A,골목상권,"3110134",성수119안전센터,205062,448509,"11200",성동구,"11200670",성수2가1동,222826
"0E614A7B1A",서울특별시 성동구 성덕정길 127,후*,,서울 성동구,카페,,20220927,,37.5367337,127.0575533,success,성동구,A,골목상권,"3110134",성수119안전센터,205062,448509,"11200",성동구,"11200670",성수2가1동,222826
187D17CE25,서울특별시 성동구 성덕정길 127,성수*****,,서울 성동구,베이커리,,20240617,,37.5367337,127.0575533,success,성동구,A,골목상권,"3110134",성수119안전센터,205062,448509,"11200",성동구,"11200670",성수2가1동,222826
2CEF80C971,서울특별시 성동구 성덕정길 127,픽미************,,서울 성동구,아이스크림/빙수,,20220418,,37.5367337,127.0575533,success,성동구,A,골목상권,"3110134",성수119안전센터,205062,448509,"11200",성동구,"11200670",성수2가1동,222826
"0FAD4CAABE",서울특별시 성동구 성덕정길 132,스위*****,,서울 성동구,카페,,20240521,,37.5364952,127.0579431,success,성동구,A,골목상권,"3110134",성수119안전센터,205062,448509,"11200",성동구,"11200670",성수2가1동,222826
BB59A21676,서울특별시 성동구 성덕정길 133,너랑**********,,서울 성동구,한식-육류/고기,,20180416,,37.5366637,127.0581358,success,성동구,A,골목상권,"3110134",성수119안전센터,205062,448509,"11200",성동구,"11200670",성수2가1동,222826
562E873FFE,서울특별시 성동구 성덕정길 134,썬*,,서울 성동구,호프/맥주,,20180626,,37.5364295,127.0581509,success,성동구,A,골목상권,"3110134",성수119안전센터,205062,448509,"11200",성동구,"11200670",성수2가1동,222826
F7AB2719E7,서울특별시 성동구 성덕정길 136,스캔*,,서울 성동구,한식-단품요리일반,,20180419,20250708,37.536459,127.0584365,success,성동구,A,골목상권,"3110134",성수119안전센터,205062,448509,"11200",성동구,"11200670",성수2가1동,222826
F326DA276A,서울특별시 성동구 성덕정길 139,핏자******,,서울 성동구,피자,,20220106,,37.5366566,127.0587789,success,성동구,A,골목상권,"3110134",성수119안전센터,205062,448509,"11200",성동구,"11200670",성수2가1동,222826
"09801BCCB5",서울특별시 성동구 성덕정길 141,심토**,,서울 성동구,백반/가정식,,20241029,,37.5365817,127.0590724,success,성동구,A,골목상권,"3110134",성수119안전센터,205062,448509,"11200",성동구,"11200670",성수2가1동,222826
30602E70F0,서울특별시 성동구 성덕정길 141,건*,,서울 성동구,한식-단품요리일반,,20201217,,37.5365817,127.0590724,success,성동구,A,골목상권,"3110134",성수119안전센터,205062,448509,"11200",성동구,"11200670",성수2가1동,222826
6FDA7613EC,서울특별시 성동구 성덕정길 145,영동**,,서울 성동구,백반/가정식,,20170905,,37.5365627,127.0595544,success,성동구,A,골목상권,"3110134",성수119안전센터,205062,448509,"11200",성동구,"11200670",성수2가1동,222826
916A68D648,서울특별시 성동구 성덕정길 150,헤*,,서울 성동구,한식-단품요리일반,,20221007,,37.5363159,127.0598774,success,성동구,A,골목상권,"3110134",성수119안전센터,205062,448509,"11200",성동구,"11200670",성수2가1동,222826
E4E07865EF,서울특별시 성동구 성덕정길 152,프레****,,서울 성동구,양식,,20201027,,37.5362976,127.0601603,success,성동구,A,골목상권,"3110134",성수119안전센터,205062,448509,"11200",성동구,"11200670",성수2가1동,222826
92B0D7B1BB,서울특별시 성동구 성덕정17길 12,밤새**,,서울 성동구,요리주점,성수,20191216,,37.5382969,127.0553767,success,성동구,A,골목상권,"3110134",성수119안전센터,205062,448509,"11200",성동구,"11200670",성수2가1동,222826
5D164CCB8F,서울특별시 성동구 성덕정19길 13,아타*,,서울 성동구,일식당,,20210309,,37.5375291,127.0566792,success,성동구,A,골목상권,"3110134",성수119안전센터,205062,448509,"11200",성동구,"11200670",성수2가1동,222826
D01DF9EC5F,서울특별시 성동구 성덕정19길 23,파라**,,서울 성동구,카페,,20220805,,37.5377562,127.0578704,success,성동구,A,골목상권,"3110134",성수119안전센터,205062,448509,"11200",성동구,"11200670",성수2가1동,222826
9C3EC0EDDC,서울특별시 성동구 성수이로 18-1,높은************,,서울 성동구,카페,성수,20200831,,37.5368727,127.0541522,success,성동구,A,골목상권,"3110134",성수119안전센터,205062,448509,"11200",성동구,"11200670",성수2가1동,222826
20EEE2EE86,서울특별시 성동구 성수이로 24-1,꽃나***,,서울 성동구,분식,성수,20211203,,37.5373365,127.0543507,success,성동구,A,골목상권,"3110134",성수119안전센터,205062,448509,"11200",성동구,"11200670",성수2가1동,222826
5217838A3C,서울특별시 성동구 성덕정길 111-1,대포*,,서울 성동구,포장마차,성수,20180807,,37.5371104,127.0558919,success,성동구,A,골목상권,"3110134",성수119안전센터,205062,448509,"11200",성동구,"11200670",성수2가1동,222826
FCE9571860,서울특별시 성동구 성수이로6길 11,어페***,,서울 성동구,커피전문점,성수,20191125,,37.5367179,127.0550454,success,성동구,A,골목상권,"3110134",성수119안전센터,205062,448509,"11200",성동구,"11200670",성수2가1동,222826
809BEAA13A,서울특별시 성동구 성덕정17길 4,럭럭**,,서울 성동구,카페,성수,20220616,,37.5375536,127.0553821,success,성동구,A,골목상권,"3110134",성수119안전센터,205062,448509,"11200",성동구,"11200670",성수2가1동,222826
F64AF24030,서울특별시 성동구 독서당로39길 39,89**,,서울 성동구,한식-해물/생선,옥수,20200507,,37.5410225,127.0104231,success,성동구,A,골목상권,"3110100",옥수동우편취급국,200870,449042,"11200",성동구,"11200645",옥수동,26060
EC91C206FC,서울특별시 성동구 독서당로39길 43-1,오렌********,,서울 성동구,주류,옥수,20201231,,37.5409004,127.0109326,success,성동구,A,골목상권,"3110100",옥수동우편취급국,200870,449042,"11200",성동구,"11200645",옥수동,26060
E1DF41CE78,서울특별시 성동구 독서당로39길 43-1,소림******,,서울 성동구,중식당,옥수,20220316,,37.5409004,127.0109326,success,성동구,A,골목상권,"3110100",옥수동우편취급국,200870,449042,"11200",성동구,"11200645",옥수동,26060
B723E3740D,서울특별시 성동구 독서당로39길 43-1,연스***,,서울 성동구,일식-참치회,옥수,20200710,,37.5409004,127.0109326,success,성동구,A,골목상권,"3110100",옥수동우편취급국,200870,449042,"11200",성동구,"11200645",옥수동,26060
A9897F7C55,서울특별시 성동구 한림말길 24,옥수*****,,서울 성동구,주스,옥수,20240604,,37.5405156,127.0137484,success,성동구,A,골목상권,"3110101",옥정중학교,201109,449012,"11200",성동구,"11200645",옥수동,23818
9918AC572D,서울특별시 성동구 독서당로 166,과자****,,서울 성동구,베이커리,옥수,20181015,,37.5406371,127.011736,success,성동구,A,골목상권,"3110101",옥정중학교,201109,449012,"11200",성동구,"11200645",옥수동,23818
F074FA6DCE,서울특별시 성동구 독서당로 166,해녀*******,,서울 성동구,한식-해물/생선,옥수,20241105,,37.5406371,127.011736,success,성동구,A,골목상권,"3110101",옥정중학교,201109,449012,"11200",성동구,"11200645",옥수동,23818
5DC3FB1D5F,서울특별시 성동구 독서당로 168,코페*******,카페12,서울 성동구,카페,옥수,20221028,,37.5410237,127.0113682,success,성동구,A,골목상권,"3110101",옥정중학교,201109,449012,"11200",성동구,"11200645",옥수동,23818
EE28A75CE0,서울특별시 성동구 왕십리로 80-1,서울****,,서울 성동구,한식-해물/생선,뚝섬,20191112,,37.544378,127.0459504,success,성동구,,,,,,,,,,,
11BFFCBE83,서울특별시 성동구 왕십리로 80-1,당*,,서울 성동구,아이스크림/빙수,뚝섬,20240110,,37.544378,127.0459504,success,성동구,,,,,,,,,,,
B7E1268177,서울 성동구 금호로13길 1-1.,신금***,,서울 성동구,떡/한과 제조,신금호,20100810,,37.555064,127.0197715,success,성동구,,,,,,,,,,,
9FF9872DBD,서울 성동구 고산자로2길 65.,어거****,,서울 성동구,치킨,,20240405,,37.5551969,127.0383378,success,성동구,,,,,,,,,,,
758D61445D,서울 성동구 고산자로2길 6-6,야미*,,서울 성동구,한식-단품요리일반,,20070713,,37.5520189,127.0358387,success,성동구,,,,,,,,,,,
DF916D9BA2,서울  성동구  금호로13길  3,이모*,,서울 성동구,백반/가정식,신금호,20120517,,37.5550393,127.0196502,success,성동구,,,,,,,,,,,
EDFFBFE90B,서울  성동구  고산자로  284,맘마*,도시락1,서울 성동구,도시락,왕십리,20120713,,37.5649229,127.0368108,success,성동구,,,,,,,,,,,
2EDD8317FA,서울특별시 성동구 행당로 6,우림*****,,서울 성동구,한식-육류/고기,신금호,20190911,,37.5545218,127.0208512,success,성동구,,,,,,,,,,,
53987F6D47,서울  성동구  고산자로  290,마장****,,서울 성동구,한식-육류/고기,왕십리,19990927,,37.5653463,127.0366944,success,성동구,,,,,,,,,,,
F0CE500A65,서울특별시 성동구 행당로 6,알고*****,,서울 성동구,양식,신금호,20241213,,37.5545218,127.0208512,success,성동구,,,,,,,,,,,
FA8BCD6DDD,서울특별시 성동구 행당로 2,트리***********,,서울 성동구,커피전문점,신금호,20230208,,37.5545539,127.020489,success,성동구,,,,,,,,,,,
8D93FA8AF3,서울 성동구 행당로6길 97 .,파리********,베이커리10,서울 성동구,베이커리,행당,20160922,,37.5558801,127.0292075,success,성동구,,,,,,,,,,,
182C5D1799,서울특별시 성동구 성수이로7길 7,이랑****************,,서울 성동구,한식-단품요리일반,성수,20170214,,37.5397762,127.0545272,success,성동구,,,,,,,,,,,
FD1D26195F,서울특별시 성동구 성수이로7길 1,젤라****,,서울 성동구,아이스크림/빙수,성수,20180419,,37.5395052,127.0548853,success,성동구,,,,,,,,,,,
4251F43180,서울특별시 성동구 성수이로7길 1,범*,,서울 성동구,요리주점,성수,20211220,,37.5395052,127.0548853,success,성동구,,,,,,,,,,,
79DB6DBBB4,서울특별시 성동구 성수이로7길 7,커피******,커피전문점8,서울 성동구,커피전문점,성수,20171220,,37.5397762,127.0545272,success,성동구,,,,,,,,,,,
FCE9599321,서울특별시 성동구 성수이로7길 7,가가**,,서울 성동구,일식당,성수,20200622,,37.5397762,127.0545272,success,성동구,,,,,,,,,,,
383481B7AC,서울특별시 성동구 성수이로7길 1,모센***********,,서울 성동구,카페,성수,20221102,,37.5395052,127.0548853,success,성동구,,,,,,,,,,,
4996910EA9,서울 성동구 왕십리로5길 19,송범**,,서울 성동구,백반/가정식,뚝섬,20051123,,37.5477026,127.043687,success,성동구,,,,,,,,,,,
81F1EA7323,서울 성동구 왕십리로 80-1.,성수***,한식-국밥/설렁탕6,서울 성동구,한식-국밥/설렁탕,뚝섬,20141017,,37.544378,127.0459504,success,성동구,,,,,,,,,,,
49E147A359,서울 성동구 왕십리로 410 .,부자**,,서울 성동구,떡/한과 제조,,20170110,,37.56611,127.0276467,success,성동구,,,,,,,,,,,
51469424CB,서울 성동구 왕십리로 357 .,공차**********,차1,서울 성동구,차,,20200729,,37.5638005,127.0302686,success,성동구,,,,,,,,,,,
E411010CB1,서울 성동구 왕십리로 410 .,진이*******,반찬2,서울 성동구,반찬,,20230329,,37.56611,127.0276467,success,성동구,,,,,,,,,,,
D669157A58,서울특별시 성동구 서울숲길 51-1,아오***,,서울 성동구,한식-단품요리일반,뚝섬,20210624,,37.548174,127.0433408,success,성동구,,,,,,,,,,,
E7A25A394B,서울특별시 성동구 서울숲길 46-1,제*,,서울 성동구,중식당,뚝섬,20191209,,37.5478637,127.0426257,success,성동구,,,,,,,,,,,
F18AEC23C8,서울 성동구 성수이로7길 1.,성수**,,서울 성동구,일식-초밥/롤,성수,20150825,,37.5395052,127.0548853,success,성동구,,,,,,,,,,,
"0F236D513F",서울특별시 성동구 상원1길 35-23,래빗****,,서울 성동구,햄버거,뚝섬,20240422,,37.5461122,127.0472117,success,성동구,,,,,,,,,,,
D3477E9950,서울특별시 성동구 서울숲7길 9-1,포도**,,서울 성동구,베이커리,뚝섬,20211001,,37.5484037,127.042983,success,성동구,,,,,,,,,,,
3632A29DDA,서울특별시 성동구 사근동길 21-1,길이********,,서울 성동구,백반/가정식,한양대,20170420,,37.5609826,127.043397,success,성동구,,,,,,,,,,,
82D491E6AB,서울특별시 성동구 왕십리로 410,커스***********,,서울 성동구,커피전문점,,20240927,,37.56611,127.0276467,success,성동구,,,,,,,,,,,
A153724F2C,서울 성동구 서울숲6길 20 .,사운****,,서울 성동구,일반 유흥주점,뚝섬,20190423,,37.5473041,127.0437506,success,성동구,,,,,,,,,,,
8BA8BCCA0D,서울특별시 성동구 왕십리로 410,투썸***********,커피전문점13,서울 성동구,커피전문점,,20240813,,37.56611,127.0276467,success,성동구,,,,,,,,,,,
7A922D4172,서울특별시 성동구 왕십리로 410,대찬**,,서울 성동구,백반/가정식,,20170515,,37.56611,127.0276467,success,성동구,,,,,,,,,,,
3D432C28C3,서울특별시 성동구 왕십리로 410,장한*******,,서울 성동구,백반/가정식,,20170427,,37.56611,127.0276467,success,성동구,,,,,,,,,,,
1CCF1F16FD,서울특별시 성동구 왕십리로 410,텐퍼*****,,서울 성동구,커피전문점,,20230801,,37.56611,127.0276467,success,성동구,,,,,,,,,,,
1AE0F9961C,서울특별시 성동구 왕십리로 410,메가************,커피전문점2,서울 성동구,커피전문점,,20220224,,37.56611,127.0276467,success,성동구,,,,,,,,,,,
EFEE980DF0,서울특별시 성동구 왕십리로 410,읍천***********,,서울 성동구,커피전문점,,20240517,,37.56611,127.0276467,success,성동구,,,,,,,,,,,
B2319196A9,서울특별시 성동구 왕십리로 410,컴포**********,커피전문점11,서울 성동구,커피전문점,,20231121,,37.56611,127.0276467,success,성동구,,,,,,,,,,,
D3B3CDB5D1,서울특별시 성동구 왕십리로 410,아띠*,,서울 성동구,베이커리,,20240103,,37.56611,127.0276467,success,성동구,,,,,,,,,,,
70B94E4108,서울특별시 성동구 왕십리로 410,브레********,베이커리5,서울 성동구,베이커리,,20221116,,37.56611,127.0276467,success,성동구,,,,,,,,,,,
1A1EC4B50C,서울특별시 성동구 왕십리로 410,생활**,호프/맥주4,서울 성동구,호프/맥주,,20170602,,37.56611,127.0276467,success,성동구,,,,,,,,,,,
"0806C51324",서울특별시 성동구 왕십리로 410,위클****,,서울 성동구,베이커리,,20240411,,37.56611,127.0276467,success,성동구,,,,,,,,,,,
E8829764C8,서울 성동구 뚝섬로 385-40,명국*,한식-국수/만두6,서울 성동구,한식-국수/만두,성수,20131023,,37.5394876,127.0546685,success,성동구,,,,,,,,,,,
72466FE427,서울특별시 성동구 왕십리로 410,벤티*******,,서울 성동구,햄버거,,20240801,,37.56611,127.0276467,success,성동구,,,,,,,,,,,
C3358FB0BB,서울특별시 성동구 왕십리로 410,맘스***********,햄버거2,서울 성동구,햄버거,,20221219,,37.56611,127.0276467,success,성동구,,,,,,,,,,,
"082F14367D",서울 성동구 독서당로 375.,은지*,,서울 성동구,중식당,,20140331,,37.5502517,127.0295016,success,성동구,,,,,,,,,,,
"041B7CBFB0",서울특별시 성동구 왕십리로 410,찰리****,,서울 성동구,베이커리,,20211012,,37.56611,127.0276467,success,성동구,,,,,,,,,,,
420900C565,서울 성동구 동일로 261-1.,송정**,,서울 성동구,식료품,,20130103,,37.5549726,127.0709915,success,성동구,,,,,,,,,,,
"9676184554",서울특별시 성동구 왕십리로 410,몽쥬***********************,,서울 성동구,베이커리,,20190311,,37.56611,127.0276467,success,성동구,,,,,,,,,,,
B1A8FD3571,서울 성동구 독서당로 434.,파파*********,피자7,서울 성동구,피자,,20140918,,37.5530013,127.0335419,success,성동구,,,,,,,,,,,
5D173C6BD3,서울특별시 성동구 왕십리로 410,프리*********,,서울 성동구,청과물,,20230327,,37.56611,127.0276467,success,성동구,,,,,,,,,,,
2637B87ECB,서울특별시 성동구 왕십리로 410,스위******,,서울 성동구,청과물,,20171206,,37.56611,127.0276467,success,성동구,,,,,,,,,,,
6C47280EB3,서울특별시 성동구 왕십리로 410,손민******,,서울 성동구,축산물,,20240822,,37.56611,127.0276467,success,성동구,,,,,,,,,,,
29BB814FD2,서울 성동구 독서당로 344.,제부*,,서울 성동구,미곡상,,20230111,,37.5468032,127.0265652,success,성동구,,,,,,,,,,,
B2B0A6FE69,서울특별시 성동구 왕십리로 410,흥부**,,서울 성동구,축산물,,20190927,20250610,37.56611,127.0276467,success,성동구,,,,,,,,,,,
D3DEA832D8,서울특별시 성동구 왕십리로 410,백소******,,서울 성동구,일식당,,20230726,,37.56611,127.0276467,success,성동구,,,,,,,,,,,
492180DBE3,서울특별시 성동구 왕십리로 410,스시**,,서울 성동구,일식당,,20190603,,37.56611,127.0276467,success,성동구,,,,,,,,,,,
25D5913CB4,서울 성동구 독서당로 274.,에그*******,,서울 성동구,양식,금남시장,20190926,,37.5469667,127.0197972,success,성동구,,,,,,,,,,,
4EE6D5E718,서울특별시 성동구 왕십리로 410,성화**********,,서울 성동구,중식당,,20220921,,37.56611,127.0276467,success,성동구,,,,,,,,,,,
730B956D46,서울특별시 성동구 왕십리로 410,마라**,,서울 성동구,중식당,,20210506,,37.56611,127.0276467,success,성동구,,,,,,,,,,,
21ED3E83CA,서울특별시 성동구 왕십리로 410,더디******,,서울 성동구,식료품,,20230613,,37.56611,127.0276467,success,성동구,,,,,,,,,,,
BF9A1F66F9,서울 성동구 독서당로 242.,문화**,,서울 성동구,식료품,옥수,20100119,,37.5449203,127.0176529,success,성동구,,,,,,,,,,,
FEAD704455,서울특별시 성동구 왕십리로 410,케키******,,서울 성동구,식료품,,20220113,,37.56611,127.0276467,success,성동구,,,,,,,,,,,
DD2B300AD5,서울특별시 성동구 왕십리로 410,다온**,,서울 성동구,일식당,,20170717,,37.56611,127.0276467,success,성동구,,,,,,,,,,,
FCC01DA1A3,서울 성동구 독서당로 272.,대가******,,서울 성동구,식료품,금남시장,20130911,,37.5459724,127.0196834,success,성동구,,,,,,,,,,,
94D1FFE0F6,서울특별시 성동구 왕십리로 410,참치*****,,서울 성동구,일식당,,20170206,,37.56611,127.0276467,success,성동구,,,,,,,,,,,
565439335B,서울 성동구 독서당로 270.,와우**,,서울 성동구,치킨,금남시장,20100629,,37.5459724,127.0196834,success,성동구,,,,,,,,,,,
4E8BDFA3D8,서울특별시 성동구 왕십리로 410,한솥*********,도시락3,서울 성동구,도시락,,20230824,20250808,37.56611,127.0276467,success,성동구,,,,,,,,,,,
39D9285E8D,서울 성동구 독서당로 187.,한우**************,,서울 성동구,한식-육류/고기,,20200403,,37.5432656,127.0115516,success,성동구,,,,,,,,,,,
69473BF966,서울특별시 성동구 왕십리로 410,잭슨*******,,서울 성동구,피자,,20211018,,37.56611,127.0276467,success,성동구,,,,,,,,,,,
D9B4DCAFB9,서울 성동구 독서당로 160.,삼원***,,서울 성동구,한식-육류/고기,옥수,20000404,,37.5397394,127.0141579,success,성동구,,,,,,,,,,,
"02621706D5",서울특별시 성동구 왕십리로 410,미래*,,서울 성동구,식료품,,20211231,,37.56611,127.0276467,success,성동구,,,,,,,,,,,
CA3624AE85,서울 성동구 독서당로 190.,탕끓****,,서울 성동구,반찬,옥수,20160421,,37.5423638,127.0123174,success,성동구,,,,,,,,,,,
C8892CAE05,서울특별시 성동구 왕십리로 410,환상**,,서울 성동구,식료품,,20170317,,37.56611,127.0276467,success,성동구,,,,,,,,,,,
77912A90AA,서울 성동구 독서당로 187.,착한***,,서울 성동구,한식-단품요리일반,,20201030,,37.5432656,127.0115516,success,성동구,,,,,,,,,,,
2FB475D73E,서울특별시 성동구 왕십리로 410,오버**********,,서울 성동구,카페,,20210317,,37.56611,127.0276467,success,성동구,,,,,,,,,,,
"02A32AE992",서울특별시 성동구 왕십리로 410,카페**,,서울 성동구,카페,,20170703,,37.56611,127.0276467,success,성동구,,,,,,,,,,,
"00F54829E1",서울특별시 성동구 왕십리로 410,카페***,,서울 성동구,카페,,20220630,,37.56611,127.0276467,success,성동구,,,,,,,,,,,
5F6A947002,서울 성동구 독서당로 160.,신자**,,서울 성동구,중식당,옥수,20150911,,37.5397394,127.0141579,success,성동구,,,,,,,,,,,
9ED42062FD,서울특별시 성동구 왕십리로 410,탐앤***********,카페13,서울 성동구,카페,,20210407,,37.56611,127.0276467,success,성동구,,,,,,,,,,,
1ECD387AAF,서울 성동구 난계로 101-1.,신앙***,식료품1,서울 성동구,식료품,,20130404,,37.5610338,127.0237192,success,성동구,,,,,,,,,,,
8BD1977593,서울특별시 성동구 왕십리로 410,어거*************,,서울 성동구,치킨,,20240131,,37.56611,127.0276467,success,성동구,,,,,,,,,,,
ED2BD4308F,서울특별시 성동구 왕십리로 410,치킨***********,치킨31,서울 성동구,치킨,,20230425,,37.56611,127.0276467,success,성동구,,,,,,,,,,,
4011B78273,서울 성동구 금호로11길 1.,이모*****,,서울 성동구,포장마차,신금호,20111018,,37.5545941,127.0194387,success,성동구,,,,,,,,,,,
4BA62EBC13,서울특별시 성동구 왕십리로 410,안느*****************,,서울 성동구,카페,,20170523,,37.56611,127.0276467,success,성동구,,,,,,,,,,,
5A0D48A713,서울특별시 성동구 왕십리로 410,카페***,,서울 성동구,카페,,20170302,,37.56611,127.0276467,success,성동구,,,,,,,,,,,
8C29C85978,서울특별시 성동구 왕십리로 410,피자*******,,서울 성동구,양식,,20241122,,37.56611,127.0276467,success,성동구,,,,,,,,,,,
FD186D39D7,서울특별시 성동구 왕십리로 410,밀땅************,,서울 성동구,양식,,20221107,,37.56611,127.0276467,success,성동구,,,,,,,,,,,
F25F012B89,서울특별시 성동구 왕십리로 410,바틀**,,서울 성동구,주류,,20230426,,37.56611,127.0276467,success,성동구,,,,,,,,,,,
A2BE23B78B,서울특별시 성동구 왕십리로 410,딜리*****************************,,서울 성동구,주류,,20210122,,37.56611,127.0276467,success,성동구,,,,,,,,,,,
92B5E6E8E9,서울특별시 성동구 왕십리로 410,또아******,,서울 성동구,양식,,20170310,,37.56611,127.0276467,success,성동구,,,,,,,,,,,
"072ED18558",서울특별시 성동구 왕십리로 410,오토**********,,서울 성동구,분식,,20230209,,37.56611,127.0276467,success,성동구,,,,,,,,,,,
93CECB5143,서울특별시 성동구 왕십리로 410,이태**,,서울 성동구,양식,,20221031,,37.56611,127.0276467,success,성동구,,,,,,,,,,,
9402DC5480,서울특별시 성동구 왕십리로 410,오*,,서울 성동구,양식,,20180928,,37.56611,127.0276467,success,성동구,,,,,,,,,,,
92AE5ED1DA,서울 성동구 광나루로 156.,참새****,,서울 성동구,백반/가정식,뚝섬,20120109,,37.5514178,127.0475865,success,성동구,,,,,,,,,,,
"01670CF403",서울특별시 성동구 왕십리로 390,한스*******,,서울 성동구,베이커리,,20200709,,37.5652128,127.0270381,success,성동구,,,,,,,,,,,
868FFBF701,서울특별시 성동구 왕십리로 382,만만**,,서울 성동구,일식당,,20230224,20250723,37.5650965,127.0280332,success,성동구,,,,,,,,,,,
75E89D6E30,서울 성동구 고산자로 331.,마장*********,,서울 성동구,축산물,마장동,20160715,,37.5691661,127.0370787,success,성동구,,,,,,,,,,,
3046541AF9,서울특별시 성동구 왕십리로 410,싸다**,,서울 성동구,분식,,20200804,,37.56611,127.0276467,success,성동구,,,,,,,,,,,
A5C5B7E719,서울특별시 성동구 왕십리로 410,비밀**,,서울 성동구,반찬,,20191120,,37.56611,127.0276467,success,성동구,,,,,,,,,,,
20B0361789,서울 성동구 고산자로 293.,진국***,,서울 성동구,한식-국밥/설렁탕,왕십리,20140529,,37.5658203,127.0360434,success,성동구,,,,,,,,,,,
BC38E02E89,서울 성동구 고산자로 293.,곱창****,,서울 성동구,한식-찌개/전골,왕십리,20140605,,37.5658203,127.0360434,success,성동구,,,,,,,,,,,
708697C149,서울 성동구 고산자로 323.,통통***,,서울 성동구,한식-단품요리일반,마장동,20191017,,37.5685122,127.036904,success,성동구,,,,,,,,,,,
"04393D7C92",서울특별시 성동구 왕십리로 357,왕십*****,,서울 성동구,한식-육류/고기,,20190313,20250723,37.5638005,127.0302686,success,성동구,,,,,,,,,,,
99DD3929E7,서울 성동구 고산자로 281.,동막*,,서울 성동구,한식-해물/생선,왕십리,20151201,,37.5648615,127.036046,success,성동구,,,,,,,,,,,
9300D17DDE,서울특별시 성동구 왕십리로 357,돌삼****,,서울 성동구,한식-육류/고기,,20180921,,37.5638005,127.0302686,success,성동구,,,,,,,,,,,
3EDB2D7A36,서울 성동구 고산자로 281.,왕십***,,서울 성동구,포장마차,왕십리,20150204,,37.5648615,127.036046,success,성동구,,,,,,,,,,,
FCDFAFB42A,서울특별시 성동구 왕십리로 359,일월*******,,서울 성동구,한식-육류/고기,,20230817,,37.5638651,127.0299813,success,성동구,,,,,,,,,,,
15418FA4F2,서울 성동구 고산자로 293.,양*,,서울 성동구,한식-육류/고기,왕십리,20140820,,37.5658203,127.0360434,success,성동구,,,,,,,,,,,
9174DFCA58,서울 성동구 고산자로 293.,월드*******,,서울 성동구,일반 유흥주점,왕십리,20020208,,37.5658203,127.0360434,success,성동구,,,,,,,,,,,
E38998FBCE,서울특별시 성동구 왕십리로 348,킹스***,,서울 성동구,호프/맥주,왕십리,20240531,,37.563684,127.0316538,success,성동구,,,,,,,,,,,
C05AB78A24,서울특별시 성동구 왕십리로 348,경희*****,,서울 성동구,인삼제품,왕십리,20210202,,37.563684,127.0316538,success,성동구,,,,,,,,,,,
C920395745,서울 성동구 고산자로 177.,치킨***,치킨32,서울 성동구,치킨,,20110527,,37.5551998,127.0324682,success,성동구,,,,,,,,,,,
EB654FE0E6,서울특별시 성동구 왕십리로 357,화곡**********,,서울 성동구,도너츠,,20230213,,37.5638005,127.0302686,success,성동구,,,,,,,,,,,
29B5BE80D4,서울  성동구  성수이로7길,원할***********,한식-육류/고기19,서울 성동구,한식-육류/고기,성수,20140226,,37.5413665,127.0538978,success,성동구,,,,,,,,,,,
"09805F8B6F",서울특별시 성동구 왕십리로 340,백남********,,서울 성동구,한식-단품요리일반,왕십리,20230202,,37.5633425,127.0324297,success,성동구,,,,,,,,,,,
18FC952F28,서울  성동구  사근동길  2,카페***,,서울 성동구,카페,한양대,20120516,,37.5599705,127.0413329,success,성동구,,,,,,,,,,,
41A48AF8FE,서울특별시 성동구 왕십리로 340,모리********,,서울 성동구,커피전문점,왕십리,20240905,,37.5633425,127.0324297,success,성동구,,,,,,,,,,,
F15C05A1D9,서울 성동구 행당로8길 5.,신사*******,,서울 성동구,이자카야,행당,20160719,,37.5574665,127.0301719,success,성동구,,,,,,,,,,,
"052D57B40B",서울 성동구 행당로6길 2.,명품********,피자3,서울 성동구,피자,,20120816,,37.5543445,127.025839,success,성동구,,,,,,,,,,,
869C372EFC,서울 성동구 한림말길 40.,구*,,서울 성동구,카페,옥수,20081007,,37.5408687,127.0153713,success,성동구,,,,,,,,,,,
C506E14D73,서울 성동구 행당로 108-1,국수*******,한식-국수/만두3,서울 성동구,한식-국수/만두,행당,20110314,,37.5577951,127.0309725,success,성동구,,,,,,,,,,,
9B0DD78098,서울 성동구 천호대로 296,장어**,,서울 성동구,한식-해물/생선,답십리,20220622,,37.56598,127.0531479,success,성동구,,,,,,,,,,,
DDF9F33035,서울 성동구 천호대로 294,또바***,치킨16,서울 성동구,치킨,답십리,20110615,,37.5661522,127.0530861,success,성동구,,,,,,,,,,,
862A6A9582,서울 성동구 천호대로 276,일인**,,서울 성동구,한식-단품요리일반,답십리,20130212,,37.5672347,127.0515242,success,성동구,,,,,,,,,,,
9748DB8705,서울특별시 성동구 왕십리로 259,아이***********,담배1,서울 성동구,담배,왕십리,20180727,,37.5581715,127.0384631,success,성동구,,,,,,,,,,,
276A8846C9,서울특별시 성동구 왕십리로 257,한양*,,서울 성동구,백반/가정식,왕십리,20190222,,37.5579783,127.0387415,success,성동구,,,,,,,,,,,
F719EFDFC0,서울특별시 성동구 왕십리로 280,어메**,,서울 성동구,한식-육류/고기,왕십리,20170802,,37.5599987,127.0374482,success,성동구,,,,,,,,,,,
E322BB2F76,서울특별시 성동구 왕십리로 236,지지******,분식16,서울 성동구,분식,한양대,20210823,,37.5578368,127.0413207,success,성동구,,,,,,,,,,,
BF88DF05E7,서울특별시 성동구 왕십리로 257,에스***********,,서울 성동구,식료품,왕십리,20170522,,37.5579783,127.0387415,success,성동구,,,,,,,,,,,
48C1483437,서울특별시 성동구 왕십리로 241,여백***,,서울 성동구,카페,,20170213,,37.5536986,127.0391633,success,성동구,,,,,,,,,,,
AF1AD2ECAD,서울특별시 성동구 왕십리로 222,일구**,,서울 성동구,중식당,한양대,20230104,,37.5577414,127.0473936,success,성동구,,,,,,,,,,,
EE3122B53A,서울특별시 성동구 왕십리로 222,매란***,,서울 성동구,중식당,한양대,20210525,,37.5577414,127.0473936,success,성동구,,,,,,,,,,,
"0A043079E8",서울특별시 성동구 왕십리로 222,신의*****,한식-육류/고기16,서울 성동구,한식-육류/고기,한양대,20181207,,37.5577414,127.0473936,success,성동구,,,,,,,,,,,
F2357E23BC,서울 성동구 용답25길 15.,제*,,서울 성동구,농산물,답십리,20140103,,37.5618702,127.053126,success,성동구,,,,,,,,,,,
6CB3606866,서울특별시 성동구 왕십리로 222,투썸***************,커피전문점13,서울 성동구,커피전문점,한양대,20170629,,37.5577414,127.0473936,success,성동구,,,,,,,,,,,
ED8A95E5CB,서울특별시 성동구 왕십리로 222,공차**********,차1,서울 성동구,차,한양대,20190211,,37.5577414,127.0473936,success,성동구,,,,,,,,,,,
AA429ED22A,서울 성동구 왕십리로 357,라빠*****,,서울 성동구,호프/맥주,,20150902,,37.5638005,127.0302686,success,성동구,,,,,,,,,,,
293EA4B2A0,서울특별시 성동구 왕십리로 222,유니**,,서울 성동구,분식,한양대,20240208,,37.5577414,127.0473936,success,성동구,,,,,,,,,,,
B24D425CDE,서울특별시 성동구 왕십리로 222,김밥**,분식2,서울 성동구,분식,한양대,20180824,,37.5577414,127.0473936,success,성동구,,,,,,,,,,,
F136D24734,서울특별시 성동구 왕십리로 206,달콤****,,서울 성동구,베이커리,한양대,20200420,,37.5536986,127.0391633,success,성동구,,,,,,,,,,,
6E35613130,서울 성동구 성수일로 33.,토*,,서울 성동구,베이커리,성수,20180109,,37.5436309,127.0491999,success,성동구,,,,,,,,,,,
B5A87E019D,서울특별시 성동구 뚝섬로7길 7-1,포도************,,서울 성동구,요리주점,성수,20220719,,37.5390394,127.0564008,success,성동구,,,,,,,,,,,
"05EE42C739",서울특별시 성동구 뚝섬로1나길 5,로우*,,서울 성동구,카페,뚝섬,20210608,,37.544442,127.0477666,success,성동구,,,,,,,,,,,
BA2CC9CBB0,서울특별시 성동구 뚝섬로9길 3-1,카페***********,,서울 성동구,아이스크림/빙수,성수,20241008,,37.5386791,127.0567612,success,성동구,,,,,,,,,,,
80DB1CE0EE,서울특별시 성동구 뚝섬로9길 3-1,파라*,,서울 성동구,와인바,성수,20211110,,37.5386791,127.0567612,success,성동구,,,,,,,,,,,
43B9C1697C,서울 성동구 왕십리로 222.,카페*,,서울 성동구,카페,한양대,20150813,,37.5577414,127.0473936,success,성동구,,,,,,,,,,,
53A8784B97,서울 성동구 왕십리로 206.,메가***********,커피전문점2,서울 성동구,커피전문점,한양대,20240819,,37.5536986,127.0391633,success,성동구,,,,,,,,,,,
AEC1C59A9D,서울특별시 성동구 뚝섬로 427-15,지우*,,서울 성동구,중식-딤섬/중식만두,,20241004,,37.5384197,127.0577486,success,성동구,,,,,,,,,,,
4EEF5997AF,서울특별시 성동구 뚝섬로 385-40,오부*,,서울 성동구,한식-찌개/전골,성수,20171012,,37.5394876,127.0546685,success,성동구,,,,,,,,,,,
8CF39A31E0,서울특별시 성동구 뚝섬로 385-32,밀단*,,서울 성동구,일식-샤브샤브,성수,20171016,20250808,37.539392,127.0543709,success,성동구,,,,,,,,,,,
"036B3FD49B",서울특별시 성동구 뚝섬로 385-32,컴포***************,커피전문점11,서울 성동구,커피전문점,성수,20220715,,37.539392,127.0543709,success,성동구,,,,,,,,,,,
B0A6B628D3,서울특별시 성동구 뚝섬로 385-40,샵 *********,,서울 성동구,커피전문점,성수,20200616,,37.5394876,127.0546685,success,성동구,,,,,,,,,,,
"0A11294210",서울특별시 성동구 뚝섬로 385-40,무공**********,,서울 성동구,분식,성수,20220204,,37.5394876,127.0546685,success,성동구,,,,,,,,,,,
E145D9B3BC,서울특별시 성동구 난계로 114-31,주아**,,서울 성동구,농산물,,20230116,,37.5613833,127.0258558,success,성동구,,,,,,,,,,,
C7B69482A3,서울 성동구 성수이로 147.,스텀********,,서울 성동구,카페,성수,20120927,,37.5480939,127.0575184,success,성동구,,,,,,,,,,,
3F9407A8C2,서울특별시 성동구 금호로13길 20,카페**,,서울 성동구,카페,,20170420,,37.5538722,127.0185336,success,성동구,,,,,,,,,,,
816261F28B,서울특별시 성동구 고산자로2길 4,간식******,,서울 성동구,아이스크림/빙수,,20210818,,37.5520089,127.035498,success,성동구,,,,,,,,,,,
9FE4CA2E40,서울특별시 성동구 행당로9길 43,리마***,,서울 성동구,중식당,행당,20240305,,37.5579013,127.0271186,success,성동구,,,,,,,,,,,
43C7FF8A46,경기 동두천시 중앙로265번길 30.,은하***,,서울 성동구,한식-해물/생선,행당,20191030,,37.9054781,127.0522755,success,,,,,,,,,,,,
D4C5EBD12F,서울특별시 성동구 행당로9길 43,석촌*******,,서울 성동구,백반/가정식,행당,20240305,,37.5579013,127.0271186,success,성동구,,,,,,,,,,,
DB4CA4D632,서울 성동구 서울숲2길 47.,목로**,,서울 성동구,카페,뚝섬,20200114,,37.5463167,127.044064,success,성동구,,,,,,,,,,,
1CE1551AF3,서울 성동구 서울숲6길 14.,브릴*,,서울 성동구,와인바,뚝섬,20210430,,37.5475077,127.0430577,success,성동구,,,,,,,,,,,
5C57D59C97,서울특별시 성동구 행당로 112-5,청춘**,,서울 성동구,한식-육류/고기,행당,20170818,,37.5577418,127.0312645,success,성동구,,,,,,,,,,,
75FEAA7D87,서울특별시 성동구 행당로 104-1,진이*******,반찬2,서울 성동구,반찬,행당,20210527,,37.5575434,127.0303758,success,성동구,,,,,,,,,,,
D3E9FFD90F,서울 성동구 살곶이길 152.,카페**,,서울 성동구,카페,,20150309,,37.5626699,127.0485363,success,성동구,,,,,,,,,,,
3291FF9C92,서울 성동구 살곶이길 150.,아트***,,서울 성동구,식료품,,20200611,,37.5629465,127.048303,success,성동구,,,,,,,,,,,
"0C8815C811",서울 성동구 살곶이길 18 .,변산******,,서울 성동구,한식-육류/고기,마장동,20230918,,37.5613868,127.0436916,success,성동구,,,,,,,,,,,
7E1DD52BF1,서울특별시 성동구 청계천로 494,로그***,,서울 성동구,카페,,20220406,,37.5687032,127.0316644,success,성동구,,,,,,,,,,,
F4E7570A2E,서울특별시 성동구 청계천로 450,더가*****,카페1,서울 성동구,카페,,20191216,,37.5702638,127.0268582,success,성동구,,,,,,,,,,,
BC8AC58034,서울특별시 성동구 청계천로 484,두*,,서울 성동구,한식-육류/고기,,20180517,,37.5687032,127.0316644,success,성동구,,,,,,,,,,,
33CEE3F3AA,서울특별시 성동구 청계천로 474,릴즈********,,서울 성동구,양식,,20210219,,37.5695554,127.0293473,success,성동구,,,,,,,,,,,
8BFD98E420,서울 성동구 무학로2길 15.,회동****,,서울 성동구,한식-해물/생선,왕십리,20150910,,37.5641289,127.0317483,success,성동구,,,,,,,,,,,
C87781D0BD,서울 성동구 무학로2가길 2,왕십******,,서울 성동구,한식-육류/고기,왕십리,20090717,,37.5640471,127.031897,success,성동구,,,,,,,,,,,
47DF527035,서울특별시 성동구 천호대로 294,토리*******,,서울 성동구,한식-단품요리일반,답십리,20230911,,37.5661522,127.0530861,success,성동구,,,,,,,,,,,
795AAE487C,서울특별시 성동구 천호대로 294,김밥*,분식6,서울 성동구,분식,답십리,20170124,,37.5661522,127.0530861,success,성동구,,,,,,,,,,,
E852479CD1,서울특별시 성동구 천호대로 296,장어**,,서울 성동구,농산물,답십리,20220622,,37.56598,127.0531479,success,성동구,,,,,,,,,,,
D5CFD2B5BF,서울 성동구 마조로3길 7-1,베네********,,서울 성동구,피자,한양대,20110817,,37.5584802,127.0396372,success,성동구,,,,,,,,,,,
317594F27F,서울특별시 성동구 천호대로 288,태양**,,서울 성동구,한식-해물/생선,답십리,20181112,,37.5664051,127.0527472,success,성동구,,,,,,,,,,,
FD27934820,서울특별시 성동구 천호대로 286,다*,,서울 성동구,식료품,답십리,20231229,,37.5665768,127.0524422,success,성동구,,,,,,,,,,,
F94D17B95F,서울특별시 성동구 왕십리로 410,효자************,,서울 성동구,한식-단품요리일반,,20221103,,37.56611,127.0276467,success,성동구,,,,,,,,,,,
6A9BA67C2E,서울특별시 성동구 왕십리로 410,샐러*******,한식-단품요리일반8,서울 성동구,한식-단품요리일반,,20220523,,37.56611,127.0276467,success,성동구,,,,,,,,,,,
2A4DAD9E0E,서울특별시 성동구 왕십리로 410,맘마*******,,서울 성동구,한식-단품요리일반,,20221213,,37.56611,127.0276467,success,성동구,,,,,,,,,,,
E14648B415,서울특별시 성동구 왕십리로 410,요요*********,,서울 성동구,아이스크림/빙수,,20230627,,37.56611,127.0276467,success,성동구,,,,,,,,,,,
7FC37F0D91,서울특별시 성동구 왕십리로 410,아이***************,,서울 성동구,아이스크림/빙수,,20210415,,37.56611,127.0276467,success,성동구,,,,,,,,,,,
9345D90AE7,서울특별시 성동구 왕십리로 410,청실**,,서울 성동구,한식-단품요리일반,,20210820,,37.56611,127.0276467,success,성동구,,,,,,,,,,,
6FD96578E7,서울 성동구 마조로19길 23,덴마******,유제품1,서울 성동구,유제품,,20101008,,37.5649186,127.0391079,success,성동구,,,,,,,,,,,
2EEFCB2C63,서울특별시 성동구 왕십리로 410,배스***************,아이스크림/빙수1,서울 성동구,아이스크림/빙수,,20240228,,37.56611,127.0276467,success,성동구,,,,,,,,,,,
5D90E2AA8B,서울특별시 성동구 왕십리로 410,리틀**********,,서울 성동구,동남아/인도음식,,20190709,,37.56611,127.0276467,success,성동구,,,,,,,,,,,
C0E191132C,서울특별시 성동구 왕십리로 410,강릉****************,,서울 성동구,한식-해물/생선,,20240903,,37.56611,127.0276467,success,성동구,,,,,,,,,,,
7A40C57CE9,서울특별시 성동구 왕십리로 410,폴 ****,,서울 성동구,샌드위치/토스트,,20240912,,37.56611,127.0276467,success,성동구,,,,,,,,,,,
45748D67A8,서울특별시 성동구 왕십리로 410,써브********,샌드위치/토스트2,서울 성동구,샌드위치/토스트,,20230307,,37.56611,127.0276467,success,성동구,,,,,,,,,,,
B1F6E35E99,서울특별시 성동구 왕십리로 410,우대*******,,서울 성동구,한식-육류/고기,,20241111,,37.56611,127.0276467,success,성동구,,,,,,,,,,,
C6A16C1225,서울특별시 성동구 왕십리로 410,고기********,,서울 성동구,한식-육류/고기,,20240423,,37.56611,127.0276467,success,성동구,,,,,,,,,,,
1521FF7269,서울특별시 성동구 왕십리로 410,강릉***************,,서울 성동구,한식-해물/생선,,20220125,20240903,37.56611,127.0276467,success,성동구,,,,,,,,,,,
1673EFE7A4,서울특별시 성동구 왕십리로 410,마시***********,,서울 성동구,한식-찌개/전골,,20240424,,37.56611,127.0276467,success,성동구,,,,,,,,,,,
A69C8FE49A,서울특별시 성동구 왕십리로 410,라채**,,서울 성동구,일식-샤브샤브,,20231013,,37.56611,127.0276467,success,성동구,,,,,,,,,,,
E8869D79C1,서울특별시 성동구 왕십리로 410,미분*,,서울 성동구,기타세계요리,,20201217,,37.56611,127.0276467,success,성동구,,,,,,,,,,,
33EF2536AD,서울특별시 성동구 왕십리로 410,푸줏*****************,,서울 성동구,한식-육류/고기,,20200511,,37.56611,127.0276467,success,성동구,,,,,,,,,,,
1B10962D6B,서울특별시 성동구 왕십리로 410,하남**********,한식-육류/고기30,서울 성동구,한식-육류/고기,,20181116,,37.56611,127.0276467,success,성동구,,,,,,,,,,,
864DADCA45,서울특별시 성동구 왕십리로 410,화포********,백반/가정식24,서울 성동구,백반/가정식,,20190906,,37.56611,127.0276467,success,성동구,,,,,,,,,,,
"011E53BB76",서울특별시 성동구 왕십리로 410,정성**,백반/가정식21,서울 성동구,백반/가정식,,20171024,,37.56611,127.0276467,success,성동구,,,,,,,,,,,
"059A6DEC9E",서울특별시 성동구 왕십리로 410,대동*,백반/가정식6,서울 성동구,백반/가정식,,20210915,,37.56611,127.0276467,success,성동구,,,,,,,,,,,
1786026A63,서울특별시 성동구 왕십리로 410,속초*******,,서울 성동구,백반/가정식,,20200103,,37.56611,127.0276467,success,성동구,,,,,,,,,,,
D631BCEA77,서울 성동구 고산자로2길 6-3.,동이*,,서울 성동구,요리주점,,20130904,,37.5520746,127.0360229,success,성동구,,,,,,,,,,,
485B0A3591,서울 성동구 고산자로2길 4-1.,크우***,,서울 성동구,한식-육류/고기,,20090210,,37.5519619,127.0357253,success,성동구,,,,,,,,,,,
FC69270591,서울 성동구 고산자로14길 26.,미그**************,,서울 성동구,커피전문점,왕십리,20191121,,37.5634554,127.0375937,success,성동구,,,,,,,,,,,
65D60A05BA,서울특별시 성동구 왕십리로 83-21,온리******,,서울 성동구,카페,뚝섬,20240321,,37.5443796,127.0438576,success,성동구,,,,,,,,,,,
E57C9021F7,서울특별시 성동구 행당로 87,블랙******,,서울 성동구,중식당,행당,20210728,,37.5579013,127.0271186,success,성동구,,,,,,,,,,,
9B9E1448A4,서울특별시 성동구 행당로 87,노랑**,,서울 성동구,식료품,행당,20220602,,37.5579013,127.0271186,success,성동구,,,,,,,,,,,
6C96251704,서울  성동구  뚝섬로  385-32,찌개**,한식-단품요리일반5,서울 성동구,한식-단품요리일반,성수,20120406,,37.539392,127.0543709,success,성동구,,,,,,,,,,,
9D2DDAAB87,서울특별시 성동구 행당로 87,꼬꼬***,백반/가정식4,서울 성동구,백반/가정식,행당,20170427,,37.5579013,127.0271186,success,성동구,,,,,,,,,,,
A3801B70AE,서울특별시 성동구 행당로 87,행당*****,,서울 성동구,분식,행당,20230627,,37.5579013,127.0271186,success,성동구,,,,,,,,,,,
4D712FD5CB,서울특별시 성동구 행당로 84,윌비*************,,서울 성동구,한식-단품요리일반,행당,20240415,,37.5558801,127.0292075,success,성동구,,,,,,,,,,,
120283327E,서울특별시 성동구 행당로 87,카페***,,서울 성동구,카페,행당,20190709,,37.5579013,127.0271186,success,성동구,,,,,,,,,,,
B331A6B056,서울특별시 성동구 행당로 87,태은**,,서울 성동구,분식,행당,20231222,,37.5579013,127.0271186,success,성동구,,,,,,,,,,,
9F920B9CA9,서울특별시 성동구 행당로 84,칠월*****,,서울 성동구,베이커리,행당,20230228,,37.5558801,127.0292075,success,성동구,,,,,,,,,,,
A776C445D3,서울특별시 성동구 행당로 84,롯데***********,햄버거1,서울 성동구,햄버거,행당,20240924,,37.5558801,127.0292075,success,성동구,,,,,,,,,,,
6CA4937A72,서울특별시 성동구 행당로 84,한진**,,서울 성동구,떡/한과 제조,행당,20170504,,37.5558801,127.0292075,success,성동구,,,,,,,,,,,
297CF99623,서울특별시 성동구 행당로 84,맘스****,,서울 성동구,백반/가정식,행당,20180104,,37.5558801,127.0292075,success,성동구,,,,,,,,,,,
5BB5DF8D62,서울특별시 성동구 행당로 84,달다*****,,서울 성동구,카페,행당,20230120,,37.5558801,127.0292075,success,성동구,,,,,,,,,,,
8FF6E51D2C,서울특별시 성동구 행당로 82,대*,,서울 성동구,청과물,행당,20200713,,37.5558801,127.0292075,success,성동구,,,,,,,,,,,
BF88411DC5,서울특별시 성동구 행당로 84,행복*****,,서울 성동구,식료품,행당,20211007,,37.5558801,127.0292075,success,성동구,,,,,,,,,,,
896B3E4961,서울특별시 성동구 행당로 84,조여*,,서울 성동구,식료품,행당,20200110,,37.5558801,127.0292075,success,성동구,,,,,,,,,,,
9D1FE7C12C,서울특별시 성동구 행당로 79,신앙***,식료품1,서울 성동구,식료품,행당,20220915,,37.5579013,127.0271186,success,성동구,,,,,,,,,,,
241A9CFA07,서울특별시 성동구 행당로 79,쌍둥*******,,서울 성동구,수산물,행당,20190916,20250730,37.5579013,127.0271186,success,성동구,,,,,,,,,,,
F17FFADBDA,서울특별시 성동구 행당로 82,한마***,,서울 성동구,청과물,행당,20181011,,37.5558801,127.0292075,success,성동구,,,,,,,,,,,
4CD0E0A0DC,서울특별시 성동구 행당로 79,아이*******,아이스크림/빙수3,서울 성동구,아이스크림/빙수,행당,20210810,,37.5579013,127.0271186,success,성동구,,,,,,,,,,,
E51D6B5EE4,서울특별시 성동구 행당로 76,60*******,치킨1,서울 성동구,치킨,행당,20200924,,37.5558801,127.0292075,success,성동구,,,,,,,,,,,
AC98B923AE,서울특별시 성동구 행당로 75,아이*********,,서울 성동구,아이스크림/빙수,행당,20230412,,37.5579013,127.0271186,success,성동구,,,,,,,,,,,
AF202842B3,서울특별시 성동구 행당로 79,커*,,서울 성동구,카페,행당,20180323,,37.5579013,127.0271186,success,성동구,,,,,,,,,,,
4FFDE025F1,서울특별시 성동구 행당로 76,정관******,건강식품3,서울 성동구,건강식품,행당,20220328,,37.5558801,127.0292075,success,성동구,,,,,,,,,,,
422F127F2C,서울특별시 성동구 행당로 75,굽네**,치킨7,서울 성동구,치킨,행당,20221004,,37.5579013,127.0271186,success,성동구,,,,,,,,,,,
E1AA339E20,서울특별시 성동구 행당로 75,김영*****,,서울 성동구,반찬,행당,20170315,,37.5579013,127.0271186,success,성동구,,,,,,,,,,,
55CE7C8582,서울특별시 성동구 행당로 75,축협*****,,서울 성동구,축산물,행당,20191219,,37.5579013,127.0271186,success,성동구,,,,,,,,,,,
"0904E1A37E",서울특별시 성동구 행당로 75,샬룸**,,서울 성동구,청과물,행당,20230113,,37.5579013,127.0271186,success,성동구,,,,,,,,,,,
"01744C5370",서울특별시 성동구 연무장5길 9-16,성수*****,,서울 성동구,한식-단품요리일반,성수,20220111,,37.5443638,127.0526737,success,성동구,,,,,,,,,,,
59AA2F0CFE,서울특별시 성동구 상원길 82,성수***,,서울 성동구,한식-찌개/전골,뚝섬,20180817,,37.5512766,127.0475914,success,성동구,,,,,,,,,,,
94B1AD89FE,서울특별시 성동구 상원길 59,꼬꼬*******,백반/가정식4,서울 성동구,백반/가정식,뚝섬,20200507,,37.5495115,127.0471105,success,성동구,,,,,,,,,,,
EDE992B70F,서울특별시 성동구 상원길 63,쌍용***,,서울 성동구,축산물,뚝섬,20220310,,37.5495115,127.0471105,success,성동구,,,,,,,,,,,
30A93020E1,서울특별시 성동구 상원길 51,민정*********,,서울 성동구,백반/가정식,뚝섬,20190927,,37.5486656,127.0480459,success,성동구,,,,,,,,,,,
56571ACABD,서울특별시 성동구 상원길 59,쌍용********,,서울 성동구,농산물,뚝섬,20220825,,37.5495115,127.0471105,success,성동구,,,,,,,,,,,
"01FD0FCC3D",서울특별시 성동구 상원길 49,그리*****,,서울 성동구,카페,뚝섬,20231122,,37.5485479,127.0480903,success,성동구,,,,,,,,,,,
A9FCCF1023,서울특별시 성동구 상원길 40,불난*******,,서울 성동구,호프/맥주,뚝섬,20180530,,37.5477561,127.0488548,success,성동구,,,,,,,,,,,
73583653A0,서울특별시 성동구 상원길 40,뚝섬****,,서울 성동구,분식,뚝섬,20171020,20250811,37.5477561,127.0488548,success,성동구,,,,,,,,,,,
22472FE723,서울특별시 성동구 상원길 40,손박****,,서울 성동구,한식-국수/만두,뚝섬,20191010,,37.5477561,127.0488548,success,성동구,,,,,,,,,,,
AA351B2BFF,서울특별시 성동구 상원길 26,바이*********,,서울 성동구,커피전문점,뚝섬,20230721,,37.5485847,127.0481967,success,성동구,,,,,,,,,,,
402A6EA562,서울특별시 성동구 상원길 39,파리********,베이커리10,서울 성동구,베이커리,뚝섬,20210608,,37.5478813,127.0477938,success,성동구,,,,,,,,,,,
"39386D0931",서울특별시 성동구 상원1길 5,수*,,서울 성동구,한식-단품요리일반,뚝섬,20210408,,37.5444991,127.0491623,success,성동구,,,,,,,,,,,
5B5AE038F6,서울특별시 성동구 무학로 33,에픽*****,,서울 성동구,커피전문점,,20210616,,37.5685653,127.0279662,success,성동구,,,,,,,,,,,
DE1EB08231,서울특별시 성동구 무학로 33,본죽************,한식-죽2,서울 성동구,한식-죽,,20221117,,37.5685653,127.0279662,success,성동구,,,,,,,,,,,
98356F2FBA,서울특별시 성동구 무학로 33,조선********,,서울 성동구,한식-해물/생선,,20220711,,37.5685653,127.0279662,success,성동구,,,,,,,,,,,
EC9B3F9918,서울특별시 성동구 무학로 33,일일*********,,서울 성동구,한식-육류/고기,,20220726,,37.5685653,127.0279662,success,성동구,,,,,,,,,,,
1D9B20B1B9,서울특별시 성동구 독서당로40길 37,투썸*********,커피전문점13,서울 성동구,커피전문점,옥수,20170607,,37.5423083,127.0181918,success,성동구,,,,,,,,,,,
43CB66F206,서울특별시 성동구 무학로 33,알로***,,서울 성동구,청과물,,20230908,,37.5685653,127.0279662,success,성동구,,,,,,,,,,,
F05E581558,서울특별시 성동구 독서당로40길 29,일품***,,서울 성동구,한식-육류/고기,옥수,20161121,,37.5424355,127.0173771,success,성동구,,,,,,,,,,,
615A623A22,서울특별시 성동구 무학로 33,이쉐*******,,서울 성동구,일식당,,20220208,,37.5685653,127.0279662,success,성동구,,,,,,,,,,,
"086AA2377D",서울특별시 성동구 독서당로40길 39,갑부***,,서울 성동구,분식,옥수,20240523,,37.5423083,127.0181918,success,성동구,,,,,,,,,,,
FD2A903C77,서울특별시 성동구 무학로 33,프랭************,,서울 성동구,햄버거,,20220128,,37.5685653,127.0279662,success,성동구,,,,,,,,,,,
ACD79FDC67,서울특별시 성동구 독서당로40길 37,한촌********,한식-국밥/설렁탕14,서울 성동구,한식-국밥/설렁탕,옥수,20181101,,37.5423083,127.0181918,success,성동구,,,,,,,,,,,
9113E6AA56,서울특별시 성동구 무학로 33,방이***,,서울 성동구,축산물,,20181031,,37.5685653,127.0279662,success,성동구,,,,,,,,,,,
4206032C42,서울특별시 성동구 독서당로39길 48,미스********,,서울 성동구,한식-해물/생선,옥수,20240208,,37.5405109,127.0109931,success,성동구,,,,,,,,,,,
BBA657190E,서울특별시 성동구 금호로 173,신금******,,서울 성동구,반찬,,20220302,,37.5554459,127.018621,success,성동구,,,,,,,,,,,
F05842A4EB,서울특별시 성동구 독서당로39길 48,옥수************************,,서울 성동구,카페,옥수,20240826,,37.5405109,127.0109931,success,성동구,,,,,,,,,,,
3245B9475F,서울특별시 성동구 금호로 162,정담**,,서울 성동구,일식-초밥/롤,신금호,20220215,,37.5553035,127.0201472,success,성동구,,,,,,,,,,,
46B8E61C45,서울특별시 성동구 독서당로40길 25,스윗*****,,서울 성동구,식품 제조,옥수,20190412,,37.5436037,127.0188775,success,성동구,,,,,,,,,,,
B54DCE8BEF,서울특별시 성동구 금호로 173,당근******,,서울 성동구,식료품,,20231219,,37.5554459,127.018621,success,성동구,,,,,,,,,,,
EA46925A64,서울특별시 성동구 독서당로40길 11,반백*************,,서울 성동구,백반/가정식,옥수,20230320,,37.5441447,127.0170784,success,성동구,,,,,,,,,,,
22AE6306D0,서울특별시 성동구 금호로 173,프린**,,서울 성동구,주류,,20201214,,37.5554459,127.018621,success,성동구,,,,,,,,,,,
66A3F67041,서울특별시 성동구 금호로 155,담꾹*****,,서울 성동구,한식-단품요리일반,신금호,20201222,,37.5548481,127.0197696,success,성동구,,,,,,,,,,,
93BD9DB8F1,서울특별시 성동구 독서당로39길 48,페리**,치킨37,서울 성동구,치킨,옥수,20170927,,37.5405109,127.0109931,success,성동구,,,,,,,,,,,
A9A709201B,서울특별시 성동구 금호로 160,맘스*******,햄버거2,서울 성동구,햄버거,신금호,20171109,,37.5551519,127.0202571,success,성동구,,,,,,,,,,,
FD0DB1E115,서울특별시 성동구 독서당로39길 42,와이****,,서울 성동구,양식,옥수,20230404,,37.5408414,127.0105134,success,성동구,,,,,,,,,,,
63C63AF808,서울특별시 성동구 금호로 158,자담**,치킨26,서울 성동구,치킨,신금호,20220314,,37.5548956,127.0201688,success,성동구,,,,,,,,,,,
DF7492A3E8,서울특별시 성동구 금호로 107,아이*************,,서울 성동구,아이스크림/빙수,,20230512,,37.551292,127.0245415,success,성동구,,,,,,,,,,,
C01850577F,서울특별시 성동구 금호로 105,도론******,,서울 성동구,백반/가정식,,20210309,,37.551292,127.0245415,success,성동구,,,,,,,,,,,
BD5BCD8BE2,서울특별시 성동구 금호로 127,뚝방**,,서울 성동구,요리주점,신금호,20190102,,37.5528377,127.0224511,success,성동구,,,,,,,,,,,
7069AC584A,서울특별시 성동구 금호로 127,카이**,,서울 성동구,카페,신금호,20230911,,37.5528377,127.0224511,success,성동구,,,,,,,,,,,
"08810E1846",서울특별시 성동구 금호로 105,60*********,치킨1,서울 성동구,치킨,,20240930,,37.551292,127.0245415,success,성동구,,,,,,,,,,,
B54D21E03E,서울특별시 성동구 금호로 102,덮덮*****,,서울 성동구,한식-단품요리일반,,20231030,,37.5518565,127.0271162,success,성동구,,,,,,,,,,,
72AA2FB49E,서울특별시 성동구 금호로 105,투썸************,커피전문점13,서울 성동구,커피전문점,,20220818,,37.551292,127.0245415,success,성동구,,,,,,,,,,,
"8187702080",서울특별시 성동구 금호로 105,미고**********,,서울 성동구,베이커리,,20200511,,37.551292,127.0245415,success,성동구,,,,,,,,,,,
A294998B2B,서울특별시 성동구 금호로 102,이모***,,서울 성동구,분식,,20190530,,37.5518565,127.0271162,success,성동구,,,,,,,,,,,
65EB7F45A2,서울특별시 성동구 금호로 102,케키*******,,서울 성동구,식료품,,20240130,,37.5518565,127.0271162,success,성동구,,,,,,,,,,,
6810C7C7CE,서울특별시 성동구 금호로 102,카페**,,서울 성동구,카페,,20220901,,37.5518565,127.0271162,success,성동구,,,,,,,,,,,
598E46F283,서울 성동구 자동차시장길 49.,씨에*****************,,서울 성동구,커피전문점,,20170905,,37.5586005,127.0575178,success,성동구,,,,,,,,,,,
F4013DE365,서울특별시 성동구 고산자로2길 4-1,심재**,,서울 성동구,카페,,20210719,,37.5519619,127.0357253,success,성동구,,,,,,,,,,,
AAA62C4412,서울특별시 성동구 고산자로14길 26,손 ****,,서울 성동구,햄버거,왕십리,20211012,,37.5634554,127.0375937,success,성동구,,,,,,,,,,,
8DF11B2C5A,서울특별시 성동구 고산자로14길 26,곤스******,,서울 성동구,양식,왕십리,20220714,,37.5634554,127.0375937,success,성동구,,,,,,,,,,,
"052FDFE33E",서울특별시 성동구 고산자로14길 26,샐러***,,서울 성동구,샌드위치/토스트,왕십리,20210910,,37.5634554,127.0375937,success,성동구,,,,,,,,,,,
5BAB073DB1,서울특별시 성동구 고산자로14길 26,주 ***,,서울 성동구,백반/가정식,왕십리,20210929,,37.5634554,127.0375937,success,성동구,,,,,,,,,,,
F2B2CFC24F,서울특별시 성동구 행당로8길 41-2,샐러*****,,서울 성동구,샌드위치/토스트,,20230811,20250806,37.5560418,127.0339682,success,성동구,,,,,,,,,,,
16E393FC45,서울 성동구 왕십리로20길 38.,묵은********,,서울 성동구,한식-육류/고기,왕십리,20051110,,37.5652038,127.0357617,success,성동구,,,,,,,,,,,
FF329A450D,서울특별시 성동구 왕십리로5길 19,에빠******,,서울 성동구,한식-단품요리일반,뚝섬,20230210,,37.5477026,127.043687,success,성동구,,,,,,,,,,,
ECCBAE7ACB,서울특별시 성동구 왕십리로5길 19,앳 **,,서울 성동구,카페,뚝섬,20230120,,37.5477026,127.043687,success,성동구,,,,,,,,,,,
5712EA8578,서울특별시 성동구 왕십리로5길 11,배치*********,,서울 성동구,일반 유흥주점,뚝섬,20221230,,37.5469748,127.0441075,success,성동구,,,,,,,,,,,
A6CA3DD492,서울 성동구 서울숲2길 32-14.,뤼들********************,,서울 성동구,주류,뚝섬,20120423,,37.5457822,127.0424788,success,성동구,,,,,,,,,,,
5BC9440DAF,서울 성동구 서울숲4길 26-14.,그레******,,서울 성동구,카페,뚝섬,20171205,,37.546808,127.0434399,success,성동구,,,,,,,,,,,
2FF80BC960,서울 성동구 서울숲4길 16-19.,우*,,서울 성동구,카페,뚝섬,20171220,,37.5469603,127.0425341,success,성동구,,,,,,,,,,,
730914BE0E,서울특별시 성동구 왕십리로33길 8,상왕**,,서울 성동구,카페,,20211231,,37.5642796,127.0270915,success,성동구,,,,,,,,,,,
CB42B1688B,서울 성동구 무학로10길 29-1.,카페*************,,서울 성동구,카페,왕십리,20160722,,37.5659026,127.0341845,success,성동구,,,,,,,,,,,
"097459D735",서울특별시 성동구 왕십리로28길 8,대원****,,서울 성동구,한식-육류/고기,왕십리,20240321,,37.5642092,127.0316842,success,성동구,,,,,,,,,,,
5D4A7C44B2,서울 성동구 마장로25길 11-2.,진성**,,서울 성동구,백반/가정식,,20020629,,37.5670335,127.0336792,success,성동구,,,,,,,,,,,
B8787E12FB,서울 성동구 독서당로40길 33.,척스****,,서울 성동구,호프/맥주,옥수,20150827,,37.5421989,127.017467,success,성동구,,,,,,,,,,,
64835E743B,서울 성동구 독서당로40길 33.,옥수****,,서울 성동구,한식-육류/고기,옥수,20131202,,37.5421989,127.017467,success,성동구,,,,,,,,,,,
31366725DB,서울 성동구 왕십리로14길 38,조양***,,서울 성동구,한식-육류/고기,뚝섬,20080801,,37.5486493,127.0478115,success,성동구,,,,,,,,,,,
BC2FFDF526,서울특별시 성동구 독서당로 267-6,산청**,,서울 성동구,한식-육류/고기,금남시장,20190318,,37.5470438,127.0191743,success,성동구,,,,,,,,,,,
FD00BD4D69,서울특별시 성동구 독서당로 216-1,고찌****,,서울 성동구,일식-덮밥/돈가스,옥수,20220307,,37.5435977,127.0149747,success,성동구,,,,,,,,,,,
97F13CDA75,서울특별시 성동구 독서당로 274-1,야키******,,서울 성동구,일식당,금남시장,20240419,,37.5470103,127.0198638,success,성동구,,,,,,,,,,,
3AB4FC1262,서울 성동구 연무장5길 9-16.,미아**,,서울 성동구,샌드위치/토스트,성수,20160510,,37.5443638,127.0526737,success,성동구,,,,,,,,,,,
A306307EAE,서울특별시 성동구 독서당로 194-1,노리*,,서울 성동구,백반/가정식,옥수,20160825,,37.5427546,127.0127792,success,성동구,,,,,,,,,,,
"0DE3499749",서울특별시 성동구 독서당로 194-1,카페*********,,서울 성동구,카페,옥수,20170828,,37.5427546,127.0127792,success,성동구,,,,,,,,,,,
30CACD815B,서울 성동구 성수일로8길 47.,축산***,,서울 성동구,축산물,성수,20190408,,37.5460479,127.0559586,success,성동구,,,,,,,,,,,
397AF59B8B,서울 성동구 성수일로8길 47.,크레***********,,서울 성동구,양식,성수,20151201,,37.5460479,127.0559586,success,성동구,,,,,,,,,,,
47AACE684D,서울 성동구 성수일로11길 11,봉짬*,,서울 성동구,중식당,뚝섬,20140515,,37.5492009,127.0502289,success,성동구,,,,,,,,,,,
A317F15BD9,서울특별시 성동구 고산자로2길 67,붐비********,,서울 성동구,한식-단품요리일반,,20211213,,37.5551969,127.0383378,success,성동구,,,,,,,,,,,
"81109044D7",서울특별시 성동구 고산자로2길 65,장조*,,서울 성동구,한식-단품요리일반,,20210705,20250804,37.5551969,127.0383378,success,성동구,,,,,,,,,,,
56072E2ED8,서울특별시 성동구 고산자로2길 65,38****,,서울 성동구,한식-육류/고기,,20240530,,37.5551969,127.0383378,success,성동구,,,,,,,,,,,
2D7E5C7167,서울특별시 성동구 고산자로2길 67,엄마****,,서울 성동구,백반/가정식,,20220822,,37.5551969,127.0383378,success,성동구,,,,,,,,,,,
755CDB3BAB,서울특별시 성동구 고산자로2길 67,블랑*****,,서울 성동구,베이커리,,20180910,,37.5551969,127.0383378,success,성동구,,,,,,,,,,,
999B6B5297,서울특별시 성동구 고산자로2길 65,할머************,,서울 성동구,분식,,20240104,20250822,37.5551969,127.0383378,success,성동구,,,,,,,,,,,
149A2FAFF2,서울 성동구 서울숲4길 22-1.,페이***,,서울 성동구,양식,뚝섬,20111004,,37.5470606,127.0433914,success,성동구,,,,,,,,,,,
42334BE576,서울 성동구 서울숲4길 20-1.,베로******,,서울 성동구,양식,풍산지구,20230117,,37.5471151,127.0432122,success,성동구,,,,,,,,,,,
2B0A1A657D,서울 성동구 서울숲4길 22-7.,언와**********,,서울 성동구,일식당,뚝섬,20220107,,37.5469067,127.0431174,success,성동구,,,,,,,,,,,
DDCEC53100,서울 성동구 서울숲2길 46-9.,푸르****,,서울 성동구,한식-육류/고기,뚝섬,20130603,,37.5460392,127.043679,success,성동구,,,,,,,,,,,
"06A87DAA45",서울 성동구 서울숲2길 46-9.,푸르******,,서울 성동구,카페,뚝섬,20190823,,37.5460392,127.043679,success,성동구,,,,,,,,,,,
36D30C9B49,서울 성동구 마조로3가길 19.,왕가**,,서울 성동구,한식-육류/고기,한양대,20040409,,37.5594274,127.0399525,success,성동구,,,,,,,,,,,
A05282EFE7,서울 성동구 동호로5길 131 .,서울********,,서울 성동구,식료품,,20160912,,37.5468617,127.0103129,success,성동구,,,,,,,,,,,
4BF0C08F5F,서울 성동구 독서당로 290-1.,지니*****,,서울 성동구,카페,금남시장,20150513,,37.5477996,127.0214389,success,성동구,,,,,,,,,,,
D4AD2AD30A,서울특별시 성동구 무학로 33,코끼****,,서울 성동구,분식,,20240613,,37.5685653,127.0279662,success,성동구,,,,,,,,,,,
DA16B2905C,서울특별시 성동구 무학로 33,식물****,,서울 성동구,분식,,20220307,,37.5685653,127.0279662,success,성동구,,,,,,,,,,,
C40079D748,서울특별시 성동구 무학로 33,대성**,,서울 성동구,식료품,,20220506,,37.5685653,127.0279662,success,성동구,,,,,,,,,,,
81C425F47D,서울특별시 성동구 무학로 33,쉘리*****,,서울 성동구,카페,,20230918,,37.5685653,127.0279662,success,성동구,,,,,,,,,,,
27BA4A6AFF,서울특별시 성동구 매봉길 50,스페*****,,서울 성동구,한식-육류/고기,,20240909,,37.5483322,127.013891,success,성동구,,,,,,,,,,,
767D03BC73,서울특별시 성동구 무학로 33,모모**,,서울 성동구,분식,,20190104,,37.5685653,127.0279662,success,성동구,,,,,,,,,,,
A23C892A48,서울특별시 성동구 매봉길 50,농수**,,서울 성동구,수산물,,20210928,,37.5483322,127.013891,success,성동구,,,,,,,,,,,
41B1FC479A,서울특별시 성동구 매봉길 50,오트**,,서울 성동구,카페,,20210928,,37.5483322,127.013891,success,성동구,,,,,,,,,,,
23B2C0A1ED,서울특별시 성동구 매봉길 50,아*,,서울 성동구,중식당,,20210917,,37.5483322,127.013891,success,성동구,,,,,,,,,,,
6D5D9F5BBD,서울특별시 성동구 매봉길 50,알뜰**,,서울 성동구,식료품,,20180625,,37.5483322,127.013891,success,성동구,,,,,,,,,,,
F65588F354,서울특별시 성동구 매봉길 48,벨기***,,서울 성동구,베이커리,,20210119,,37.5466973,127.0140791,success,성동구,,,,,,,,,,,
30623F3257,서울특별시 성동구 매봉길 30,카페****,,서울 성동구,카페,,20180125,,37.5467561,127.0150195,success,성동구,,,,,,,,,,,
9AA2D092B7,서울특별시 성동구 마조로 59,아이**********,,서울 성동구,아이스크림/빙수,,20220614,,37.5631617,127.0415331,success,성동구,,,,,,,,,,,
DCC50120CB,서울특별시 성동구 마조로 59,쓰리**************,,서울 성동구,식료품,,20210421,,37.5631617,127.0415331,success,성동구,,,,,,,,,,,
3CBD6CE416,서울특별시 성동구 마조로 67,요커***********,,서울 성동구,카페,,20240219,,37.5640073,127.0412593,success,성동구,,,,,,,,,,,
892B53ACE9,서울특별시 성동구 마조로 61,술이********,,서울 성동구,백반/가정식,,20210610,,37.5633824,127.0415154,success,성동구,,,,,,,,,,,
7D693A219F,서울특별시 성동구 마조로 55,꽃자*,,서울 성동구,농산물,,20231229,,37.5627147,127.0415088,success,성동구,,,,,,,,,,,
5D9E5F8645,서울특별시 성동구 마조로 47,텐페***************,,서울 성동구,카페,한양대,20211117,,37.5619048,127.0414368,success,성동구,,,,,,,,,,,
CC35AA9223,서울특별시 성동구 마조로 59,네네******,치킨10,서울 성동구,치킨,,20240315,,37.5631617,127.0415331,success,성동구,,,,,,,,,,,
54DB8CEB48,서울특별시 성동구 마조로 58,코지**************,,서울 성동구,베이커리,,20240912,,37.5627748,127.0419402,success,성동구,,,,,,,,,,,
1581AAB9F5,서울특별시 성동구 마조로 42,한대****,,서울 성동구,식료품,,20231107,,37.5618611,127.044243,success,성동구,,,,,,,,,,,
"39975534D9",서울특별시 성동구 서울숲6길 16-1,봉땅*********,,서울 성동구,도너츠,뚝섬,20240103,,37.5473948,127.0434428,success,성동구,,,,,,,,,,,
BD50B5B681,서울특별시 성동구 마조로 30,행복*********,,서울 성동구,한식-단품요리일반,한양대,20230228,,37.5603127,127.0415115,success,성동구,,,,,,,,,,,
"92189088E5",서울특별시 성동구 서울숲4길 22-7,훈*,,서울 성동구,일식당,뚝섬,20231113,,37.5469067,127.0431174,success,성동구,,,,,,,,,,,
CEC2707AF8,서울특별시 성동구 마조로 30,컴포**********,커피전문점11,서울 성동구,커피전문점,한양대,20231101,,37.5603127,127.0415115,success,성동구,,,,,,,,,,,
92615FFF8B,서울특별시 성동구 마조로 32,호치******,치킨39,서울 성동구,치킨,한양대,20190422,,37.5605734,127.0415023,success,성동구,,,,,,,,,,,
AF1096FAF2,서울특별시 성동구 서울숲4길 18-8,도우****,,서울 성동구,일식-덮밥/돈가스,뚝섬,20240806,,37.5470208,127.0427327,success,성동구,,,,,,,,,,,
DCF7BBE73E,서울특별시 성동구 마조로 30,두끼*****,분식8,서울 성동구,분식,한양대,20231011,,37.5603127,127.0415115,success,성동구,,,,,,,,,,,
1AC1527C9A,서울특별시 성동구 서울숲2길 46-9,프롬**********,,서울 성동구,베이커리,뚝섬,20240520,,37.5460392,127.043679,success,성동구,,,,,,,,,,,
3D4F4809F0,서울특별시 성동구 서울숲4길 22-7,훈*,,서울 성동구,일식당,뚝섬,20220622,20231113,37.5469067,127.0431174,success,성동구,,,,,,,,,,,
"01DB89157C",서울특별시 성동구 마조로 30,프랭********,,서울 성동구,햄버거,한양대,20220117,,37.5603127,127.0415115,success,성동구,,,,,,,,,,,
794735AD42,서울특별시 성동구 서울숲4길 20-1,이리**************,,서울 성동구,카페,뚝섬,20240520,,37.5471151,127.0432122,success,성동구,,,,,,,,,,,
89E10906CA,서울특별시 성동구 마조로 30,한골*****,,서울 성동구,중식당,한양대,20230227,,37.5603127,127.0415115,success,성동구,,,,,,,,,,,
AEA94BDAF5,서울특별시 성동구 마조로 24,샐러******,한식-단품요리일반8,서울 성동구,한식-단품요리일반,한양대,20211025,,37.5598105,127.0413035,success,성동구,,,,,,,,,,,
8ACBECB172,서울특별시 성동구 마조로 24,이삭********,샌드위치/토스트3,서울 성동구,샌드위치/토스트,한양대,20220221,,37.5598105,127.0413035,success,성동구,,,,,,,,,,,
2FC958A309,서울특별시 성동구 마조로 22,슬로********,,서울 성동구,양식,한양대,20240425,,37.559652,127.0412217,success,성동구,,,,,,,,,,,
E3B9A9EE3A,서울특별시 성동구 마조로 22,월드********,,서울 성동구,담배,한양대,20230714,,37.559652,127.0412217,success,성동구,,,,,,,,,,,
5A4AFCC360,서울특별시 성동구 마조로 20,분9********,,서울 성동구,백반/가정식,한양대,20230907,,37.5589374,127.0409857,success,성동구,,,,,,,,,,,
1A8C2D30CA,서울특별시 성동구 마조로 14,부엉********,,서울 성동구,한식-단품요리일반,한양대,20230313,,37.5590265,127.0411839,success,성동구,,,,,,,,,,,
"03C7EBD774",서울특별시 성동구 동호로 21,와이**,,서울 성동구,식료품,옥수,20220225,,37.5400509,127.0177866,success,성동구,,,,,,,,,,,
DFD306A663,서울특별시 성동구 동호로 21,김밥***,분식5,서울 성동구,분식,옥수,20190514,,37.5400509,127.0177866,success,성동구,,,,,,,,,,,
D438843206,서울특별시 성동구 마조로3나길 20,춘*,,서울 성동구,일식당,한양대,20180702,,37.5595203,127.0397943,success,성동구,,,,,,,,,,,
360DDB462A,서울특별시 성동구 난계로 61,키친****,,서울 성동구,일식당,,20181024,,37.5576614,127.02425,success,성동구,,,,,,,,,,,
3A52550A64,서울특별시 성동구 난계로 35,신의**********,한식-육류/고기16,서울 성동구,한식-육류/고기,,20200825,,37.5554974,127.0245702,success,성동구,,,,,,,,,,,
"0BE8ACB0EC",서울특별시 성동구 난계로 81,도미********,피자2,서울 성동구,피자,,20230324,,37.5591958,127.0235639,success,성동구,,,,,,,,,,,
FCBE9BD039,서울특별시 성동구 마조로3가길 21,달*,,서울 성동구,한식-단품요리일반,한양대,20200701,,37.5595151,127.0399746,success,성동구,,,,,,,,,,,
1ACDF59A1A,서울특별시 성동구 난계로 35,파리*********,베이커리10,서울 성동구,베이커리,,20240613,,37.5554974,127.0245702,success,성동구,,,,,,,,,,,
5C18E06E09,서울특별시 성동구 난계로 35,아이***********,,서울 성동구,식료품,,20240708,,37.5554974,127.0245702,success,성동구,,,,,,,,,,,
"2743897872",서울특별시 성동구 마조로3가길 15,용용*******,,서울 성동구,요리주점,한양대,20191210,,37.5592924,127.0398973,success,성동구,,,,,,,,,,,
9B4EED47A6,서울특별시 성동구 마조로3가길 11,마장**,,서울 성동구,한식-육류/고기,한양대,20171110,,37.559055,127.0398352,success,성동구,,,,,,,,,,,
FF73833F70,서울특별시 성동구 금호로 40,하*,,서울 성동구,베이커리,,20230120,,37.5468032,127.0265652,success,성동구,,,,,,,,,,,
32A19D6A82,서울특별시 성동구 금호로 40,뚜레***********,베이커리2,서울 성동구,베이커리,,20180622,,37.5468032,127.0265652,success,성동구,,,,,,,,,,,
FB5D8197BC,서울특별시 성동구 금호로 40,마이********,,서울 성동구,아이스크림/빙수,,20240423,,37.5468032,127.0265652,success,성동구,,,,,,,,,,,
"7163461E10",서울특별시 성동구 금호로 40,가*,,서울 성동구,한식-육류/고기,,20221116,,37.5468032,127.0265652,success,성동구,,,,,,,,,,,
E569E14F36,서울특별시 성동구 마장로35나길 4,길모****,,서울 성동구,커피전문점,마장동,20170629,,37.5687163,127.0395723,success,성동구,,,,,,,,,,,
3D7F3820C1,서울특별시 성동구 금호로 17,삼백****,한식-국밥/설렁탕5,서울 성동구,한식-국밥/설렁탕,금남시장,20210616,,37.5461582,127.0240435,success,성동구,,,,,,,,,,,
9AD3FE4011,서울특별시 성동구 금호로 17,아이************,,서울 성동구,아이스크림/빙수,금남시장,20210413,,37.5461582,127.0240435,success,성동구,,,,,,,,,,,
4CE2C74657,서울특별시 성동구 금호로 40,연*,,서울 성동구,일식당,,20240902,,37.5468032,127.0265652,success,성동구,,,,,,,,,,,
10BD656C9F,서울특별시 성동구 금호로 40,깐부*******,치킨8,서울 성동구,치킨,,20210122,,37.5468032,127.0265652,success,성동구,,,,,,,,,,,
38537E4B84,서울특별시 성동구 금호로 17,써니****,,서울 성동구,분식,금남시장,20180115,,37.5461582,127.0240435,success,성동구,,,,,,,,,,,
40213576B3,서울특별시 성동구 금호로 15,중앙********,,서울 성동구,식료품,,20201110,,37.5447555,127.0224568,success,성동구,,,,,,,,,,,
71DF397AB0,서울특별시 성동구 금호로 17,하루******,,서울 성동구,일식당,금남시장,20240524,,37.5461582,127.0240435,success,성동구,,,,,,,,,,,
1389DE67CE,서울특별시 성동구 금호로 17,프롬**************,카페14,서울 성동구,카페,금남시장,20221124,,37.5461582,127.0240435,success,성동구,,,,,,,,,,,
1676AF58A8,서울 성동구 행당로1길 21-6.,산마****,,서울 성동구,한식-육류/고기,,20041104,,37.5574451,127.024408,success,성동구,,,,,,,,,,,
9371F76478,서울특별시 성동구 뚝섬로1길 55-1,샐러*******,,서울 성동구,백반/가정식,뚝섬,20230613,,37.5461681,127.0475684,success,성동구,,,,,,,,,,,
1B8A35EA99,서울특별시 성동구 독서당로48길 6,하이****************,,서울 성동구,양식,금남시장,20210428,,37.547575,127.0218984,success,성동구,,,,,,,,,,,
6A584E1D14,서울특별시 성동구 독서당로48길 4,미니**,,서울 성동구,카페,금남시장,20200805,,37.5476863,127.0216092,success,성동구,,,,,,,,,,,
696BDA4E25,서울특별시 성동구 왕십리로 지하300,제이***,,서울 성동구,식료품,왕십리,20240228,,37.5536986,127.0391633,success,성동구,,,,,,,,,,,
605655C22D,서울특별시 성동구 왕십리로 지하300,어묵**********,,서울 성동구,한식-단품요리일반,왕십리,20231208,,37.5536986,127.0391633,success,성동구,,,,,,,,,,,
"0239C4D2D3",서울특별시 성동구 아차산로7나길 18,밥플***********,,서울 성동구,백반/가정식,성수,20190927,,37.5477179,127.0574299,success,성동구,,,,,,,,,,,
252CF56BC1,서울특별시 성동구 아차산로7나길 18,피자*****,피자9,서울 성동구,피자,성수,20220920,,37.5477179,127.0574299,success,성동구,,,,,,,,,,,
E823EBBA3A,서울특별시 성동구 아차산로7나길 18,개성**,,서울 성동구,한식-단품요리일반,성수,20181218,,37.5477179,127.0574299,success,성동구,,,,,,,,,,,
2AF934A41E,서울특별시 성동구 서울숲길 50,꼬모***********,,서울 성동구,카페,뚝섬,20221020,,37.5478795,127.0429932,success,성동구,,,,,,,,,,,
80EC87C6D8,서울특별시 성동구 서울숲길 25,닥터**,,서울 성동구,식료품,,20190503,,37.5481705,127.0409536,success,성동구,,,,,,,,,,,
"003473B465",서울특별시 성동구 서울숲길 55,바틀****************,,서울 성동구,백반/가정식,뚝섬,20190507,,37.5481983,127.0436702,success,성동구,,,,,,,,,,,
68FD248F73,서울특별시 성동구 서울숲길 55,디어****,,서울 성동구,베이커리,뚝섬,20240216,,37.5481983,127.0436702,success,성동구,,,,,,,,,,,
80920DEE31,서울특별시 성동구 서울숲7길 9,퍼머*****,,서울 성동구,카페,뚝섬,20240530,,37.5485054,127.0429614,success,성동구,,,,,,,,,,,
350FB4A18B,서울특별시 성동구 상원길 47-1,와인***,,서울 성동구,주류,뚝섬,20230619,,37.5483662,127.0481914,success,성동구,,,,,,,,,,,
C058744372,서울특별시 성동구 독서당로59다길 8,벧엘****,,서울 성동구,식료품,,20200526,,37.5527867,127.0312959,success,성동구,,,,,,,,,,,
51E712A1A7,서울특별시 성동구 살곶이길 18,뚝방*,,서울 성동구,한식-육류/고기,마장동,20240228,,37.5613868,127.0436916,success,성동구,,,,,,,,,,,
DEC108E9DF,서울특별시 성동구 살곶이길 18,뚝방**,,서울 성동구,식료품,마장동,20240613,,37.5613868,127.0436916,success,성동구,,,,,,,,,,,
31F9AECFCC,서울특별시 성동구 독서당로48길 8-1,메밀*******,,서울 성동구,한식-국수/만두,금남시장,20201208,,37.5476078,127.0221574,success,성동구,,,,,,,,,,,
A78C867800,서울특별시 성동구 사근동길 67,대연*****,,서울 성동구,중식당,,20240105,20250709,37.5617763,127.0485763,success,성동구,,,,,,,,,,,
12E063A8BA,서울특별시 성동구 사근동길 67,대연*,,서울 성동구,중식당,,20190424,,37.5617763,127.0485763,success,성동구,,,,,,,,,,,
30BB73F860,서울특별시 성동구 고산자로2길 10-7,비에***********,치킨3,서울 성동구,치킨,,20230809,,37.5521331,127.0364157,success,성동구,,,,,,,,,,,
9C5E0BDC5F,서울특별시 성동구 고산자로2길 10-5,봉앗*,,서울 성동구,농산물,,20210531,,37.5522161,127.0362896,success,성동구,,,,,,,,,,,
C1CF5ADDEC,서울특별시 성동구 사근동길 65,미쳐*********,치킨22,서울 성동구,치킨,,20211207,,37.5617763,127.0485763,success,성동구,,,,,,,,,,,
5F0AAEF5DF,서울특별시 성동구 고산자로2길 10-4,치킨***,치킨32,서울 성동구,치킨,,20200902,,37.5521278,127.0361401,success,성동구,,,,,,,,,,,
1F4203EA83,서울특별시 성동구 행당로1길 21-10,카페**,,서울 성동구,카페,,20210324,,37.5575176,127.0243878,success,성동구,,,,,,,,,,,
"0BF9751673",서울특별시 성동구 사근동길 23,루루****,,서울 성동구,한식-단품요리일반,한양대,20240507,,37.5610265,127.0435776,success,성동구,,,,,,,,,,,
4207B38494,서울특별시 성동구 행당로8길 15-13,인생**,,서울 성동구,백반/가정식,행당,20190522,,37.5575908,127.0313396,success,성동구,,,,,,,,,,,
BB0E64E609,서울특별시 성동구 자동차시장길 49,그린****************,,서울 성동구,한식뷔페,,20230918,,37.5586005,127.0575178,success,성동구,,,,,,,,,,,
79EBBF0E89,서울특별시 성동구 자동차시장길 42,그늘*,,서울 성동구,카페,,20220302,,37.5599472,127.0554698,success,성동구,,,,,,,,,,,
63F736E9EB,서울특별시 성동구 무학봉길 35,떡도*******,,서울 성동구,떡/한과,,20200703,,37.5608428,127.0266872,success,성동구,,,,,,,,,,,
"0C73E5FAC6",서울특별시 성동구 무학봉길 43,체온*******,,서울 성동구,인삼제품,,20241120,,37.5605084,127.0275531,success,성동구,,,,,,,,,,,
58A30B4F4D,서울특별시 성동구 무학봉길 43,비에******,치킨3,서울 성동구,치킨,,20240129,,37.5605084,127.0275531,success,성동구,,,,,,,,,,,
81C9699D0D,서울특별시 성동구 왕십리로5길 9-2,은준***,,서울 성동구,동남아/인도음식,뚝섬,20200319,,37.5468182,127.0441592,success,성동구,,,,,,,,,,,
"0AD9FBF8D6",서울특별시 성동구 무수막길 31,블레**,,서울 성동구,카페,금남시장,20180830,,37.5503509,127.024386,success,성동구,,,,,,,,,,,
75E1602760,서울특별시 성동구 왕십리로31길 21,오저*,,서울 성동구,테마카페,,20230914,,37.5629195,127.0273867,success,성동구,,,,,,,,,,,
48E55F5235,서울특별시 성동구 왕십리로31길 16,피자***,,서울 성동구,피자,,20230830,,37.5634344,127.0273429,success,성동구,,,,,,,,,,,
2C6E1775F4,서울특별시 성동구 왕십리로26길 11,장안***,,서울 성동구,한식-육류/고기,왕십리,20170717,,37.5641793,127.0327561,success,성동구,,,,,,,,,,,
"0C67B8EDCF",서울특별시 성동구 마조로3길 9,히토****,,서울 성동구,일식-우동/소바/라면,한양대,20180112,,37.5585687,127.0394445,success,성동구,,,,,,,,,,,
13F02B91F6,서울특별시 성동구 마조로3길 9,그*,,서울 성동구,카페,한양대,20220519,,37.5585687,127.0394445,success,성동구,,,,,,,,,,,
BBEBA8E04B,서울특별시 성동구 마조로3길 7,이돈*,,서울 성동구,한식-찌개/전골,한양대,20161025,,37.5584995,127.0399272,success,성동구,,,,,,,,,,,
F11C32EC58,서울특별시 성동구 마조로3길 5,대*,,서울 성동구,요리주점,한양대,20240517,,37.5584651,127.0400071,success,성동구,,,,,,,,,,,
8FD5E8CD5C,서울특별시 성동구 마조로1길 2,올끼************,,서울 성동구,백반/가정식,한양대,20240417,,37.5583222,127.0401932,success,성동구,,,,,,,,,,,
2E344F415F,서울특별시 성동구 뚝섬로9길 8,강별********,,서울 성동구,양식,성수,20240828,,37.538981,127.0568407,success,성동구,,,,,,,,,,,
9C19A99FAE,서울특별시 성동구 뚝섬로7길 6,포포**,,서울 성동구,일반 유흥주점,성수,20241108,,37.538822,127.0565753,success,성동구,,,,,,,,,,,
8A38507519,서울특별시 성동구 뚝섬로7길 6,키*,,서울 성동구,일식당,성수,20230406,,37.538822,127.0565753,success,성동구,,,,,,,,,,,
79DE8BB0B3,서울특별시 성동구 왕십리로21길 56,민서*,,서울 성동구,식료품,,20220228,,37.5594316,127.0290957,success,성동구,,,,,,,,,,,
8ACF85E477,서울특별시 성동구 뚝섬로9길 8,강*,,서울 성동구,양식,성수,20230712,,37.538981,127.0568407,success,성동구,,,,,,,,,,,
425547857A,서울특별시 성동구 뚝섬로9길 3,우시****,,서울 성동구,한식-육류/고기,성수,20211214,,37.5385872,127.0568048,success,성동구,,,,,,,,,,,
"0C074FD60A",서울특별시 성동구 뚝섬로7길 6,사운*******,,서울 성동구,카페,성수,20231102,,37.538822,127.0565753,success,성동구,,,,,,,,,,,
BE39038248,서울특별시 성동구 둘레15길 11,일호*,,서울 성동구,베이커리,성수,20221012,,37.5357609,127.0554425,success,성동구,,,,,,,,,,,
E0F74B2307,서울특별시 성동구 둘레15길 11,바아******,,서울 성동구,한식-단품요리일반,성수,20231005,,37.5357609,127.0554425,success,성동구,,,,,,,,,,,
2CB43F0D78,서울특별시 성동구 왕십리로 50,삼청********,,서울 성동구,한식-단품요리일반,,20230518,,37.5418696,127.0449555,success,성동구,,,,,,,,,,,
6667AD4338,서울특별시 성동구 왕십리로 16,대흥*****,,서울 성동구,한식-육류/고기,,20191129,,37.5388236,127.045046,success,성동구,,,,,,,,,,,
549B0B52D3,서울특별시 성동구 살곶이2가길 27-19,파로*,,서울 성동구,청과물,,20221117,,37.5634213,127.0456289,success,성동구,,,,,,,,,,,
62E7A755DC,서울특별시 성동구 독서당로59다길 21,오뚜****,,서울 성동구,식료품,,20230222,,37.5527428,127.0307173,success,성동구,,,,,,,,,,,
289F79B6BC,서울특별시 성동구 독서당로46가길 28,더빌**,,서울 성동구,한식-단품요리일반,금남시장,20220418,,37.5473811,127.0213726,success,성동구,,,,,,,,,,,
F16D48C37E,서울특별시 성동구 독서당로40길 25-1,부부*****,,서울 성동구,한식-육류/고기,옥수,20201204,,37.5428125,127.017537,success,성동구,,,,,,,,,,,
90C54E3D50,서울특별시 성동구 송정길 80-3,더 ******,,서울 성동구,베이커리,,20241119,,37.5520771,127.0669798,success,성동구,,,,,,,,,,,
DA4DC755CB,서울특별시 성동구 송정길 82-3,송정**,,서울 성동구,커피전문점,,20230904,,37.5522745,127.0671358,success,성동구,,,,,,,,,,,
EEFB21D12B,서울특별시 성동구 왕십리로8길 21-1,카페**************,,서울 성동구,카페,뚝섬,20240201,,37.5460402,127.0471725,success,성동구,,,,,,,,,,,
8F726BF561,서울특별시 성동구 왕십리로8길 21-1,채마****,,서울 성동구,한정식,뚝섬,20241218,,37.5460402,127.0471725,success,성동구,,,,,,,,,,,
C47DE85D62,서울특별시 성동구 성수일로 27,매*,,서울 성동구,식료품,뚝섬,20231019,,37.5435198,127.0479704,success,성동구,,,,,,,,,,,
966680A20F,서울특별시 성동구 성수일로 39,메가***********,커피전문점2,서울 성동구,커피전문점,뚝섬,20210319,,37.5443229,127.0490982,success,성동구,,,,,,,,,,,
14DC63223D,서울특별시 성동구 왕십리로5길 9-20,Se************,,서울 성동구,식료품,뚝섬,20180116,,37.5464374,127.0440941,success,성동구,,,,,,,,,,,
A8A809016A,서울특별시 성동구 왕십리로5길 9-20,뉴앳*,,서울 성동구,카페,뚝섬,20241014,,37.5464374,127.0440941,success,성동구,,,,,,,,,,,
9DFF61DC0F,서울특별시 성동구 왕십리로5길 9-20,핫쵸****,,서울 성동구,일식당,뚝섬,20221223,,37.5464374,127.0440941,success,성동구,,,,,,,,,,,
728530513F,서울특별시 성동구 왕십리로5길 9-10,버섯*,,서울 성동구,한식-단품요리일반,뚝섬,20161215,,37.5466926,127.0441347,success,성동구,,,,,,,,,,,
609DC095EC,서울특별시 성동구 왕십리로5길 9-16,소녀**********,,서울 성동구,백반/가정식,뚝섬,20171102,,37.5465611,127.0441248,success,성동구,,,,,,,,,,,
C256EA2AC7,서울특별시 성동구 왕십리로5길 9-16,화포*,,서울 성동구,중식당,뚝섬,20241029,,37.5465611,127.0441248,success,성동구,,,,,,,,,,,
89D9C04122,서울특별시 성동구 왕십리로26길 7-2,카츠***,,서울 성동구,일식당,왕십리,20240729,,37.5638963,127.0327189,success,성동구,,,,,,,,,,,
943BBD5F30,서울특별시 성동구 상원12길 5,세컨****,,서울 성동구,테이크아웃커피,뚝섬,20230110,,37.5504876,127.0482531,success,성동구,,,,,,,,,,,
B0733AADEF,서울특별시 성동구 상원12길 5,킹콩***********,한식-찌개/전골3,서울 성동구,한식-찌개/전골,뚝섬,20171114,,37.5504876,127.0482531,success,성동구,,,,,,,,,,,
ED8687C47C,서울특별시 성동구 사근동길 4,맘스*******,,서울 성동구,피자,한양대,20230227,,37.5599448,127.0415495,success,성동구,,,,,,,,,,,
53CA4BAE0A,서울특별시 성동구 사근동길 2,핵밥*****,,서울 성동구,일식-덮밥/돈가스,한양대,20231215,,37.5599705,127.0413329,success,성동구,,,,,,,,,,,
535999101E,서울특별시 성동구 사근동길 4,매머************,,서울 성동구,커피전문점,한양대,20240119,,37.5599448,127.0415495,success,성동구,,,,,,,,,,,
82AE38978E,서울특별시 성동구 서울숲4길 26-10,요쇼****,,서울 성동구,일식당,뚝섬,20231102,,37.5469117,127.0434891,success,성동구,,,,,,,,,,,
7C767063D2,서울특별시 성동구 서울숲4길 26-10,온*,,서울 성동구,양식,뚝섬,20180622,,37.5469117,127.0434891,success,성동구,,,,,,,,,,,
F391294C30,서울특별시 성동구 마장로 271,아이***********,,서울 성동구,아이스크림/빙수,,20230913,,37.5661613,127.0401272,success,성동구,,,,,,,,,,,
9029249DA3,서울특별시 성동구 서울숲4길 26-24,타입*,,서울 성동구,카페,뚝섬,20240828,,37.5466037,127.0433443,success,성동구,,,,,,,,,,,
25B32948C5,서울특별시 성동구 서울숲4길 26-20,어반**,,서울 성동구,카페,뚝섬,20240726,,37.5467063,127.0433913,success,성동구,,,,,,,,,,,
1D97BD1F6F,서울특별시 성동구 서울숲2길 32-14,도나********,,서울 성동구,한식-단품요리일반,뚝섬,20201020,,37.5457822,127.0424788,success,성동구,,,,,,,,,,,
EE7D3593F6,서울특별시 성동구 서울숲2길 32-14,더포*******,동남아/인도음식1,서울 성동구,동남아/인도음식,뚝섬,20230914,,37.5457822,127.0424788,success,성동구,,,,,,,,,,,
3115CB8448,서울특별시 성동구 서울숲4길 22-18,샌드**,,서울 성동구,카페,뚝섬,20220210,,37.5468032,127.0430694,success,성동구,,,,,,,,,,,
A5DC44A844,서울특별시 성동구 마장로 271,희망****,,서울 성동구,카페,,20201218,,37.5661613,127.0401272,success,성동구,,,,,,,,,,,
C970710431,서울특별시 성동구 서울숲4길 16-25,핍스*******,,서울 성동구,양식,뚝섬,20221124,,37.546855,127.0424875,success,성동구,,,,,,,,,,,
56E8BA3007,서울특별시 성동구 마장로 270,메즈**********,,서울 성동구,호프/맥주,,20230830,,37.5654001,127.0397762,success,성동구,,,,,,,,,,,
CCD6FF6A66,서울특별시 성동구 마장로 203,영주**,,서울 성동구,백반/가정식,,20230613,,37.5666874,127.0324288,success,성동구,,,,,,,,,,,
B7AFE65713,서울특별시 성동구 서울숲2길 32-14,포메*****,동남아/인도음식4,서울 성동구,동남아/인도음식,뚝섬,20170124,,37.5457822,127.0424788,success,성동구,,,,,,,,,,,
18139EA68D,서울특별시 성동구 서울숲2길 32-14,매머***************,,서울 성동구,커피전문점,뚝섬,20230724,,37.5457822,127.0424788,success,성동구,,,,,,,,,,,
237D0C814D,서울특별시 성동구 마장로 137,오물**************,,서울 성동구,한식-단품요리일반,,20190516,,37.5693623,127.0247156,success,성동구,,,,,,,,,,,
C9915FFC82,서울특별시 성동구 마장로 137,상상********,,서울 성동구,한식-육류/고기,,20240723,,37.5693623,127.0247156,success,성동구,,,,,,,,,,,
44150C17AB,서울특별시 성동구 마장로 137,수유*********,,서울 성동구,한식-단품요리일반,,20201211,,37.5693623,127.0247156,success,성동구,,,,,,,,,,,
C5BFDBE81E,서울특별시 성동구 마장로 137,장흥*,,서울 성동구,한식-육류/고기,,20200320,,37.5693623,127.0247156,success,성동구,,,,,,,,,,,
DABFCC04D8,서울특별시 성동구 마장로 137,더육*,,서울 성동구,한식-육류/고기,,20181207,,37.5693623,127.0247156,success,성동구,,,,,,,,,,,
9D2AB94FB8,서울특별시 성동구 마장로 137,수비*****,,서울 성동구,한식-육류/고기,,20230105,,37.5693623,127.0247156,success,성동구,,,,,,,,,,,
4F98A3CB2D,서울특별시 성동구 마장로 137,청계**,,서울 성동구,한식-육류/고기,,20220701,,37.5693623,127.0247156,success,성동구,,,,,,,,,,,
2EE7676921,서울특별시 성동구 마장로 137,와이********,,서울 성동구,백반/가정식,,20221230,,37.5693623,127.0247156,success,성동구,,,,,,,,,,,
4DD8AC6665,서울특별시 성동구 마장로 137,다시*,,서울 성동구,백반/가정식,,20201006,,37.5693623,127.0247156,success,성동구,,,,,,,,,,,
BAFFCE9B97,서울특별시 성동구 마장로 137,등촌**********,한식-국수/만두4,서울 성동구,한식-국수/만두,,20211104,,37.5693623,127.0247156,success,성동구,,,,,,,,,,,
1A9644F28E,서울특별시 성동구 마장로 137,양가**********,,서울 성동구,백반/가정식,,20221230,,37.5693623,127.0247156,success,성동구,,,,,,,,,,,
1FAF18BB8F,서울특별시 성동구 마장로 137,카페********,커피전문점7,서울 성동구,커피전문점,,20230811,,37.5693623,127.0247156,success,성동구,,,,,,,,,,,
2B2AF25A23,서울특별시 성동구 마장로 137,왕십*********,,서울 성동구,인삼제품,,20240102,,37.5693623,127.0247156,success,성동구,,,,,,,,,,,
67FCC5D980,서울특별시 성동구 마장로 137,명태**,백반/가정식10,서울 성동구,백반/가정식,,20181030,,37.5693623,127.0247156,success,성동구,,,,,,,,,,,
4AD953D850,서울특별시 성동구 마장로 137,빽다*********,커피전문점4,서울 성동구,커피전문점,,20230824,,37.5693623,127.0247156,success,성동구,,,,,,,,,,,
"42994169E6",서울특별시 성동구 마장로 137,서래*,,서울 성동구,중식당,,20200522,,37.5693623,127.0247156,success,성동구,,,,,,,,,,,
80D43FAFB4,서울특별시 성동구 마장로 137,칠리*,,서울 성동구,중식당,,20171107,,37.5693623,127.0247156,success,성동구,,,,,,,,,,,
953592B09D,서울특별시 성동구 마장로 137,쿠에**,,서울 성동구,이자카야,,20230822,,37.5693623,127.0247156,success,성동구,,,,,,,,,,,
F01D034A24,서울특별시 성동구 마장로 137,51****,,서울 성동구,베이커리,,20240320,,37.5693623,127.0247156,success,성동구,,,,,,,,,,,
E2157F524A,서울특별시 성동구 무학로10길 29-1,안녕****,,서울 성동구,분식,왕십리,20211118,,37.5659026,127.0341845,success,성동구,,,,,,,,,,,
F27FC18E41,서울특별시 성동구 마장로 137,보틀***,,서울 성동구,와인샵,,20220616,20250214,37.5693623,127.0247156,success,성동구,,,,,,,,,,,
A3729FF322,서울특별시 성동구 마조로15가길 27,순자******,,서울 성동구,한식-해물/생선,,20220525,,37.5649296,127.0409596,success,성동구,,,,,,,,,,,
6B1348B076,서울특별시 성동구 마장로 137,슈퍼**********,,서울 성동구,식료품,,20240620,,37.5693623,127.0247156,success,성동구,,,,,,,,,,,
AD9274D19D,서울특별시 성동구 마장로 137,만복**,,서울 성동구,일식당,,20230413,,37.5693623,127.0247156,success,성동구,,,,,,,,,,,
DD45EECEE3,서울특별시 성동구 마장로 137,연*,,서울 성동구,일식당,,20200908,,37.5693623,127.0247156,success,성동구,,,,,,,,,,,
E7580812AD,서울특별시 성동구 마장로 137,보스***,,서울 성동구,피자,,20240207,,37.5693623,127.0247156,success,성동구,,,,,,,,,,,
802DF1F491,서울특별시 성동구 마장로 137,노모*******,,서울 성동구,피자,,20230525,,37.5693623,127.0247156,success,성동구,,,,,,,,,,,
139D3C21E3,서울특별시 성동구 마조로15가길 23,모뇨**,,서울 성동구,식료품,,20240703,,37.5644142,127.0399904,success,성동구,,,,,,,,,,,
EF414AEF31,서울특별시 성동구 마장로 137,봉주**,,서울 성동구,농산물,,20231109,,37.5693623,127.0247156,success,성동구,,,,,,,,,,,
"685929E817",서울특별시 성동구 마장로 137,블랙*************,,서울 성동구,농산물,,20191106,,37.5693623,127.0247156,success,성동구,,,,,,,,,,,
"0780CB40AB",서울특별시 성동구 마장로 137,호식***********,치킨38,서울 성동구,치킨,,20231115,,37.5693623,127.0247156,success,성동구,,,,,,,,,,,
70DB9DA8AB,서울특별시 성동구 마장로 137,가마***,치킨4,서울 성동구,치킨,,20230608,,37.5693623,127.0247156,success,성동구,,,,,,,,,,,
88106077FD,서울특별시 성동구 마장로 137,카페***,,서울 성동구,카페,,20240617,,37.5693623,127.0247156,success,성동구,,,,,,,,,,,
9F7E6E0B21,서울특별시 성동구 마장로 137,샐러********,,서울 성동구,카페,,20240508,,37.5693623,127.0247156,success,성동구,,,,,,,,,,,
1C0E3D3E9C,서울특별시 성동구 마장로 137,스텔***********,,서울 성동구,분식,,20240610,,37.5693623,127.0247156,success,성동구,,,,,,,,,,,
49B504B02C,서울특별시 성동구 마장로 137,김가*********,분식1,서울 성동구,분식,,20240315,,37.5693623,127.0247156,success,성동구,,,,,,,,,,,
E76CBA6E55,서울특별시 성동구 마장로 137,노랑*******,치킨11,서울 성동구,치킨,,20210702,20250811,37.5693623,127.0247156,success,성동구,,,,,,,,,,,
7462B564B6,서울특별시 성동구 마장로 137,포케********,,서울 성동구,양식,,20240911,,37.5693623,127.0247156,success,성동구,,,,,,,,,,,
5E5092A910,서울특별시 성동구 뚝섬로 427,소미*****,,서울 성동구,카페,,20221118,,37.5381521,127.0580261,success,성동구,,,,,,,,,,,
BD7955F77D,서울특별시 성동구 마장로 137,떡볶****************,,서울 성동구,분식,,20221111,,37.5693623,127.0247156,success,성동구,,,,,,,,,,,
1BE17A9B6B,서울특별시 성동구 뚝섬로 409,어썸*****,,서울 성동구,베이커리,성수,20240130,,37.5386683,127.0561398,success,성동구,,,,,,,,,,,
D3F29D0C95,서울특별시 성동구 뚝섬로 413,브로*******************,,서울 성동구,커피전문점,성수,20200825,,37.5385978,127.0563996,success,성동구,,,,,,,,,,,
1DE2A5E40D,서울특별시 성동구 뚝섬로 399,마하**,,서울 성동구,동남아/인도음식,성수,20171221,,37.5389621,127.0550811,success,성동구,,,,,,,,,,,
"0F6B536D3D",서울특별시 성동구 뚝섬로 393,리타***,,서울 성동구,양식,성수,20210609,,37.5390795,127.0544956,success,성동구,,,,,,,,,,,
D983AF8437,서울특별시 성동구 뚝섬로 395,음악**,,서울 성동구,일반 유흥주점,성수,20170213,,37.5390481,127.0546897,success,성동구,,,,,,,,,,,
D2E6E383CD,서울특별시 성동구 뚝섬로 395,빽다*******,커피전문점4,서울 성동구,커피전문점,성수,20210714,,37.5390481,127.0546897,success,성동구,,,,,,,,,,,
B33DBE6CAA,서울특별시 성동구 마장로26길 16-1,원조*****,,서울 성동구,한식-찌개/전골,왕십리,20170619,,37.5654086,127.0360797,success,성동구,,,,,,,,,,,
B98F4B5F96,서울특별시 성동구 뚝섬로 312,브로**************,,서울 성동구,베이커리,,20231122,,37.5411127,127.0452984,success,성동구,,,,,,,,,,,
7E8F21B9A8,서울특별시 성동구 마장로26길 16-1,수상**********,,서울 성동구,한식-육류/고기,왕십리,20240614,,37.5654086,127.0360797,success,성동구,,,,,,,,,,,
259A1E16FE,서울특별시 성동구 뚝섬로 311,대림****,,서울 성동구,식료품,,20230920,,37.5420586,127.0453207,success,성동구,,,,,,,,,,,
1AFD192CB4,서울특별시 성동구 뚝섬로 312,성수****,,서울 성동구,백반/가정식,,20201008,,37.5411127,127.0452984,success,성동구,,,,,,,,,,,
7F155740AA,서울특별시 성동구 동일로 279,70*****,,서울 성동구,카페,,20241011,,37.5563889,127.0717159,success,성동구,,,,,,,,,,,
BB1FB6818D,서울특별시 성동구 동일로 263,눈누**,,서울 성동구,식료품,,20200204,,37.5559984,127.0708953,success,성동구,,,,,,,,,,,
5E93D0267B,서울특별시 성동구 마장로26길 16-1,영희***,,서울 성동구,양식,왕십리,20240201,,37.5654086,127.0360797,success,성동구,,,,,,,,,,,
BCCC2086A0,서울특별시 성동구 독서당로40길 39,등촌*********,한식-국수/만두4,서울 성동구,한식-국수/만두,옥수,20230619,,37.5423083,127.0181918,success,성동구,,,,,,,,,,,
A60B207360,서울특별시 성동구 독서당로40길 39,옥수*******,,서울 성동구,한식-국수/만두,옥수,20230310,,37.5423083,127.0181918,success,성동구,,,,,,,,,,,
DE4BA13DEE,서울특별시 성동구 독서당로40길 39,와인*,,서울 성동구,와인바,옥수,20240621,,37.5423083,127.0181918,success,성동구,,,,,,,,,,,
79F7BABD3E,서울특별시 성동구 독서당로40길 39,하이**,카페15,서울 성동구,카페,옥수,20160621,,37.5423083,127.0181918,success,성동구,,,,,,,,,,,
86167864F2,서울특별시 성동구 독서당로40길 39,백소*****,,서울 성동구,일식당,옥수,20240307,,37.5423083,127.0181918,success,성동구,,,,,,,,,,,
B3628DE20B,서울특별시 성동구 독서당로40길 39,와인***,,서울 성동구,와인샵,옥수,20221221,,37.5423083,127.0181918,success,성동구,,,,,,,,,,,
F78999A03F,서울특별시 성동구 금호로 173,진우*,,서울 성동구,백반/가정식,,20241206,,37.5554459,127.018621,success,성동구,,,,,,,,,,,
FBE9059735,서울특별시 성동구 금호로 173,안심***********,축산물1,서울 성동구,축산물,,20180531,,37.5554459,127.018621,success,성동구,,,,,,,,,,,
47C9895708,서울특별시 성동구 금호로 173,써브********,샌드위치/토스트2,서울 성동구,샌드위치/토스트,,20210317,,37.5554459,127.018621,success,성동구,,,,,,,,,,,
235801F5F3,서울특별시 성동구 금호산길 71,초능******,,서울 성동구,일식당,신금호,20240201,,37.5545502,127.0196011,success,성동구,,,,,,,,,,,
35A4AA3FB1,서울특별시 성동구 금호산길 67,와플**********,베이커리8,서울 성동구,베이커리,신금호,20220607,,37.5543503,127.0195072,success,성동구,,,,,,,,,,,
5E180A9A93,서울특별시 성동구 금호산길 71,죠스*************,,서울 성동구,아이스크림/빙수,신금호,20220316,,37.5545502,127.0196011,success,성동구,,,,,,,,,,,
7D812F3CC3,서울특별시 성동구 금호산길 71,메가***********,커피전문점2,서울 성동구,커피전문점,신금호,20230104,,37.5545502,127.0196011,success,성동구,,,,,,,,,,,
EBC1ED7CFA,서울특별시 성동구 왕십리로20길 34,수*,,서울 성동구,한식-단품요리일반,왕십리,20171127,,37.5648727,127.0357119,success,성동구,,,,,,,,,,,
A7B5BBED77,서울특별시 성동구 금호산길 65,등촌*****,한식-국수/만두4,서울 성동구,한식-국수/만두,신금호,20240618,,37.5541588,127.019406,success,성동구,,,,,,,,,,,
9DB54B4166,서울특별시 성동구 왕십리로20길 36,별관*,,서울 성동구,한식-육류/고기,왕십리,20190620,,37.5649826,127.0357874,success,성동구,,,,,,,,,,,
"0A969D0884",서울특별시 성동구 금호로 48-1,계란**,,서울 성동구,일식당,,20231106,,37.5476117,127.0259624,success,성동구,,,,,,,,,,,
E4D3C3A8AC,서울 성동구 왕십리로20길 36-1,또올*,,서울 성동구,한식-단품요리일반,왕십리,20000128,,37.5651145,127.0357356,success,성동구,,,,,,,,,,,
4BC6588772,서울 성동구 아차산로7나길 18.,아키**,,서울 성동구,일식당,성수,20160407,,37.5477179,127.0574299,success,성동구,,,,,,,,,,,
5793537AB2,서울 성동구 성수동2가 289-175,유향*,,서울 성동구,중식당,성수,20090930,,37.5488458,127.0572395,success,성동구,,,,,,,,,,,
E8372EA9EB,서울 성동구 독서당로40길 25-1,부부***,,서울 성동구,한식-육류/고기,옥수,20140425,,37.5428125,127.017537,success,성동구,,,,,,,,,,,
1CAA6D7F95,서울  성동구  마조로3가길  15,뉴욕********,양식1,서울 성동구,양식,한양대,20120619,,37.5592924,127.0398973,success,성동구,,,,,,,,,,,
422418BBDD,서울특별시 성동구 행당로 112,대단*********,,서울 성동구,베이커리,행당,20230622,20250721,37.5578626,127.0312417,success,성동구,,,,,,,,,,,
5755CB685C,서울특별시 성동구 송정18가길 31-1,아일*****,,서울 성동구,양식,,20211026,,37.555152,127.0692933,success,성동구,,,,,,,,,,,
A72A1DD952,서울특별시 성동구 행당로 110,오릭******,,서울 성동구,베이커리,행당,20200728,,37.5578293,127.031101,success,성동구,,,,,,,,,,,
38EDE3F91C,서울특별시 성동구 행당로 110,피자*******,피자8,서울 성동구,피자,행당,20240726,,37.5578293,127.031101,success,성동구,,,,,,,,,,,
33706FFD69,서울특별시 성동구 행당로 112,개인**,,서울 성동구,카페,행당,20171123,,37.5578626,127.0312417,success,성동구,,,,,,,,,,,
7563529BDC,서울특별시 성동구 행당로 112,명가*******,,서울 성동구,치킨,행당,20200226,,37.5578626,127.0312417,success,성동구,,,,,,,,,,,
67551595FA,서울특별시 성동구 행당로 105,메가**********,커피전문점2,서울 성동구,커피전문점,행당,20200717,,37.5580187,127.0305736,success,성동구,,,,,,,,,,,
64B27F3594,서울특별시 성동구 행당로 108,행복***,,서울 성동구,분식,행당,20180724,,37.5577702,127.0308578,success,성동구,,,,,,,,,,,
8334F2D489,서울특별시 성동구 행당로 100,영토***************,,서울 성동구,샌드위치/토스트,행당,20240129,,37.557486,127.0299937,success,성동구,,,,,,,,,,,
2BE371C2DE,서울특별시 성동구 성수일로12길 52,카스**************,,서울 성동구,카페,성수,20240910,,37.5466072,127.0562668,success,성동구,,,,,,,,,,,
2B2CDD8A48,서울특별시 성동구 행당로 102,골드**,,서울 성동구,축산물,행당,20220502,,37.5575484,127.0301411,success,성동구,,,,,,,,,,,
BE527144E5,서울특별시 성동구 행당로 101,베스****,아이스크림/빙수1,서울 성동구,아이스크림/빙수,행당,20190909,,37.5579301,127.0301332,success,성동구,,,,,,,,,,,
37C22962DB,서울특별시 성동구 성수일로11길 11,매머*************,,서울 성동구,커피전문점,뚝섬,20230607,,37.5492009,127.0502289,success,성동구,,,,,,,,,,,
70C1CDADC9,서울특별시 성동구 상원6길 14,아프*****,,서울 성동구,한식-해물/생선,뚝섬,20241204,,37.54841,127.0501541,success,성동구,,,,,,,,,,,
DA830AD4F9,서울특별시 성동구 성수일로11길 11,퍼윅**********,,서울 성동구,와인바,뚝섬,20220908,,37.5492009,127.0502289,success,성동구,,,,,,,,,,,
BAD22BA603,서울특별시 성동구 상원1길 33,모퉁***,,서울 성동구,와플/크로플,뚝섬,20180628,,37.5465021,127.0474122,success,성동구,,,,,,,,,,,
E61969DA0F,서울특별시 성동구 상원1길 29,컴포*******,커피전문점11,서울 성동구,커피전문점,뚝섬,20180518,,37.5462562,127.0476105,success,성동구,,,,,,,,,,,
3B0E5FAA4D,서울특별시 성동구 상원1길 25,그린****,,서울 성동구,한식뷔페,뚝섬,20200423,,37.5458684,127.0479493,success,성동구,,,,,,,,,,,
5BB092A34C,서울특별시 성동구 상원1길 13,후후***,,서울 성동구,베이커리,뚝섬,20230327,,37.5450459,127.0487576,success,성동구,,,,,,,,,,,
9DA9844737,서울특별시 성동구 상원1길 25,젠틀**********,,서울 성동구,커피전문점,뚝섬,20241105,,37.5458684,127.0479493,success,성동구,,,,,,,,,,,
870775BC01,서울 성동구 금호로 127 .,육장*******,한식-육류/고기20,서울 성동구,한식-육류/고기,신금호,20160707,,37.5528377,127.0224511,success,성동구,,,,,,,,,,,
DC17B81D3E,서울 성동구 금호로11길 1,튜니**,,서울 성동구,호프/맥주,신금호,20110131,,37.5545941,127.0194387,success,성동구,,,,,,,,,,,
F1039455F0,서울 성동구 금호로 127 .,목포**,,서울 성동구,한식-육류/고기,신금호,20160622,,37.5528377,127.0224511,success,성동구,,,,,,,,,,,
308272D87D,서울특별시 성동구 무학로6길 51,왕십****,,서울 성동구,한식-단품요리일반,왕십리,20180918,,37.5648878,127.0358849,success,성동구,,,,,,,,,,,
EAC2034A91,서울 성동구 고산자로 287,왕십******,,서울 성동구,한식-육류/고기,왕십리,20100901,,37.5653177,127.0361543,success,성동구,,,,,,,,,,,
C76DAFE8C1,서울  성동구  행당로  98,더리*,,서울 성동구,카페,행당,20120720,,37.557486,127.0299937,success,성동구,,,,,,,,,,,
58B096EF00,서울  성동구  마조로  55,신선***,,서울 성동구,축산물,,20120405,,37.5627147,127.0415088,success,성동구,,,,,,,,,,,
B7A05D56C7,서울  성동구  상원길  49,뚝섬**,,서울 성동구,한식-육류/고기,뚝섬,20120522,,37.5485479,127.0480903,success,성동구,,,,,,,,,,,
382A324F7A,서울 성동구 행당로 87 .,낙원**,,서울 성동구,떡/한과 제조,행당,20160516,,37.5579013,127.0271186,success,성동구,,,,,,,,,,,
"0E33FFCD65",서울 성동구 행당로 89 .,이영******,,서울 성동구,분식,행당,20210617,,37.5574251,127.0288558,success,성동구,,,,,,,,,,,
5AE55ECD0E,서울 성동구 행당동 17-7,카페********,아이스크림/빙수6,서울 성동구,아이스크림/빙수,한양대,20130329,,37.5562097,127.044734,success,성동구,,,,,,,,,,,
F147CC2C63,서울 성동구 한림말길 17,옥수*****,,서울 성동구,백반/가정식,옥수,20150724,,37.5409683,127.0131214,success,성동구,,,,,,,,,,,
3F14DF48F3,서울특별시 성동구 무학로2길 16,스시****,,서울 성동구,일식당,왕십리,20230308,,37.5639157,127.0317617,success,성동구,,,,,,,,,,,
B5FA7D1201,서울특별시 성동구 무학로2길 16,행복**,,서울 성동구,주류,왕십리,20240911,,37.5639157,127.0317617,success,성동구,,,,,,,,,,,
"099CE5DB1F",서울특별시 성동구 마조로3길 10,바*,,서울 성동구,한식-육류/고기,한양대,20240910,20250730,37.5586712,127.0395827,success,성동구,,,,,,,,,,,
20A41DB343,서울 성동구 상원1길 33.,야끼****,,서울 성동구,일식당,뚝섬,20190531,,37.5465021,127.0474122,success,성동구,,,,,,,,,,,
EE0A7B3068,서울특별시 성동구 마조로19길 7,효창***,,서울 성동구,축산물,,20241113,,37.564944,127.0407753,success,성동구,,,,,,,,,,,
3593B2D487,서울 성동구 상원1길 13.,스테************,,서울 성동구,카페,뚝섬,20230126,,37.5450459,127.0487576,success,성동구,,,,,,,,,,,
97FAE8D665,서울 성동구 사근동길 4.,우리**,,서울 성동구,한식-육류/고기,한양대,20091204,,37.5599448,127.0415495,success,성동구,,,,,,,,,,,
19AB11C6B4,서울 성동구 사근동길 4.,피자*******,피자10,서울 성동구,피자,한양대,20170628,,37.5599448,127.0415495,success,성동구,,,,,,,,,,,
C5CC45C4BE,서울특별시 성동구 마조로15길 2,호식***********,치킨38,서울 성동구,치킨,,20201113,,37.5640073,127.0412593,success,성동구,,,,,,,,,,,
36348ED941,서울특별시 성동구 마장로 203-1,미라********,,서울 성동구,한식-단품요리일반,,20230727,,37.5667173,127.0325486,success,성동구,,,,,,,,,,,
6B1134ACB2,서울특별시 성동구 마장로 203-1,갱상*******,,서울 성동구,한식-육류/고기,,20231222,,37.5667173,127.0325486,success,성동구,,,,,,,,,,,
2D3C8D6F8A,서울특별시 성동구 마장로 203-1,갱상**********,,서울 성동구,한식-육류/고기,,20230717,,37.5667173,127.0325486,success,성동구,,,,,,,,,,,
"068FABCF18",서울특별시 성동구 마장로 203-1,홍익**,,서울 성동구,요리주점,,20220525,,37.5667173,127.0325486,success,성동구,,,,,,,,,,,
8884E46F9D,서울 성동구 마장로 284.,대성*,,서울 성동구,중식당,,20130628,,37.5653409,127.0412626,success,성동구,,,,,,,,,,,
AA2334143C,서울 성동구 마장로 244.,잼(******,,서울 성동구,한식-찌개/전골,왕십리,20181211,,37.5658277,127.0368702,success,성동구,,,,,,,,,,,
475ED601EB,서울 성동구 마장로 280.,지에************,커피전문점10,서울 성동구,커피전문점,,20130905,,37.5653573,127.0407727,success,성동구,,,,,,,,,,,
93DD2BDC37,서울 성동구 마장로 274.,우리******,,서울 성동구,한식-해물/생선,,20080319,,37.5653833,127.0401937,success,성동구,,,,,,,,,,,
3B463692E1,서울특별시 성동구 뚝섬로1길 55,돼지*,,서울 성동구,한식-육류/고기,뚝섬,20220905,,37.5460923,127.047521,success,성동구,,,,,,,,,,,
"0F646F50F7",서울특별시 성동구 뚝섬로1길 25,더카*******,카페2,서울 성동구,카페,뚝섬,20200821,,37.5436431,127.0463021,success,성동구,,,,,,,,,,,
E508B2FACD,서울 성동구 마장로 137.,유림****,,서울 성동구,한식-국수/만두,,20141024,,37.5693623,127.0247156,success,성동구,,,,,,,,,,,
3D65A21626,서울 성동구 마장로 137.,컴포***********,커피전문점11,서울 성동구,커피전문점,,20240119,,37.5693623,127.0247156,success,성동구,,,,,,,,,,,
4A42915A44,서울특별시 성동구 뚝섬로1길 31,매머*************,,서울 성동구,커피전문점,뚝섬,20230420,,37.544075,127.0465674,success,성동구,,,,,,,,,,,
8ED47EF2DD,서울 성동구 마장로 137.,나마*****,,서울 성동구,한식-해물/생선,,20190722,,37.5693623,127.0247156,success,성동구,,,,,,,,,,,
C4BF630797,서울특별시 성동구 뚝섬로1길 31,오뜨*******,,서울 성동구,양식,뚝섬,20190515,,37.544075,127.0465674,success,성동구,,,,,,,,,,,
4ED49525EB,서울 성동구 마장로 137.,누들************,,서울 성동구,한식-육류/고기,,20150402,,37.5693623,127.0247156,success,성동구,,,,,,,,,,,
3FEEF8EC29,서울특별시 성동구 뚝섬로 427-8,헨리****,,서울 성동구,카페,,20241129,,37.5383311,127.0579354,success,성동구,,,,,,,,,,,
D218E37580,서울 성동구 마장로 137.,본도*******,도시락2,서울 성동구,도시락,,20211230,,37.5693623,127.0247156,success,성동구,,,,,,,,,,,
"0B68902965",서울 성동구 마장로 137.,서오***,,서울 성동구,피자,,20200901,,37.5693623,127.0247156,success,성동구,,,,,,,,,,,
7E6B28839A,서울특별시 성동구 뚝섬로13길 5,꽈배********,,서울 성동구,분식,,20220208,,37.5386945,127.0575761,success,성동구,,,,,,,,,,,
582A075088,서울 성동구 마장로 137.,고(********,,서울 성동구,축산물,,20230512,,37.5693623,127.0247156,success,성동구,,,,,,,,,,,
"6387170291",서울특별시 성동구 뚝섬로13길 3,안타*,,서울 성동구,동남아/인도음식,,20240808,,37.5385777,127.0574865,success,성동구,,,,,,,,,,,
C02F2D3CAA,서울 성동구 마장로 137.,안수*,,서울 성동구,일식당,,20210709,,37.5693623,127.0247156,success,성동구,,,,,,,,,,,
5B4244B007,서울 성동구 마장로 137.,웃긴****,,서울 성동구,분식,,20210312,,37.5693623,127.0247156,success,성동구,,,,,,,,,,,
1777C724B3,서울 성동구 마장로 137.,고고***,,서울 성동구,치킨,,20150818,,37.5693623,127.0247156,success,성동구,,,,,,,,,,,
D5D2A1D534,서울 성동구 마장로 137.,낀부**********,치킨8,서울 성동구,치킨,,20140811,,37.5693623,127.0247156,success,성동구,,,,,,,,,,,
B08C05B8DC,서울 성동구 뚝섬로 389.,한촌*********,한식-국밥/설렁탕14,서울 성동구,한식-국밥/설렁탕,성수,20141230,,37.5392698,127.0540652,success,성동구,,,,,,,,,,,
7A3D6D3CF9,서울 성동구 성수이로 45.,로스*****,,서울 성동구,식품 제조,성수,20200123,,37.539198,127.0548574,success,성동구,,,,,,,,,,,
103A5AE48B,서울 성동구 성수이로 45.,성수*****,,서울 성동구,베이커리,성수,20230526,,37.539198,127.0548574,success,성동구,,,,,,,,,,,
FCA7A6787B,서울 성동구 성수이로 45.,로스*****,,서울 성동구,카페,성수,20210204,,37.539198,127.0548574,success,성동구,,,,,,,,,,,
17251C4F10,서울특별시 성동구 송정4가길 65,성수*****,,서울 성동구,한식-단품요리일반,,20200429,,37.5517166,127.0668211,success,성동구,,,,,,,,,,,
7F5F0D0F33,서울특별시 성동구 성수이로 147,더벤*********,커피전문점1,서울 성동구,커피전문점,성수,20240510,,37.5480939,127.0575184,success,성동구,,,,,,,,,,,
519381C21B,서울특별시 성동구 성수이로 147,그리*,,서울 성동구,양식,성수,20230126,,37.5480939,127.0575184,success,성동구,,,,,,,,,,,
BFFAC4B600,서울특별시 성동구 성수이로 147,호랑*,,서울 성동구,한식-육류/고기,성수,20211015,,37.5480939,127.0575184,success,성동구,,,,,,,,,,,
4FAC32FBDC,서울특별시 성동구 성수이로 147,우리***,,서울 성동구,백반/가정식,성수,20190612,,37.5480939,127.0575184,success,성동구,,,,,,,,,,,
90825ECD46,서울 성동구 상원1길 25 .,짚랩***,,서울 성동구,식료품,뚝섬,20240502,,37.5458684,127.0479493,success,성동구,,,,,,,,,,,
DBD3191157,서울 성동구 서울숲6길 21,짬뽕******,,서울 성동구,중식당,뚝섬,20140415,,37.5474358,127.0439463,success,성동구,,,,,,,,,,,
FD13D7996E,서울 성동구 상원길 47-1.,상원**,,서울 성동구,청과물,뚝섬,20160811,,37.5483662,127.0481914,success,성동구,,,,,,,,,,,
74F5A7BE5E,서울 성동구 살곶이길 50.,빠삐*,,서울 성동구,베이커리,,20150917,,37.5694591,127.0425481,success,성동구,,,,,,,,,,,
47ED27ED3A,서울 성동구 살곶이길 18.,손건************,,서울 성동구,한식-육류/고기,마장동,20200716,,37.5613868,127.0436916,success,성동구,,,,,,,,,,,
2265D9F8B3,서울 성동구 살곶이길 18.,마장****,,서울 성동구,한식-육류/고기,마장동,20130710,,37.5613868,127.0436916,success,성동구,,,,,,,,,,,
F3B534E564,서울 성동구 살곶이길 18.,권영******,,서울 성동구,한식-단품요리일반,마장동,20060306,,37.5613868,127.0436916,success,성동구,,,,,,,,,,,
DE7F19C8F6,서울 성동구 살곶이길 18.,청계****,,서울 성동구,한식-육류/고기,마장동,20231117,,37.5613868,127.0436916,success,성동구,,,,,,,,,,,
"0D5913A247",서울 성동구 살곶이길 18.,빨간***,,서울 성동구,한식-육류/고기,마장동,20091030,,37.5613868,127.0436916,success,성동구,,,,,,,,,,,
E9DBF3BFCA,서울 성동구 살곶이길 18.,마장***,,서울 성동구,한식-육류/고기,마장동,20090306,,37.5613868,127.0436916,success,성동구,,,,,,,,,,,
452A2E0AD8,서울 성동구 살곶이길 18.,전주***,,서울 성동구,한식-육류/고기,마장동,20120829,,37.5613868,127.0436916,success,성동구,,,,,,,,,,,
3A770A3C62,서울 성동구 살곶이길 18.,종필****,,서울 성동구,한식-육류/고기,마장동,20101223,,37.5613868,127.0436916,success,성동구,,,,,,,,,,,
F959F7E85C,서울 성동구 살곶이길 18.,전봇**,,서울 성동구,백반/가정식,마장동,20060302,,37.5613868,127.0436916,success,성동구,,,,,,,,,,,
3B8E59372C,서울 성동구 살곶이길 18.,충청**,,서울 성동구,식료품,마장동,20220330,,37.5613868,127.0436916,success,성동구,,,,,,,,,,,
EC917AB57E,서울 성동구 살곶이길 18.,쌍둥**,,서울 성동구,한식-육류/고기,마장동,20060302,,37.5613868,127.0436916,success,성동구,,,,,,,,,,,
479160DAA8,서울 성동구 살곶이길 18.,남원*,,서울 성동구,한식-육류/고기,마장동,20060302,,37.5613868,127.0436916,success,성동구,,,,,,,,,,,
537EED164B,서울 성동구 무학로2길 23,다*,,서울 성동구,백반/가정식,왕십리,20050829,,37.5638813,127.0324631,success,성동구,,,,,,,,,,,
CE0E9B9A73,서울특별시 성동구 서울숲6길 13,루쎄********,,서울 성동구,양식,뚝섬,20240827,,37.5476944,127.043096,success,성동구,,,,,,,,,,,
1F59865E54,서울특별시 성동구 서울숲6길 12,최가********,,서울 성동구,한식-국수/만두,뚝섬,20240429,,37.5475561,127.042898,success,성동구,,,,,,,,,,,
115B45FBBE,서울특별시 성동구 서울숲6길 14,정선***,,서울 성동구,백반/가정식,뚝섬,20171106,,37.5475077,127.0430577,success,성동구,,,,,,,,,,,
A0A1FF8F0B,서울특별시 성동구 서울숲6길 14,시즈*********,,서울 성동구,카페,뚝섬,20220630,,37.5475077,127.0430577,success,성동구,,,,,,,,,,,
B0BF2F0AB2,서울특별시 성동구 서울숲4길 26,베르*****,,서울 성동구,카페,뚝섬,20241028,,37.5469463,127.0437445,success,성동구,,,,,,,,,,,
38BDC5B4AE,서울특별시 성동구 서울숲4길 23,사길**,,서울 성동구,중식당,뚝섬,20230112,,37.5472142,127.0435782,success,성동구,,,,,,,,,,,
950EA7A1A2,서울특별시 성동구 서울숲4길 28,성수**,,서울 성동구,백반/가정식,뚝섬,20210709,,37.5469076,127.0438842,success,성동구,,,,,,,,,,,
67A793BE25,서울특별시 성동구 서울숲4길 28,밸런****,,서울 성동구,양식,뚝섬,20210601,20250820,37.5469076,127.0438842,success,성동구,,,,,,,,,,,
2CF63CC8AA,서울특별시 성동구 서울숲4길 16,타크******,,서울 성동구,카페,뚝섬,20220517,,37.5472309,127.0428248,success,성동구,,,,,,,,,,,
65E9AD1E06,서울특별시 성동구 서울숲4길 13,란돌***************,,서울 성동구,한식-단품요리일반,뚝섬,20220628,,37.5475413,127.0424647,success,성동구,,,,,,,,,,,
64A48DF745,서울특별시 성동구 서울숲4길 21,후추******,,서울 성동구,양식,뚝섬,20221026,,37.5472653,127.0434047,success,성동구,,,,,,,,,,,
3AE8B97E90,서울특별시 성동구 서울숲4길 17,파티********,,서울 성동구,카페,뚝섬,20200929,,37.5473843,127.0429981,success,성동구,,,,,,,,,,,
9643B485DF,서울 성동구 마조로1길 6.,카페***,,서울 성동구,커피전문점,한양대,20171221,,37.558366,127.0399525,success,성동구,,,,,,,,,,,
545BE56226,서울특별시 성동구 서울숲2길 47,미술**********,,서울 성동구,일식-덮밥/돈가스,뚝섬,20231106,,37.5463167,127.044064,success,성동구,,,,,,,,,,,
98C1A0A96B,서울 성동구 마조로1길 2.,행*,,서울 성동구,일식-덮밥/돈가스,한양대,20140205,,37.5583222,127.0401932,success,성동구,,,,,,,,,,,
E8BDFFAD07,서울 성동구 마조로1길 2.,도스**,기타세계요리1,서울 성동구,기타세계요리,한양대,20140220,,37.5583222,127.0401932,success,성동구,,,,,,,,,,,
79423CC5CA,서울 성동구 마조로1길 4.,토속***,,서울 성동구,한식-단품요리일반,한양대,20080828,,37.5583017,127.0401588,success,성동구,,,,,,,,,,,
582577A831,서울 성동구 마조로1길 4.,나그***,,서울 성동구,요리주점,한양대,20080414,,37.5583017,127.0401588,success,성동구,,,,,,,,,,,
80012F987D,서울 성동구 마조로1길 2.,타로*******,,서울 성동구,카페,한양대,20090608,,37.5583222,127.0401932,success,성동구,,,,,,,,,,,
F88A12BCAB,서울 성동구 마조로19길 7,한우**,,서울 성동구,한식-육류/고기,,20241112,,37.564944,127.0407753,success,성동구,,,,,,,,,,,
8E6AC8C283,서울특별시 성동구 상원1길 15-1,남매***,,서울 성동구,한식-국수/만두,뚝섬,20200806,,37.5452091,127.0485951,success,성동구,,,,,,,,,,,
38C18AF0CF,서울특별시 성동구 상원1길 11-1,우웨**,,서울 성동구,중식당,뚝섬,20230502,,37.5449921,127.0488409,success,성동구,,,,,,,,,,,
C380136CEA,서울특별시 성동구 상원1길 35-9,누메***,,서울 성동구,양식,뚝섬,20180518,,37.5463498,127.0473418,success,성동구,,,,,,,,,,,
A256E0BDFC,서울 성동구 뚝섬로 401-2,칠성**,,서울 성동구,한식-육류/고기,성수,20020404,,37.5389462,127.0553683,success,성동구,,,,,,,,,,,
7162A93F6B,서울특별시 성동구 살곶이길 200,(오*******,,서울 성동구,카페,한양대,20221024,,37.5577414,127.0473936,success,성동구,,,,,,,,,,,
"0B5B2332CF",서울 성동구 금호산길 67.,남원***,한식-해물/생선2,서울 성동구,한식-해물/생선,신금호,20130605,,37.5543503,127.0195072,success,성동구,,,,,,,,,,,
F7AD65B492,서울 성동구 금호산길 65.,파리*********,베이커리10,서울 성동구,베이커리,신금호,20150203,,37.5541588,127.019406,success,성동구,,,,,,,,,,,
557D0AECD2,서울특별시 성동구 고산자로 284,하얀****,,서울 성동구,분식,왕십리,20170614,,37.5649229,127.0368108,success,성동구,,,,,,,,,,,
FDAA673A8F,서울특별시 성동구 고산자로 281,제일**,,서울 성동구,한식-찌개/전골,왕십리,20170216,,37.5648615,127.036046,success,성동구,,,,,,,,,,,
BA01E62E84,서울 성동구 금호로11길 4,해물**,,서울 성동구,한식-해물/생선,신금호,20090918,20250117,37.5547715,127.0194161,success,성동구,,,,,,,,,,,
CDF016103F,서울특별시 성동구 고산자로 284,정육***,,서울 성동구,축산물,왕십리,20210106,,37.5649229,127.0368108,success,성동구,,,,,,,,,,,
2C2BF9EB44,서울특별시 성동구 고산자로 284,매머*********,카페4,서울 성동구,카페,왕십리,20241011,,37.5649229,127.0368108,success,성동구,,,,,,,,,,,
77E78C7C26,서울 성동구 금호로 40.,금호**************,,서울 성동구,요리주점,,20161202,,37.5468032,127.0265652,success,성동구,,,,,,,,,,,
E014ED20D7,서울 성동구 금호로 17.,유어***,,서울 성동구,한식-단품요리일반,금남시장,20131016,,37.5461582,127.0240435,success,성동구,,,,,,,,,,,
8D1EB6E432,서울특별시 성동구 고산자로 281,제일***,,서울 성동구,한식-육류/고기,왕십리,20230609,,37.5648615,127.036046,success,성동구,,,,,,,,,,,
ACEE39AB64,서울특별시 성동구 고산자로 201,복호******,,서울 성동구,베이커리,왕십리,20240115,,37.558058,127.0337148,success,성동구,,,,,,,,,,,
1361C9B25C,서울 성동구 금호로 168,사와**,,서울 성동구,분식,신금호,20081229,,37.5558161,127.0201378,success,성동구,,,,,,,,,,,
975338EB45,서울특별시 성동구 고산자로 201,맘스*******,햄버거2,서울 성동구,햄버거,왕십리,20210531,,37.558058,127.0337148,success,성동구,,,,,,,,,,,
F20A9C3F30,서울 성동구 금호로 17.,해*,,서울 성동구,한식-육류/고기,금남시장,20120402,,37.5461582,127.0240435,success,성동구,,,,,,,,,,,
"0616E5FFD3",서울 성동구 금호로 17.,마테****,,서울 성동구,양식,금남시장,20150320,,37.5461582,127.0240435,success,성동구,,,,,,,,,,,
3C97811992,서울  성동구  무수막길,강정***,,서울 성동구,치킨,신금호,20091029,,37.5512457,127.0226571,success,성동구,,,,,,,,,,,
EB0EDEEF49,서울특별시 성동구 고산자로 177,형제**,,서울 성동구,한식-육류/고기,,20230214,,37.5551998,127.0324682,success,성동구,,,,,,,,,,,
A4369EE806,서울 성동구 행당로 79,비타***,,서울 성동구,반찬,행당,20151112,,37.5579013,127.0271186,success,성동구,,,,,,,,,,,
B638F301B1,서울특별시 성동구 고산자로 197,무학********,,서울 성동구,식료품,행당,20240604,,37.5573989,127.0328678,success,성동구,,,,,,,,,,,
1527B8DFD5,서울  성동구  무수막길,미스***,치킨21,서울 성동구,치킨,신금호,20121023,,37.5512457,127.0226571,success,성동구,,,,,,,,,,,
A9B8207363,서울특별시 성동구 고산자로 177,드립*****,,서울 성동구,카페,,20230719,,37.5551998,127.0324682,success,성동구,,,,,,,,,,,
C174E3CA47,서울특별시 성동구 고산자로 177,깜닭**,치킨9,서울 성동구,치킨,,20240528,,37.5551998,127.0324682,success,성동구,,,,,,,,,,,
82FE8B6C05,서울특별시 성동구 고산자로 177,한우***,,서울 성동구,한식-육류/고기,,20180626,,37.5551998,127.0324682,success,성동구,,,,,,,,,,,
C64FD46BFC,서울 성동구 행당로 38,덕흥***,,서울 성동구,축산물,,20001012,,37.5567086,127.0272721,success,성동구,,,,,,,,,,,
4BA019BAEF,서울특별시 성동구 고산자로 177,케키*******,,서울 성동구,식료품,,20240129,,37.5551998,127.0324682,success,성동구,,,,,,,,,,,
74E2CC9A6B,서울특별시 성동구 고산자로 130,블랙**,,서울 성동구,카페,,20240409,,37.5516792,127.0355276,success,성동구,,,,,,,,,,,
"00646B6673",서울특별시 성동구 고산자로 164,봉밀******,,서울 성동구,한식-냉면,,20220106,,37.5551292,127.036254,success,성동구,,,,,,,,,,,
8F2E3CF4D7,서울특별시 성동구 고산자로 164,순한****,,서울 성동구,축산물,,20191209,,37.5551292,127.036254,success,성동구,,,,,,,,,,,
B51D3CC6E0,서울 성동구 왕십리로31나길 24.,어울**,,서울 성동구,백반/가정식,,20161027,,37.5629111,127.0285654,success,성동구,,,,,,,,,,,
D427F7C6AB,서울 성동구 무학로 42,벽산****,,서울 성동구,포장마차,,20091202,,37.5679124,127.0303474,success,성동구,,,,,,,,,,,
FCBC740B1D,서울 성동구 무학로 33,왕십**********,베이커리10,서울 성동구,베이커리,,20160419,,37.5685653,127.0279662,success,성동구,,,,,,,,,,,
3864418FCC,서울 성동구 독서당로46가길 28.,노컷******************,,서울 성동구,백반/가정식,금남시장,20181029,,37.5473811,127.0213726,success,성동구,,,,,,,,,,,
"03360C97C5",서울  성동구  용답중앙11길  20,레벤**,,서울 성동구,호프/맥주,답십리,20120607,,37.5664003,127.0525653,success,성동구,,,,,,,,,,,
58B8C943BF,서울특별시 성동구 매봉길 50,아이******,,서울 성동구,아이스크림/빙수,,20230303,,37.5483322,127.013891,success,성동구,,,,,,,,,,,
3C918D8F6A,서울  성동구  성수일로11길  11,동치*,,서울 성동구,한식-찌개/전골,뚝섬,20120423,,37.5492009,127.0502289,success,성동구,,,,,,,,,,,
F1C69918DF,서울 성동구 왕십리로 410,국수**,한식-국수/만두3,서울 성동구,한식-국수/만두,,20211007,,37.56611,127.0276467,success,성동구,,,,,,,,,,,
7FCF23E6F3,서울특별시 성동구 마장로 137,아이**********,,서울 성동구,아이스크림/빙수,,20230821,,37.5693623,127.0247156,success,성동구,,,,,,,,,,,
4DEDE7CD03,서울 성동구 금호동2가,닭한*****,,서울 성동구,한식-육류/고기,신금호,20041102,,37.5530275,127.020416,success,성동구,,,,,,,,,,,
C2261977A8,서울특별시 성동구 마장로35길 76,한성**,,서울 성동구,축산물,,20230517,,37.5694591,127.0425481,success,성동구,,,,,,,,,,,
C75AC23756,서울  성동구  행당2동,대림****,,서울 성동구,축산물,행당,20000627,,37.5570351,127.0300265,success,성동구,,,,,,,,,,,
768A5CD0A0,서울  성동구  독서당로40길  39,육연*,,서울 성동구,한식-단품요리일반,옥수,20120816,,37.5423083,127.0181918,success,성동구,,,,,,,,,,,
9743B78531,서울 성동구 독서당로 223,어반**,,서울 성동구,양식,,20130305,,37.5449597,127.0138463,success,성동구,,,,,,,,,,,
24B47BE5E4,서울특별시 성동구 행당로8길 3,TH********,,서울 성동구,아이스크림/빙수,행당,20180612,,37.5574665,127.0301719,success,성동구,,,,,,,,,,,
FF079A30CE,서울특별시 성동구 금호로11길 3,금호***,,서울 성동구,한식-육류/고기,신금호,20220415,,37.5546129,127.0193192,success,성동구,,,,,,,,,,,
8F1003CA95,서울 성동구 금호동3가,귀일**,,서울 성동구,분식,금남시장,20160315,,37.549893,127.0195641,success,성동구,,,,,,,,,,,
6E8496E346,서울특별시 성동구 마장로 137,언코*****,,서울 성동구,백반/가정식,,20231025,,37.5693623,127.0247156,success,성동구,,,,,,,,,,,
55B4F11C0E,서울  성동구  행당2동,김밥**,,서울 성동구,분식,행당,20101011,,37.5570351,127.0300265,success,성동구,,,,,,,,,,,
239B67CD70,서울특별시 성동구 한림말길 37,한남****,,서울 성동구,일식-초밥/롤,옥수,20240207,,37.5409995,127.0151056,success,성동구,,,,,,,,,,,
ED815EC186,서울  성동구  옥수2동,양지***,,서울 성동구,한식-육류/고기,옥수,20000607,,37.5438285,127.013956,success,성동구,,,,,,,,,,,
D87CAF8855,서울특별시 성동구 한림말길 37,옥수*****,,서울 성동구,분식,옥수,20240906,,37.5409995,127.0151056,success,성동구,,,,,,,,,,,
94C8165F35,서울  성동구  옥수2동,전주*******,,서울 성동구,백반/가정식,옥수,19981207,,37.5438285,127.013956,success,성동구,,,,,,,,,,,
B7958D77E3,서울특별시 성동구 한림말길 56,포몬*****,동남아/인도음식5,서울 성동구,동남아/인도음식,옥수,20200630,,37.5409504,127.0173338,success,성동구,,,,,,,,,,,
147235F3A5,서울  성동구  옥수2동,돈까*,,서울 성동구,일식-덮밥/돈가스,옥수,20070314,,37.5438285,127.013956,success,성동구,,,,,,,,,,,
EFC23E5401,서울특별시 성동구 한림말길 48,오하****,,서울 성동구,베이커리,옥수,20170331,,37.5400237,127.0162449,success,성동구,,,,,,,,,,,
FBDA2A8798,서울  성동구  옥수2동,장군**,,서울 성동구,한식-육류/고기,옥수,20021109,,37.5438285,127.013956,success,성동구,,,,,,,,,,,
BC088F9E92,서울특별시 성동구 한림말길 31,동보*,,서울 성동구,중식당,옥수,20190610,,37.5411484,127.0146162,success,성동구,,,,,,,,,,,
8BFDD0339E,서울특별시 성동구 한림말길 31,카페*******,,서울 성동구,카페,옥수,20231124,,37.5411484,127.0146162,success,성동구,,,,,,,,,,,
3481C0108F,서울특별시 성동구 한림말길 33,옥수**,,서울 성동구,일식-참치회,옥수,20170913,,37.5409307,127.014767,success,성동구,,,,,,,,,,,
F4696BFFD9,서울특별시 성동구 고산자로 284,그린*,,서울 성동구,백반/가정식,왕십리,20221124,,37.5649229,127.0368108,success,성동구,,,,,,,,,,,
5BE883AA16,서울  성동구  옥수2동,극동*****,,서울 성동구,축산물,,19941128,,37.5438285,127.013956,success,성동구,,,,,,,,,,,
E684B115A0,서울특별시 성동구 한림말길 31,우주**,,서울 성동구,백반/가정식,옥수,20210927,,37.5411484,127.0146162,success,성동구,,,,,,,,,,,
8749D150F3,서울  성동구  상원6길,오가******,,서울 성동구,한식-해물/생선,뚝섬,20111103,,37.5486647,127.0494262,success,성동구,,,,,,,,,,,
5B646D947B,서울  성동구  응봉동,풀무*********,식료품3,서울 성동구,식료품,,20120608,,37.5515276,127.0330901,success,성동구,,,,,,,,,,,
6D8F7BBA89,서울  성동구  용답동,고향**,,서울 성동구,한식-단품요리일반,장한평자동차,20030421,,37.5602836,127.0556556,success,성동구,,,,,,,,,,,
875116B12A,서울  성동구  응봉동,단아**,,서울 성동구,떡/한과 제조,,20070417,,37.5515276,127.0330901,success,성동구,,,,,,,,,,,
82F292A867,서울  성동구  송정동,델리**,,서울 성동구,식료품,,20090904,,37.5525301,127.064491,success,성동구,,,,,,,,,,,
6E87D8EF74,서울  성동구  상원길,담바*,,서울 성동구,한식-육류/고기,뚝섬,20140318,,37.5485847,127.0481967,success,성동구,,,,,,,,,,,
9D085B6A2F,서울  성동구  용답동,동부**,,서울 성동구,백반/가정식,장한평자동차,20110329,,37.5602836,127.0556556,success,성동구,,,,,,,,,,,
7B038FEF47,서울특별시 성동구 왕십리로14길 30-11,포어**,,서울 성동구,카페,뚝섬,20220705,,37.5482373,127.047502,success,성동구,,,,,,,,,,,
BDEBB09D4F,서울  성동구  송정동,본토****,,서울 성동구,한식-육류/고기,,20100817,,37.5525301,127.064491,success,성동구,,,,,,,,,,,
EE8D458B93,서울  성동구  무학로,와이***********,,서울 성동구,축산물,,20121109,,37.5671856,127.030007,success,성동구,,,,,,,,,,,
69EE47A25B,서울  성동구  상원길,피자********,피자8,서울 성동구,피자,뚝섬,20121231,,37.5485847,127.0481967,success,성동구,,,,,,,,,,,
1F5C564B04,서울  성동구  상원길,맛드*,,서울 성동구,반찬,뚝섬,20130410,,37.5485847,127.0481967,success,성동구,,,,,,,,,,,
8425C2D133,서울  성동구  마장동,몽실******,,서울 성동구,한식-육류/고기,마장동,20110506,,37.5669747,127.040228,success,성동구,,,,,,,,,,,
AC6B3827B8,서울  성동구  마장동,훈희***,,서울 성동구,한식-육류/고기,마장동,20090122,,37.5669747,127.040228,success,성동구,,,,,,,,,,,
11B0AA1C3B,서울  성동구  마장동,동원**,,서울 성동구,한식-단품요리일반,왕십리,20011022,,37.5669747,127.040228,success,성동구,,,,,,,,,,,
21C4BDD140,서울  성동구  마장동,순대**,,서울 성동구,한식-국밥/설렁탕,마장동,20051223,,37.5669747,127.040228,success,성동구,,,,,,,,,,,
1900B33A12,서울  성동구  마장동,삼대**,한식-냉면1,서울 성동구,한식-냉면,,20081008,,37.5669747,127.040228,success,성동구,,,,,,,,,,,
99730CC7C5,서울  성동구  마장동,진*,,서울 성동구,요리주점,왕십리,20000420,,37.5669747,127.040228,success,성동구,,,,,,,,,,,
87569153FF,서울  성동구  마장동,원조***,,서울 성동구,한식-육류/고기,,20050201,,37.5669747,127.040228,success,성동구,,,,,,,,,,,
112C9E0C52,서울  성동구  마장동,대구*,,서울 성동구,백반/가정식,마장동,20140211,,37.5669747,127.040228,success,성동구,,,,,,,,,,,
319880C87E,서울  성동구  마장동,한일**,,서울 성동구,축산물,마장동,20120312,,37.5669747,127.040228,success,성동구,,,,,,,,,,,
D5CFCB32BA,서울  성동구  마장동,희망**,,서울 성동구,축산물,,20110720,,37.5669747,127.040228,success,성동구,,,,,,,,,,,
57AEEDF72B,서울  성동구  마장동,파리**********,베이커리10,서울 성동구,베이커리,마장동,20110112,,37.5669747,127.040228,success,성동구,,,,,,,,,,,
95E0DF59CC,서울특별시 성동구 장터5길 9-1,키친***************,,서울 성동구,양식,금남시장,20191128,,37.5491823,127.0213088,success,성동구,,,,,,,,,,,
A6277E8E47,서울  성동구  마장동,세계**,,서울 성동구,축산물,마장동,20120911,,37.5669747,127.040228,success,성동구,,,,,,,,,,,
3E61C339E2,서울  성동구  마장동,세화**,,서울 성동구,축산물,,20020924,,37.5669747,127.040228,success,성동구,,,,,,,,,,,
"1400634946",서울  성동구  마장동,한일**,,서울 성동구,중식당,,20040728,,37.5669747,127.040228,success,성동구,,,,,,,,,,,
8941E2A3A0,서울  성동구  마장동,광*,,서울 성동구,축산물,,20090304,,37.5669747,127.040228,success,성동구,,,,,,,,,,,
451CF53207,서울특별시 성동구 용답중앙11길 18-1,왕갈****,,서울 성동구,한식-국수/만두,답십리,20220715,,37.5663455,127.0524885,success,성동구,,,,,,,,,,,
B81D338DB6,서울  성동구  마장동,대성**,축산물2,서울 성동구,축산물,마장동,20030819,,37.5669747,127.040228,success,성동구,,,,,,,,,,,
3C5DFF3840,서울특별시 성동구 용답중앙11길 16-1,소담**,,서울 성동구,분식,답십리,20190415,,37.5661843,127.0523133,success,성동구,,,,,,,,,,,
888828B4FB,서울  성동구  마장동,현대**,,서울 성동구,식료품,,20070420,,37.5669747,127.040228,success,성동구,,,,,,,,,,,
5017C6924A,서울  성동구  마장동,도미********,피자2,서울 성동구,피자,,20100723,,37.5669747,127.040228,success,성동구,,,,,,,,,,,
5AEEA3B4EF,서울  성동구  마장동,한양**,,서울 성동구,식료품,,20101008,,37.5669747,127.040228,success,성동구,,,,,,,,,,,
"06C463E9D9",서울  성동구  마장동,청계**,,서울 성동구,식료품,,20070704,,37.5669747,127.040228,success,성동구,,,,,,,,,,,
3E35A71757,서울  성동구  마장동,멕시*****,치킨19,서울 성동구,치킨,,20050830,,37.5669747,127.040228,success,성동구,,,,,,,,,,,
BE3EAEA415,서울 성동구 용답동,별난**,,서울 성동구,한식-국수/만두,답십리,20140107,,37.5602836,127.0556556,success,성동구,,,,,,,,,,,
145BA84596,서울 성동구 사근동,고향***,,서울 성동구,한식-찌개/전골,한양대,20140618,,37.5595968,127.0449623,success,성동구,,,,,,,,,,,
761947ABD9,서울 성동구 마장동,호남*,,서울 성동구,한식-육류/고기,마장동,20130531,,37.5669747,127.040228,success,성동구,,,,,,,,,,,
BAACCE3A2C,서울 성동구 용답동,좋은**,,서울 성동구,식료품,장한평자동차,20130305,,37.5602836,127.0556556,success,성동구,,,,,,,,,,,
27C88660A5,서울 성동구 송정동,북*,,서울 성동구,중식당,,20141217,,37.5525301,127.064491,success,성동구,,,,,,,,,,,
4117EDDE9C,서울 성동구 마장동,한울**,,서울 성동구,축산물,마장동,20151211,,37.5669747,127.040228,success,성동구,,,,,,,,,,,
68308F2746,서울 성동구 마장동,통일**,,서울 성동구,축산물,마장동,20151124,,37.5669747,127.040228,success,성동구,,,,,,,,,,,
9A71D71270,서울 성동구 마장동,미림**,,서울 성동구,식품 제조,,20170817,,37.5669747,127.040228,success,성동구,,,,,,,,,,,
281CA527F1,서울 성동구 마장동,대광**,,서울 성동구,축산물,마장동,20170222,,37.5669747,127.040228,success,성동구,,,,,,,,,,,
16184E93D9,서울 성동구 마장동,성우**,,서울 성동구,축산물,마장동,20130320,,37.5669747,127.040228,success,성동구,,,,,,,,,,,
"0074C4990A",서울 성동구 마장동,대용**,,서울 성동구,축산물,마장동,20140512,,37.5669747,127.040228,success,성동구,,,,,,,,,,,
4D039EA8B7,서울 성동구 마장동,대보**,,서울 성동구,축산물,마장동,20131122,,37.5669747,127.040228,success,성동구,,,,,,,,,,,
C95A3B0715,서울특별시 성동구 동일로43길 1,지하***,,서울 성동구,백반/가정식,,20200812,,37.5534771,127.0699501,success,성동구,,,,,,,,,,,
CD542717CA,서울특별시 성동구 동일로57길 9,군자**,,서울 성동구,식료품,,20180828,,37.5571954,127.071165,success,성동구,,,,,,,,,,,
5F4BD315F9,서울특별시 성동구 동일로55길 3,팔분***,,서울 성동구,한식-육류/고기,,20241118,,37.5564174,127.0714622,success,성동구,,,,,,,,,,,
96A00BF6D0,서울 성동구 동호로 93 .,파리********,베이커리10,서울 성동구,베이커리,,20240426,,37.5475825,127.0153409,success,성동구,,,,,,,,,,,
90644ECF42,서울특별시 성동구 독서당로 434,위치***,,서울 성동구,카페,,20210805,,37.5530013,127.0335419,success,성동구,,,,,,,,,,,
E1B7CDD2A1,서울 성동구 동호로 93 .,비에***************,치킨3,서울 성동구,치킨,,20061019,,37.5475825,127.0153409,success,성동구,,,,,,,,,,,
69756C0A85,서울특별시 성동구 동일로 257-1,테라**,,서울 성동구,카페,,20200528,,37.5546797,127.0707858,success,성동구,,,,,,,,,,,
129842CE2F,서울특별시 성동구 왕십리로14길 32-3,홍천**,,서울 성동구,백반/가정식,뚝섬,20200821,,37.5484463,127.0474209,success,성동구,,,,,,,,,,,
DA3FBABC19,서울특별시 성동구 독서당로 381,비비********,,서울 성동구,한식-단품요리일반,,20231128,,37.5510465,127.0309542,success,성동구,,,,,,,,,,,
777479BC93,서울특별시 성동구 독서당로 434,참김***,,서울 성동구,분식,,20180123,,37.5530013,127.0335419,success,성동구,,,,,,,,,,,
19DC3A560D,서울 성동구 동호로 102.,더건***************,,서울 성동구,식품 제조,,20150312,20250717,37.5499627,127.0164391,success,성동구,,,,,,,,,,,
B2A47557AD,서울특별시 성동구 독서당로 398,교촌*******,치킨6,서울 성동구,치킨,,20231214,,37.5519304,127.0332646,success,성동구,,,,,,,,,,,
94864656C3,서울 성동구 동일로 265.,싱싱***,,서울 성동구,한식-육류/고기,,20150506,,37.5553239,127.07106,success,성동구,,,,,,,,,,,
641883F244,서울특별시 성동구 독서당로 377,작*,,서울 성동구,한식-육류/고기,,20170705,,37.5510465,127.0309542,success,성동구,,,,,,,,,,,
166A58D2FD,서울특별시 성동구 독서당로 375,더(************,,서울 성동구,아이스크림/빙수,,20211018,,37.5502517,127.0295016,success,성동구,,,,,,,,,,,
6DF56DD3F4,서울 성동구 금호로 40 .,커스*******,,서울 성동구,커피전문점,,20160202,,37.5468032,127.0265652,success,성동구,,,,,,,,,,,
7E78A7C976,서울특별시 성동구 독서당로 381,이디******,커피전문점6,서울 성동구,커피전문점,,20210421,,37.5510465,127.0309542,success,성동구,,,,,,,,,,,
4EFDFC6E78,서울 성동구 금호산길 71,전주**,,서울 성동구,백반/가정식,신금호,20011207,,37.5545502,127.0196011,success,성동구,,,,,,,,,,,
132DD33068,서울특별시 성동구 독서당로 381,파파*,,서울 성동구,분식,,20180702,,37.5510465,127.0309542,success,성동구,,,,,,,,,,,
EBA77DE1F3,서울특별시 성동구 독서당로 337,무진****,,서울 성동구,한식-육류/고기,,20181029,,37.5481684,127.0267078,success,성동구,,,,,,,,,,,
55F3EC2326,서울 성동구 금호로 102.,가츠**,,서울 성동구,양식,,20130827,,37.5518565,127.0271162,success,성동구,,,,,,,,,,,
2F4B0C323E,서울특별시 성동구 독서당로 336,우리***************,,서울 성동구,한식-육류/고기,,20230626,,37.5477245,127.0265311,success,성동구,,,,,,,,,,,
921F25CC9D,서울 성동구 금호로 100.,현준**,,서울 성동구,청과물,,20160309,,37.5518565,127.0271162,success,성동구,,,,,,,,,,,
B9CF9A1A80,서울특별시 성동구 독서당로 344,마피****,카페3,서울 성동구,카페,,20180528,,37.5468032,127.0265652,success,성동구,,,,,,,,,,,
AB0A569DCA,서울 성동구 금호로 168.,먹태**,,서울 성동구,호프/맥주,신금호,20150812,,37.5558161,127.0201378,success,성동구,,,,,,,,,,,
7CD2C4CE8C,서울특별시 성동구 독서당로 339,오똔*,,서울 성동구,카페,,20240227,,37.5481802,127.0269137,success,성동구,,,,,,,,,,,
D66D8AD118,서울 성동구 금호로 164.,청과****,,서울 성동구,청과물,신금호,20050117,,37.5555,127.0201793,success,성동구,,,,,,,,,,,
E9547BAC81,서울특별시 성동구 독서당로 336,공용**,,서울 성동구,식료품,,20200306,,37.5477245,127.0265311,success,성동구,,,,,,,,,,,
BCE250D47B,서울 성동구 금호로 100.,한*,,서울 성동구,농산물,,20141112,,37.5518565,127.0271162,success,성동구,,,,,,,,,,,
15E95AF364,서울 강남구 선릉로 711.,잭슨******,,서울 성동구,피자,,20211025,,37.5183995,127.0406021,success,강남구,,,,,,,,,,,
E4313DDAAD,서울  성동구  금호동4가,곽가*****,,서울 성동구,백반/가정식,금남시장,20110520,,37.545465,127.0243047,success,성동구,,,,,,,,,,,
9676392FCC,서울  성동구  금호동3가,은진***,,서울 성동구,건어물,금남시장,20090324,,37.549893,127.0195641,success,성동구,,,,,,,,,,,
15EE2AE836,서울  성동구  금호동3가,조아*******,,서울 성동구,담배,금남시장,20110127,,37.549893,127.0195641,success,성동구,,,,,,,,,,,
DA3D8B1FB0,서울  성동구  금호동4가,브레*****,,서울 성동구,건강식품,,19980124,,37.545465,127.0243047,success,성동구,,,,,,,,,,,
4B2AF6047C,서울  성동구  금호동3가,은성**,,서울 성동구,한식-육류/고기,금남시장,20031013,,37.549893,127.0195641,success,성동구,,,,,,,,,,,
64632B784A,서울특별시 성동구 독서당로 270,유류**,,서울 성동구,백반/가정식,,20171123,,37.5459724,127.0196834,success,성동구,,,,,,,,,,,
9DBBC0BC17,서울특별시 성동구 독서당로 270,윌로**,,서울 성동구,커피전문점,금남시장,20190108,,37.5459724,127.0196834,success,성동구,,,,,,,,,,,
E9C5B231DE,서울특별시 성동구 독서당로 276,고돼*****,,서울 성동구,한식-단품요리일반,금남시장,20231127,,37.5470605,127.0199432,success,성동구,,,,,,,,,,,
C21A5454F4,서울  성동구  금호동2가,우리**,,서울 성동구,미곡상,신금호,20110314,,37.5530275,127.020416,success,성동구,,,,,,,,,,,
8EE88EAB44,서울특별시 성동구 독서당로 274,동구**,,서울 성동구,백반/가정식,금남시장,20230828,,37.5469667,127.0197972,success,성동구,,,,,,,,,,,
1F08E8119D,서울 성동구 행당로 87.,비타***,청과물1,서울 성동구,청과물,행당,20160108,,37.5579013,127.0271186,success,성동구,,,,,,,,,,,
"07E426EE6F",서울특별시 성동구 독서당로 227,더올**,,서울 성동구,한식-단품요리일반,옥수,20180412,,37.5464206,127.0217636,success,성동구,,,,,,,,,,,
D731C6D372,서울 성동구 행당로 84.,커피********,커피전문점9,서울 성동구,커피전문점,행당,20150910,,37.5558801,127.0292075,success,성동구,,,,,,,,,,,
A8288C7C45,서울특별시 성동구 독서당로 270,마케***,,서울 성동구,이자카야,금남시장,20220413,,37.5459724,127.0196834,success,성동구,,,,,,,,,,,
5B3DE5F17F,서울 성동구 행당로 87.,방가*****,,서울 성동구,한식-육류/고기,행당,20150821,,37.5579013,127.0271186,success,성동구,,,,,,,,,,,
BB508E9B60,서울특별시 성동구 독서당로 269,아우***************,,서울 성동구,카페,금남시장,20210323,,37.5470744,127.019268,success,성동구,,,,,,,,,,,
DFC09E5F2A,서울 성동구 행당로 87.,빵굼*,베이커리6,서울 성동구,베이커리,행당,20130304,,37.5579013,127.0271186,success,성동구,,,,,,,,,,,
"8123742D88",서울특별시 성동구 독서당로 223,예당**,,서울 성동구,축산물,,20220922,,37.5449597,127.0138463,success,성동구,,,,,,,,,,,
EB66B019B5,서울 성동구 행당로 79.,카페*********,,서울 성동구,카페,행당,20160621,,37.5579013,127.0271186,success,성동구,,,,,,,,,,,
"0CCC996EB3",서울특별시 성동구 독서당로 223,커피******,,서울 성동구,카페,,20240723,,37.5449597,127.0138463,success,성동구,,,,,,,,,,,
3114F5BFDA,서울 성동구 행당로 76.,도담**,,서울 성동구,인삼제품,행당,20131028,,37.5558801,127.0292075,success,성동구,,,,,,,,,,,
66317DF98C,서울 성동구 행당로 84.,치치****,,서울 성동구,주류,행당,20210506,,37.5558801,127.0292075,success,성동구,,,,,,,,,,,
F1157A79D0,서울특별시 성동구 독서당로 223,투썸***********,커피전문점13,서울 성동구,커피전문점,,20211013,,37.5449597,127.0138463,success,성동구,,,,,,,,,,,
CA28FD6B8A,서울 성동구 행당로 82.,왕십***,,서울 성동구,미곡상,행당,20140818,,37.5558801,127.0292075,success,성동구,,,,,,,,,,,
ED35FCD6A1,서울특별시 성동구 독서당로 216,테이********************,,서울 성동구,커피전문점,옥수,20210524,,37.5435737,127.0147792,success,성동구,,,,,,,,,,,
BD1FD7F407,서울 성동구 행당로 103,바르********,분식10,서울 성동구,분식,행당,20141204,,37.5579834,127.0302558,success,성동구,,,,,,,,,,,
CF4878F0AB,서울특별시 성동구 독서당로 208,푸라*****,한식-육류/고기29,서울 성동구,한식-육류/고기,옥수,20230830,,37.5432909,127.0139815,success,성동구,,,,,,,,,,,
5266257AE8,서울특별시 성동구 독서당로 223,김가*,분식1,서울 성동구,분식,,20171031,,37.5449597,127.0138463,success,성동구,,,,,,,,,,,
41405E4F25,서울특별시 성동구 독서당로 194,라폰*,,서울 성동구,백반/가정식,옥수,20221206,,37.5426526,127.0126492,success,성동구,,,,,,,,,,,
5C312171F4,서울특별시 성동구 독서당로 194,디핀**,,서울 성동구,양식,옥수,20210702,,37.5426526,127.0126492,success,성동구,,,,,,,,,,,
9F524F74CC,서울특별시 성동구 독서당로 194,푸른****,,서울 성동구,한식-해물/생선,옥수,20210928,,37.5426526,127.0126492,success,성동구,,,,,,,,,,,
D3C7D7CE86,서울특별시 성동구 독서당로 194,명가***,한식-국수/만두5,서울 성동구,한식-국수/만두,옥수,20181122,,37.5426526,127.0126492,success,성동구,,,,,,,,,,,
5828134AC4,서울특별시 성동구 독서당로 187,영 ****,,서울 성동구,베이커리,,20210721,,37.5432656,127.0115516,success,성동구,,,,,,,,,,,
B4FE75E894,서울특별시 성동구 독서당로 187,달콤***,,서울 성동구,식료품,,20200519,,37.5432656,127.0115516,success,성동구,,,,,,,,,,,
4BF4E76EB1,서울특별시 성동구 독서당로 192,열정**,,서울 성동구,축산물,옥수,20180404,,37.5425725,127.0125585,success,성동구,,,,,,,,,,,
61D516DBB4,서울특별시 성동구 독서당로 188,어게*************************,,서울 성동구,와인바,옥수,20201201,,37.5422608,127.0121775,success,성동구,,,,,,,,,,,
"6821430102",서울특별시 성동구 독서당로 177,일그********,,서울 성동구,베이커리,,20200212,,37.5418705,127.0111231,success,성동구,,,,,,,,,,,
CD0848A352,서울 성동구 상원길 39.,쥬씨*****,주스1,서울 성동구,주스,뚝섬,20160718,,37.5478813,127.0477938,success,성동구,,,,,,,,,,,
"9092940228",서울 성동구 상원길 39.,하이***,,서울 성동구,분식,뚝섬,20150708,,37.5478813,127.0477938,success,성동구,,,,,,,,,,,
C1C544732B,서울특별시 성동구 독서당로 187,피오******,,서울 성동구,주류,,20210707,,37.5432656,127.0115516,success,성동구,,,,,,,,,,,
EC5DF75B11,서울 성동구 상원길 59.,신전***,분식12,서울 성동구,분식,뚝섬,20160622,,37.5495115,127.0471105,success,성동구,,,,,,,,,,,
E4A76A9E0C,서울특별시 성동구 독서당로 177,뱅뱅******,,서울 성동구,아이스크림/빙수,,20240105,,37.5418705,127.0111231,success,성동구,,,,,,,,,,,
DA1B23659C,서울 성동구 상원길 51.,종로**,,서울 성동구,떡/한과 제조,뚝섬,20131204,,37.5486656,127.0480459,success,성동구,,,,,,,,,,,
674011F2F1,서울특별시 성동구 독서당로 160,스위*,,서울 성동구,카페,옥수,20220609,,37.5397394,127.0141579,success,성동구,,,,,,,,,,,
C37E3670B1,서울특별시 성동구 난계로 101-1,더(*************,,서울 성동구,식료품,,20210203,,37.5610338,127.0237192,success,성동구,,,,,,,,,,,
F425FD13E4,서울 성동구 상원1길 15,돈벼***,,서울 성동구,한식-육류/고기,뚝섬,19991015,,37.5451426,127.0486877,success,성동구,,,,,,,,,,,
B6CE608009,서울특별시 성동구 금호산8길 13,우리**,,서울 성동구,식료품,금남시장,20240530,,37.5503253,127.0218814,success,성동구,,,,,,,,,,,
E961D9800C,서울 성동구 상왕십리동,옐로************,,서울 성동구,한식-단품요리일반,,20211109,,37.568436,127.0247973,success,성동구,,,,,,,,,,,
3D05D0CBE9,서울 성동구 상왕십리동,일미**********,한식-육류/고기21,서울 성동구,한식-육류/고기,,20140812,,37.568436,127.0247973,success,성동구,,,,,,,,,,,
45FEE5DBC4,서울특별시 성동구 금호로13길 3,더커**************************,,서울 성동구,카페,신금호,20220728,,37.5550393,127.0196502,success,성동구,,,,,,,,,,,
50832A2B37,서울 성동구 사근동길 4,비*,,서울 성동구,한식-찌개/전골,한양대,20090729,,37.5599448,127.0415495,success,성동구,,,,,,,,,,,
56F352C52C,서울 성동구 무학로 33.,퀸타*****,,서울 성동구,베이커리,,20161118,,37.5685653,127.0279662,success,성동구,,,,,,,,,,,
158EC80184,서울 성동구 무학로 33.,푸른**,,서울 성동구,축산물,,20241210,,37.5685653,127.0279662,success,성동구,,,,,,,,,,,
"0507C6C859",서울특별시 성동구 금호로 148-1,가띠**,,서울 성동구,샌드위치/토스트,신금호,20230817,20250819,37.5543553,127.0205469,success,성동구,,,,,,,,,,,
A8B5572DE8,서울 성동구 무학로 33.,애정***,,서울 성동구,백반/가정식,,20081215,,37.5685653,127.0279662,success,성동구,,,,,,,,,,,
8C57DE46AA,서울특별시 성동구 금호로 148-1,라쿵********,,서울 성동구,중식당,신금호,20201118,,37.5543553,127.0205469,success,성동구,,,,,,,,,,,
5FCE089938,서울 성동구 무학로 33.,이디******,커피전문점6,서울 성동구,커피전문점,,20161117,,37.5685653,127.0279662,success,성동구,,,,,,,,,,,
765AA249BB,서울 성동구 무학로 33.,좋은******,,서울 성동구,식료품,,20231120,,37.5685653,127.0279662,success,성동구,,,,,,,,,,,
B3E898AB24,서울 성동구 마조로 34.,본도*********,도시락2,서울 성동구,도시락,한양대,20141120,,37.5605734,127.0415023,success,성동구,,,,,,,,,,,
"05992E2BE5",서울 성동구 매봉길 13.,락앤*****,중식당1,서울 성동구,중식당,,20140507,,37.5468486,127.0133839,success,성동구,,,,,,,,,,,
64E401B0CC,서울 성동구 마조로 55.,청담**,,서울 성동구,반찬,,20160325,,37.5627147,127.0415088,success,성동구,,,,,,,,,,,
EC38BD01D9,서울 성동구 마장로 211,소대**,,서울 성동구,백반/가정식,왕십리,20140806,,37.5665675,127.0331892,success,성동구,,,,,,,,,,,
721715F255,서울 성동구 마장로 137,퍼멘*****,,서울 성동구,베이커리,,20200831,,37.5693623,127.0247156,success,성동구,,,,,,,,,,,
1674C40960,서울특별시 성동구 고산자로 294,하이*****,,서울 성동구,한식-육류/고기,왕십리,20210406,,37.5658056,127.0367796,success,성동구,,,,,,,,,,,
B93D0BD7EA,서울특별시 성동구 고산자로 284,마장**,,서울 성동구,한식-육류/고기,왕십리,20240930,,37.5649229,127.0368108,success,성동구,,,,,,,,,,,
93F595E5D2,서울 성동구 난계로 97.,삼미**,,서울 성동구,한식-단품요리일반,,20150121,,37.5608186,127.0235966,success,성동구,,,,,,,,,,,
8221C4D066,서울특별시 성동구 고산자로 284,봉평*******,,서울 성동구,한식-국수/만두,왕십리,20180724,,37.5649229,127.0368108,success,성동구,,,,,,,,,,,
572B665575,서울 성동구 난계로 35.,이디***********,커피전문점6,서울 성동구,커피전문점,,20161123,,37.5554974,127.0245702,success,성동구,,,,,,,,,,,
81135EEC23,서울특별시 성동구 고산자로 293,배들**,,서울 성동구,한식-찌개/전골,왕십리,20190705,,37.5658203,127.0360434,success,성동구,,,,,,,,,,,
46F56D0D63,서울특별시 성동구 고산자로 293,메가************,커피전문점2,서울 성동구,커피전문점,왕십리,20220519,,37.5658203,127.0360434,success,성동구,,,,,,,,,,,
EE91547CA3,서울특별시 성동구 무학봉길 42-1,반디****,,서울 성동구,양식,,20240925,,37.5603523,127.0274861,success,성동구,,,,,,,,,,,
245B7B99B2,서울특별시 성동구 무학봉길 41-1,빨간*********,피자4,서울 성동구,피자,,20231213,,37.5605028,127.0274075,success,성동구,,,,,,,,,,,
812F84AF3D,서울특별시 성동구 무학봉길 41-1,빨간********,피자4,서울 성동구,피자,,20221214,,37.5605028,127.0274075,success,성동구,,,,,,,,,,,
779A336040,서울 성동구 무학로2길 23-1,아라**,,서울 성동구,일식-참치회,왕십리,20100524,,37.5637765,127.0325785,success,성동구,,,,,,,,,,,
EBE0962975,서울특별시 성동구 무학봉15길 27,이디***********************,커피전문점6,서울 성동구,커피전문점,,20181227,,37.5636804,127.0301981,success,성동구,,,,,,,,,,,
F961D19759,서울 성동구 마조로3가길 21,이수***,,서울 성동구,한식-육류/고기,한양대,20080318,,37.5595151,127.0399746,success,성동구,,,,,,,,,,,
B7E66CE21B,서울 성동구 마장로42길 14.,달무**,,서울 성동구,반찬,,20120914,,37.5652954,127.0451834,success,성동구,,,,,,,,,,,
261CA88AD3,서울 성동구 마장로35나길 4,현대**,,서울 성동구,축산물,마장동,20130315,,37.5687163,127.0395723,success,성동구,,,,,,,,,,,
FF14F559B9,서울특별시 성동구 마조로3길 7-1,언더**************,,서울 성동구,한식-단품요리일반,한양대,20160624,,37.5584802,127.0396372,success,성동구,,,,,,,,,,,
6ECC011278,서울특별시 성동구 마조로3길 7-1,여*,,서울 성동구,이자카야,한양대,20230302,,37.5584802,127.0396372,success,성동구,,,,,,,,,,,
FA6BD5D16F,서울 성동구 마장로26길 16.,왕십****,,서울 성동구,한식-찌개/전골,왕십리,20140828,,37.5654086,127.0360797,success,성동구,,,,,,,,,,,
C6078C61EF,서울 성동구 마장로23길 4 .,대촌*,,서울 성동구,한식-육류/고기,,20020424,,37.5668369,127.0322197,success,성동구,,,,,,,,,,,
"0A21C8B332",서울특별시 성동구 마조로3가길 3,하쿠****,,서울 성동구,일식당,한양대,20181218,,37.558715,127.0397699,success,성동구,,,,,,,,,,,
34F9A062DD,서울 성동구 뚝섬로 385-32.,명태*,,서울 성동구,한식-해물/생선,성수,20150908,,37.539392,127.0543709,success,성동구,,,,,,,,,,,
ACC0BA1B1B,서울 성동구 뚝섬로 385-32.,육*,,서울 성동구,한식-육류/고기,성수,20130905,,37.539392,127.0543709,success,성동구,,,,,,,,,,,
85042E07C2,서울특별시 성동구 마조로19길 21,금룡***,,서울 성동구,중식당,,20191010,,37.5649328,127.039251,success,성동구,,,,,,,,,,,
E1FDBF2D4D,서울특별시 성동구 마조로11길 12,톤즈**,,서울 성동구,커피전문점,한양대,20230118,,37.5618929,127.0402409,success,성동구,,,,,,,,,,,
8A5378CE22,서울특별시 성동구 마조로11길 10,커피*,,서울 성동구,커피전문점,한양대,20211027,20250808,37.5618822,127.0404017,success,성동구,,,,,,,,,,,
"00FDB35E9C",서울특별시 성동구 마조로15길 19,작은**,,서울 성동구,카페,,20190129,,37.5636056,127.0395379,success,성동구,,,,,,,,,,,
"6779202960",서울특별시 성동구 마조로15길 16,와츠*,,서울 성동구,카페,,20230822,,37.5637771,127.0399751,success,성동구,,,,,,,,,,,
63FA0DEB58,서울특별시 성동구 마장로39길 51,계동**,치킨5,서울 성동구,치킨,,20190410,,37.5694214,127.0444362,success,성동구,,,,,,,,,,,
E04BA9BDD4,서울 성동구 고산자로2길 4.,축산***,,서울 성동구,축산물,,20020913,,37.5520089,127.035498,success,성동구,,,,,,,,,,,
C15F41870C,서울 성동구 고산자로2길 14,고고**,,서울 성동구,포장마차,,20240522,,37.5523145,127.0366276,success,성동구,,,,,,,,,,,
1F0AADBBB8,서울  성동구  왕십리로  38,채선*,일식-샤브샤브1,서울 성동구,일식-샤브샤브,,20120524,,37.5409624,127.0442777,success,성동구,,,,,,,,,,,
3C92DED4C1,서울  성동구  독서당로40길,신의*****,한식-육류/고기16,서울 성동구,한식-육류/고기,옥수,20121010,,37.5430172,127.0179168,success,성동구,,,,,,,,,,,
FA17812673,서울 성동구 행당로8길 13.,왕손***,,서울 성동구,백반/가정식,행당,20130624,,37.5574158,127.0311651,success,성동구,,,,,,,,,,,
2FC6C4F505,서울 성동구 행당로8길 5-1,늘푸****,,서울 성동구,건강원,행당,19981208,,37.5575194,127.0302719,success,성동구,,,,,,,,,,,
7DD84417BD,서울특별시 성동구 마장로35길 76,한*,,서울 성동구,한식-단품요리일반,,20240722,,37.5694591,127.0425481,success,성동구,,,,,,,,,,,
448BDB28BD,서울특별시 성동구 마장로35길 76,와&*,,서울 성동구,한식-단품요리일반,,20240314,,37.5694591,127.0425481,success,성동구,,,,,,,,,,,
"9192973649",서울특별시 성동구 마장로35길 76,대명******,,서울 성동구,축산물,,20230427,,37.5694591,127.0425481,success,성동구,,,,,,,,,,,
790D3285E3,서울특별시 성동구 마장로35길 76,값진**,,서울 성동구,축산물,,20220726,,37.5694591,127.0425481,success,성동구,,,,,,,,,,,
1B1710772B,서울 성동구 한림말길 31 .,DA********,,서울 성동구,베이커리,옥수,20120521,,37.5411484,127.0146162,success,성동구,,,,,,,,,,,
A03C9ACB92,서울특별시 성동구 마장로35길 76,전봇**,,서울 성동구,한식-육류/고기,,20240902,,37.5694591,127.0425481,success,성동구,,,,,,,,,,,
B239A919FA,서울특별시 성동구 마장로35길 76,고기**,,서울 성동구,축산물,,20231226,,37.5694591,127.0425481,success,성동구,,,,,,,,,,,
4261C5A667,서울특별시 성동구 마장로35길 76,하울**,,서울 성동구,카페,,20180220,,37.5694591,127.0425481,success,성동구,,,,,,,,,,,
3478DD65AA,서울특별시 성동구 마장로35길 76,한백****,,서울 성동구,축산물,,20210106,,37.5694591,127.0425481,success,성동구,,,,,,,,,,,
CF090D5B8C,서울특별시 성동구 마장로35길 76,한우**,,서울 성동구,축산물,,20190308,,37.5694591,127.0425481,success,성동구,,,,,,,,,,,
"0A14F6BC71",서울특별시 성동구 마장로35길 36,강진**,,서울 성동구,백반/가정식,마장동,20170424,,37.5687951,127.0393704,success,성동구,,,,,,,,,,,
216431492C,서울 성동구 청계천로 494.,Mr*****,,서울 성동구,한식-육류/고기,,20130916,,37.5687032,127.0316644,success,성동구,,,,,,,,,,,
74CE634D25,서울 성동구 청계천로 426.,여러***,,서울 성동구,포장마차,,20140917,,37.5709922,127.0244137,success,성동구,,,,,,,,,,,
D140A43C4D,서울 성동구 용답25길 6-11,금성**,,서울 성동구,농산물,답십리,20150119,,37.5615865,127.0541663,success,성동구,,,,,,,,,,,
622D27CE49,서울 성동구 용답중앙길 12,대광**,,서울 성동구,미곡상,답십리,20050411,,37.5676614,127.0495006,success,성동구,,,,,,,,,,,
66CF03A8B9,서울 성동구 왕십리로 410.,헬키*******,,서울 성동구,한식-단품요리일반,,20231103,,37.56611,127.0276467,success,성동구,,,,,,,,,,,
2D42F25855,서울 성동구 왕십리로 410.,희유****,,서울 성동구,탕후루,,20230829,,37.56611,127.0276467,success,성동구,,,,,,,,,,,
B7C6FE8E60,서울 성동구 왕십리로 410.,희낭**,,서울 성동구,카페,,20240709,,37.56611,127.0276467,success,성동구,,,,,,,,,,,
FBC1A0EE75,서울 성동구 왕십리로 410.,카츠*,,서울 성동구,일식-덮밥/돈가스,,20170308,,37.56611,127.0276467,success,성동구,,,,,,,,,,,
5B15CE4AD1,서울 성동구 왕십리로 410.,신의******,한식-육류/고기16,서울 성동구,한식-육류/고기,,20181114,,37.56611,127.0276467,success,성동구,,,,,,,,,,,
"8866726E15",서울특별시 성동구 마장로26길 13,노무*,,서울 성동구,와인바,왕십리,20230130,,37.5657138,127.0358781,success,성동구,,,,,,,,,,,
AC58EEAF8F,서울 성동구 왕십리로 357.,피자********,피자8,서울 성동구,피자,,20150204,,37.5638005,127.0302686,success,성동구,,,,,,,,,,,
2541119B6A,서울 성동구 왕십리로 340.,백남********,,서울 성동구,한식-단품요리일반,왕십리,20190813,,37.5633425,127.0324297,success,성동구,,,,,,,,,,,
17FCA23DD7,서울 성동구 왕십리로 410.,카페****,,서울 성동구,카페,,20140110,,37.56611,127.0276467,success,성동구,,,,,,,,,,,
